<?xml version="1.0"?>
<gpx xmlns="http://www.topografix.com/GPX/1/1" xmlns:xsi="http://www.w3.org/2001/XMLSchema-instance" version="1.1" creator="AllTrails.com" xsi:schemaLocation="http://www.topografix.com/GPX/1/1 http://www.topografix.com/GPX/1/1/gpx.xsd">
  <metadata>
    <name><![CDATA[769 - Česmina]]></name>
    <desc><![CDATA[]]></desc>
    <link href="http://www.alltrails.com">
      <text>AllTrails, LLC</text>
    </link>
    <bounds minlat="43.27799" minlon="16.67135" maxlat="43.32713" maxlon="16.75837"/>
  </metadata>
  <trk>
    <name><![CDATA[769 - Česmina]]></name>
    <src>AllTrails</src>
    <trkseg>
      <trkpt lat="43.28705" lon="16.7169">
        <ele>399.24</ele>
      </trkpt>
      <trkpt lat="43.28704" lon="16.7169">
        <ele>399.31</ele>
      </trkpt>
      <trkpt lat="43.28703" lon="16.71691">
        <ele>399.38</ele>
      </trkpt>
      <trkpt lat="43.28699" lon="16.71691">
        <ele>399.67</ele>
      </trkpt>
      <trkpt lat="43.28686" lon="16.71683">
        <ele>399.52</ele>
      </trkpt>
      <trkpt lat="43.28664" lon="16.71665">
        <ele>399.4</ele>
      </trkpt>
      <trkpt lat="43.2865" lon="16.71651">
        <ele>402.42</ele>
      </trkpt>
      <trkpt lat="43.28644" lon="16.71642">
        <ele>404.44</ele>
      </trkpt>
      <trkpt lat="43.28617" lon="16.71603">
        <ele>411.93</ele>
      </trkpt>
      <trkpt lat="43.28584" lon="16.71546">
        <ele>416.05</ele>
      </trkpt>
      <trkpt lat="43.2855" lon="16.71483">
        <ele>418.74</ele>
      </trkpt>
      <trkpt lat="43.28522" lon="16.71448">
        <ele>421.27</ele>
      </trkpt>
      <trkpt lat="43.28496" lon="16.71429">
        <ele>414.5</ele>
      </trkpt>
      <trkpt lat="43.2849" lon="16.71426">
        <ele>413.08</ele>
      </trkpt>
      <trkpt lat="43.28445" lon="16.71406">
        <ele>404.25</ele>
      </trkpt>
      <trkpt lat="43.28398" lon="16.71387">
        <ele>410.75</ele>
      </trkpt>
      <trkpt lat="43.28393" lon="16.71385">
        <ele>411.93</ele>
      </trkpt>
      <trkpt lat="43.28376" lon="16.71379">
        <ele>412.48</ele>
      </trkpt>
      <trkpt lat="43.28367" lon="16.71376">
        <ele>412.17</ele>
      </trkpt>
      <trkpt lat="43.28355" lon="16.71371">
        <ele>411.92</ele>
      </trkpt>
      <trkpt lat="43.28334" lon="16.71364">
        <ele>412.86</ele>
      </trkpt>
      <trkpt lat="43.28323" lon="16.7136">
        <ele>412.99</ele>
      </trkpt>
      <trkpt lat="43.28315" lon="16.71357">
        <ele>413.05</ele>
      </trkpt>
      <trkpt lat="43.28312" lon="16.71355">
        <ele>413.12</ele>
      </trkpt>
      <trkpt lat="43.28297" lon="16.7135">
        <ele>415.0</ele>
      </trkpt>
      <trkpt lat="43.28285" lon="16.71345">
        <ele>417.16</ele>
      </trkpt>
      <trkpt lat="43.28278" lon="16.71343">
        <ele>418.31</ele>
      </trkpt>
      <trkpt lat="43.28255" lon="16.71337">
        <ele>416.6</ele>
      </trkpt>
      <trkpt lat="43.28252" lon="16.71337">
        <ele>416.4</ele>
      </trkpt>
      <trkpt lat="43.28233" lon="16.71336">
        <ele>416.19</ele>
      </trkpt>
      <trkpt lat="43.28235" lon="16.71336">
        <ele>416.19</ele>
      </trkpt>
      <trkpt lat="43.28234" lon="16.71336">
        <ele>416.19</ele>
      </trkpt>
      <trkpt lat="43.28231" lon="16.71337">
        <ele>416.26</ele>
      </trkpt>
      <trkpt lat="43.28229" lon="16.71339">
        <ele>416.41</ele>
      </trkpt>
      <trkpt lat="43.28229" lon="16.71349">
        <ele>417.13</ele>
      </trkpt>
      <trkpt lat="43.2823" lon="16.71356">
        <ele>417.63</ele>
      </trkpt>
      <trkpt lat="43.28231" lon="16.71377">
        <ele>417.64</ele>
      </trkpt>
      <trkpt lat="43.28231" lon="16.71382">
        <ele>417.52</ele>
      </trkpt>
      <trkpt lat="43.2823" lon="16.71415">
        <ele>416.76</ele>
      </trkpt>
      <trkpt lat="43.28229" lon="16.71426">
        <ele>417.51</ele>
      </trkpt>
      <trkpt lat="43.28232" lon="16.71444">
        <ele>418.96</ele>
      </trkpt>
      <trkpt lat="43.28234" lon="16.7145">
        <ele>419.28</ele>
      </trkpt>
      <trkpt lat="43.28236" lon="16.71456">
        <ele>419.62</ele>
      </trkpt>
      <trkpt lat="43.28238" lon="16.71462">
        <ele>419.99</ele>
      </trkpt>
      <trkpt lat="43.28244" lon="16.71473">
        <ele>420.73</ele>
      </trkpt>
      <trkpt lat="43.28246" lon="16.71479">
        <ele>420.4</ele>
      </trkpt>
      <trkpt lat="43.28248" lon="16.71486">
        <ele>419.97</ele>
      </trkpt>
      <trkpt lat="43.28251" lon="16.715">
        <ele>418.89</ele>
      </trkpt>
      <trkpt lat="43.28253" lon="16.71506">
        <ele>417.84</ele>
      </trkpt>
      <trkpt lat="43.28257" lon="16.71522">
        <ele>415.28</ele>
      </trkpt>
      <trkpt lat="43.28257" lon="16.7153">
        <ele>414.3</ele>
      </trkpt>
      <trkpt lat="43.28254" lon="16.71555">
        <ele>412.05</ele>
      </trkpt>
      <trkpt lat="43.28254" lon="16.71564">
        <ele>411.48</ele>
      </trkpt>
      <trkpt lat="43.28253" lon="16.71581">
        <ele>410.37</ele>
      </trkpt>
      <trkpt lat="43.28252" lon="16.71589">
        <ele>410.13</ele>
      </trkpt>
      <trkpt lat="43.2825" lon="16.71614">
        <ele>410.0</ele>
      </trkpt>
      <trkpt lat="43.28247" lon="16.71639">
        <ele>410.0</ele>
      </trkpt>
      <trkpt lat="43.28247" lon="16.71665">
        <ele>408.96</ele>
      </trkpt>
      <trkpt lat="43.28245" lon="16.71673">
        <ele>408.59</ele>
      </trkpt>
      <trkpt lat="43.28239" lon="16.71687">
        <ele>407.87</ele>
      </trkpt>
      <trkpt lat="43.28206" lon="16.71735">
        <ele>402.93</ele>
      </trkpt>
      <trkpt lat="43.28184" lon="16.71747">
        <ele>401.85</ele>
      </trkpt>
      <trkpt lat="43.28179" lon="16.71752">
        <ele>402.18</ele>
      </trkpt>
      <trkpt lat="43.2817" lon="16.71761">
        <ele>402.84</ele>
      </trkpt>
      <trkpt lat="43.28163" lon="16.7177">
        <ele>403.54</ele>
      </trkpt>
      <trkpt lat="43.2816" lon="16.71776">
        <ele>404.1</ele>
      </trkpt>
      <trkpt lat="43.28157" lon="16.71788">
        <ele>404.96</ele>
      </trkpt>
      <trkpt lat="43.2815" lon="16.71803">
        <ele>405.87</ele>
      </trkpt>
      <trkpt lat="43.28149" lon="16.71808">
        <ele>406.23</ele>
      </trkpt>
      <trkpt lat="43.28145" lon="16.71817">
        <ele>407.15</ele>
      </trkpt>
      <trkpt lat="43.28135" lon="16.71826">
        <ele>407.93</ele>
      </trkpt>
      <trkpt lat="43.28114" lon="16.71828">
        <ele>406.63</ele>
      </trkpt>
      <trkpt lat="43.28098" lon="16.7183">
        <ele>405.75</ele>
      </trkpt>
      <trkpt lat="43.28089" lon="16.71834">
        <ele>405.51</ele>
      </trkpt>
      <trkpt lat="43.28081" lon="16.71844">
        <ele>406.74</ele>
      </trkpt>
      <trkpt lat="43.2808" lon="16.71848">
        <ele>407.42</ele>
      </trkpt>
      <trkpt lat="43.28079" lon="16.71851">
        <ele>407.96</ele>
      </trkpt>
      <trkpt lat="43.28079" lon="16.71856">
        <ele>408.7</ele>
      </trkpt>
      <trkpt lat="43.28079" lon="16.71855">
        <ele>408.55</ele>
      </trkpt>
      <trkpt lat="43.28079" lon="16.71856">
        <ele>408.7</ele>
      </trkpt>
      <trkpt lat="43.28079" lon="16.71861">
        <ele>409.45</ele>
      </trkpt>
      <trkpt lat="43.28078" lon="16.71881">
        <ele>412.61</ele>
      </trkpt>
      <trkpt lat="43.28075" lon="16.71892">
        <ele>414.19</ele>
      </trkpt>
      <trkpt lat="43.28072" lon="16.71903">
        <ele>415.72</ele>
      </trkpt>
      <trkpt lat="43.28074" lon="16.71934">
        <ele>419.04</ele>
      </trkpt>
      <trkpt lat="43.28079" lon="16.71944">
        <ele>419.82</ele>
      </trkpt>
      <trkpt lat="43.28087" lon="16.7196">
        <ele>419.37</ele>
      </trkpt>
      <trkpt lat="43.28093" lon="16.71973">
        <ele>418.6</ele>
      </trkpt>
      <trkpt lat="43.28095" lon="16.71981">
        <ele>417.95</ele>
      </trkpt>
      <trkpt lat="43.28096" lon="16.71997">
        <ele>416.76</ele>
      </trkpt>
      <trkpt lat="43.28096" lon="16.72014">
        <ele>415.81</ele>
      </trkpt>
      <trkpt lat="43.28093" lon="16.72047">
        <ele>415.3</ele>
      </trkpt>
      <trkpt lat="43.28101" lon="16.7207">
        <ele>414.21</ele>
      </trkpt>
      <trkpt lat="43.28104" lon="16.72087">
        <ele>413.21</ele>
      </trkpt>
      <trkpt lat="43.28102" lon="16.72096">
        <ele>412.59</ele>
      </trkpt>
      <trkpt lat="43.28097" lon="16.72111">
        <ele>411.52</ele>
      </trkpt>
      <trkpt lat="43.28095" lon="16.72119">
        <ele>410.85</ele>
      </trkpt>
      <trkpt lat="43.28088" lon="16.72154">
        <ele>407.73</ele>
      </trkpt>
      <trkpt lat="43.28087" lon="16.72173">
        <ele>406.28</ele>
      </trkpt>
      <trkpt lat="43.28086" lon="16.72183">
        <ele>405.63</ele>
      </trkpt>
      <trkpt lat="43.28086" lon="16.72193">
        <ele>404.91</ele>
      </trkpt>
      <trkpt lat="43.28087" lon="16.72213">
        <ele>404.56</ele>
      </trkpt>
      <trkpt lat="43.28088" lon="16.72233">
        <ele>403.81</ele>
      </trkpt>
      <trkpt lat="43.28089" lon="16.72244">
        <ele>403.26</ele>
      </trkpt>
      <trkpt lat="43.28091" lon="16.72265">
        <ele>402.16</ele>
      </trkpt>
      <trkpt lat="43.2809" lon="16.72276">
        <ele>401.61</ele>
      </trkpt>
      <trkpt lat="43.28088" lon="16.72286">
        <ele>400.83</ele>
      </trkpt>
      <trkpt lat="43.2808" lon="16.72315">
        <ele>398.76</ele>
      </trkpt>
      <trkpt lat="43.28076" lon="16.72335">
        <ele>398.56</ele>
      </trkpt>
      <trkpt lat="43.28077" lon="16.72353">
        <ele>399.64</ele>
      </trkpt>
      <trkpt lat="43.28079" lon="16.72362">
        <ele>400.35</ele>
      </trkpt>
      <trkpt lat="43.28081" lon="16.72387">
        <ele>399.81</ele>
      </trkpt>
      <trkpt lat="43.28078" lon="16.72403">
        <ele>398.6</ele>
      </trkpt>
      <trkpt lat="43.28078" lon="16.72416">
        <ele>397.85</ele>
      </trkpt>
      <trkpt lat="43.2808" lon="16.72421">
        <ele>397.55</ele>
      </trkpt>
      <trkpt lat="43.28081" lon="16.72435">
        <ele>396.54</ele>
      </trkpt>
      <trkpt lat="43.2808" lon="16.72442">
        <ele>395.95</ele>
      </trkpt>
      <trkpt lat="43.28079" lon="16.72449">
        <ele>394.87</ele>
      </trkpt>
      <trkpt lat="43.28078" lon="16.72456">
        <ele>393.54</ele>
      </trkpt>
      <trkpt lat="43.28073" lon="16.72471">
        <ele>390.48</ele>
      </trkpt>
      <trkpt lat="43.28068" lon="16.72484">
        <ele>389.09</ele>
      </trkpt>
      <trkpt lat="43.28065" lon="16.7249">
        <ele>388.6</ele>
      </trkpt>
      <trkpt lat="43.28055" lon="16.72499">
        <ele>388.04</ele>
      </trkpt>
      <trkpt lat="43.28049" lon="16.72504">
        <ele>388.03</ele>
      </trkpt>
      <trkpt lat="43.28046" lon="16.7251">
        <ele>388.12</ele>
      </trkpt>
      <trkpt lat="43.28044" lon="16.72526">
        <ele>388.39</ele>
      </trkpt>
      <trkpt lat="43.28044" lon="16.72543">
        <ele>388.64</ele>
      </trkpt>
      <trkpt lat="43.28044" lon="16.72552">
        <ele>388.78</ele>
      </trkpt>
      <trkpt lat="43.28043" lon="16.7256">
        <ele>388.71</ele>
      </trkpt>
      <trkpt lat="43.28041" lon="16.72578">
        <ele>388.32</ele>
      </trkpt>
      <trkpt lat="43.28039" lon="16.72586">
        <ele>388.42</ele>
      </trkpt>
      <trkpt lat="43.28038" lon="16.72595">
        <ele>388.11</ele>
      </trkpt>
      <trkpt lat="43.28037" lon="16.72604">
        <ele>387.77</ele>
      </trkpt>
      <trkpt lat="43.28032" lon="16.7263">
        <ele>386.98</ele>
      </trkpt>
      <trkpt lat="43.2803" lon="16.72639">
        <ele>386.68</ele>
      </trkpt>
      <trkpt lat="43.28028" lon="16.72648">
        <ele>386.97</ele>
      </trkpt>
      <trkpt lat="43.28022" lon="16.72683">
        <ele>387.21</ele>
      </trkpt>
      <trkpt lat="43.28024" lon="16.727">
        <ele>387.51</ele>
      </trkpt>
      <trkpt lat="43.28025" lon="16.72709">
        <ele>388.1</ele>
      </trkpt>
      <trkpt lat="43.28026" lon="16.72744">
        <ele>389.73</ele>
      </trkpt>
      <trkpt lat="43.28036" lon="16.72768">
        <ele>388.26</ele>
      </trkpt>
      <trkpt lat="43.28039" lon="16.72775">
        <ele>387.81</ele>
      </trkpt>
      <trkpt lat="43.28042" lon="16.72783">
        <ele>387.19</ele>
      </trkpt>
      <trkpt lat="43.28045" lon="16.72791">
        <ele>386.6</ele>
      </trkpt>
      <trkpt lat="43.28045" lon="16.72807">
        <ele>385.95</ele>
      </trkpt>
      <trkpt lat="43.28035" lon="16.72821">
        <ele>385.44</ele>
      </trkpt>
      <trkpt lat="43.2803" lon="16.72826">
        <ele>385.26</ele>
      </trkpt>
      <trkpt lat="43.28027" lon="16.7283">
        <ele>385.18</ele>
      </trkpt>
      <trkpt lat="43.28017" lon="16.72848">
        <ele>386.01</ele>
      </trkpt>
      <trkpt lat="43.28012" lon="16.72852">
        <ele>385.95</ele>
      </trkpt>
      <trkpt lat="43.28001" lon="16.72853">
        <ele>385.61</ele>
      </trkpt>
      <trkpt lat="43.2798" lon="16.72843">
        <ele>387.24</ele>
      </trkpt>
      <trkpt lat="43.2794" lon="16.72825">
        <ele>392.83</ele>
      </trkpt>
      <trkpt lat="43.27901" lon="16.72812">
        <ele>399.66</ele>
      </trkpt>
      <trkpt lat="43.27895" lon="16.72811">
        <ele>400.98</ele>
      </trkpt>
      <trkpt lat="43.27861" lon="16.72806">
        <ele>397.93</ele>
      </trkpt>
      <trkpt lat="43.27845" lon="16.72804">
        <ele>395.09</ele>
      </trkpt>
      <trkpt lat="43.27817" lon="16.72799">
        <ele>391.33</ele>
      </trkpt>
      <trkpt lat="43.27806" lon="16.728">
        <ele>390.05</ele>
      </trkpt>
      <trkpt lat="43.27802" lon="16.72804">
        <ele>389.12</ele>
      </trkpt>
      <trkpt lat="43.27803" lon="16.72804">
        <ele>389.37</ele>
      </trkpt>
      <trkpt lat="43.27802" lon="16.72805">
        <ele>389.11</ele>
      </trkpt>
      <trkpt lat="43.27801" lon="16.72808">
        <ele>388.78</ele>
      </trkpt>
      <trkpt lat="43.27799" lon="16.72823">
        <ele>387.87</ele>
      </trkpt>
      <trkpt lat="43.278" lon="16.72827">
        <ele>387.98</ele>
      </trkpt>
      <trkpt lat="43.27805" lon="16.72841">
        <ele>388.62</ele>
      </trkpt>
      <trkpt lat="43.27809" lon="16.72857">
        <ele>388.46</ele>
      </trkpt>
      <trkpt lat="43.27815" lon="16.72896">
        <ele>388.66</ele>
      </trkpt>
      <trkpt lat="43.27821" lon="16.72924">
        <ele>388.35</ele>
      </trkpt>
      <trkpt lat="43.27824" lon="16.72936">
        <ele>388.8</ele>
      </trkpt>
      <trkpt lat="43.27828" lon="16.72953">
        <ele>391.23</ele>
      </trkpt>
      <trkpt lat="43.27831" lon="16.72978">
        <ele>396.73</ele>
      </trkpt>
      <trkpt lat="43.27832" lon="16.72984">
        <ele>396.89</ele>
      </trkpt>
      <trkpt lat="43.27834" lon="16.73003">
        <ele>397.29</ele>
      </trkpt>
      <trkpt lat="43.27837" lon="16.73015">
        <ele>398.35</ele>
      </trkpt>
      <trkpt lat="43.27844" lon="16.73037">
        <ele>398.57</ele>
      </trkpt>
      <trkpt lat="43.27848" lon="16.73048">
        <ele>398.11</ele>
      </trkpt>
      <trkpt lat="43.27852" lon="16.73059">
        <ele>398.5</ele>
      </trkpt>
      <trkpt lat="43.27855" lon="16.73071">
        <ele>400.22</ele>
      </trkpt>
      <trkpt lat="43.27856" lon="16.73082">
        <ele>401.81</ele>
      </trkpt>
      <trkpt lat="43.27856" lon="16.73087">
        <ele>402.64</ele>
      </trkpt>
      <trkpt lat="43.27857" lon="16.73092">
        <ele>403.51</ele>
      </trkpt>
      <trkpt lat="43.27864" lon="16.73106">
        <ele>405.85</ele>
      </trkpt>
      <trkpt lat="43.27866" lon="16.73111">
        <ele>406.63</ele>
      </trkpt>
      <trkpt lat="43.2787" lon="16.7312">
        <ele>406.35</ele>
      </trkpt>
      <trkpt lat="43.27875" lon="16.73136">
        <ele>406.45</ele>
      </trkpt>
      <trkpt lat="43.27876" lon="16.73142">
        <ele>406.43</ele>
      </trkpt>
      <trkpt lat="43.27878" lon="16.73147">
        <ele>406.38</ele>
      </trkpt>
      <trkpt lat="43.27883" lon="16.73163">
        <ele>406.42</ele>
      </trkpt>
      <trkpt lat="43.27893" lon="16.7319">
        <ele>408.46</ele>
      </trkpt>
      <trkpt lat="43.27896" lon="16.73206">
        <ele>408.12</ele>
      </trkpt>
      <trkpt lat="43.27897" lon="16.73212">
        <ele>407.71</ele>
      </trkpt>
      <trkpt lat="43.27907" lon="16.73244">
        <ele>407.58</ele>
      </trkpt>
      <trkpt lat="43.27912" lon="16.73267">
        <ele>407.7</ele>
      </trkpt>
      <trkpt lat="43.27915" lon="16.73278">
        <ele>407.16</ele>
      </trkpt>
      <trkpt lat="43.27918" lon="16.73288">
        <ele>405.93</ele>
      </trkpt>
      <trkpt lat="43.27925" lon="16.733">
        <ele>405.08</ele>
      </trkpt>
      <trkpt lat="43.27932" lon="16.73318">
        <ele>404.46</ele>
      </trkpt>
      <trkpt lat="43.2794" lon="16.73331">
        <ele>404.62</ele>
      </trkpt>
      <trkpt lat="43.27948" lon="16.73344">
        <ele>405.13</ele>
      </trkpt>
      <trkpt lat="43.27951" lon="16.73355">
        <ele>405.24</ele>
      </trkpt>
      <trkpt lat="43.2796" lon="16.73382">
        <ele>404.9</ele>
      </trkpt>
      <trkpt lat="43.27962" lon="16.73394">
        <ele>404.76</ele>
      </trkpt>
      <trkpt lat="43.27963" lon="16.73397">
        <ele>404.81</ele>
      </trkpt>
      <trkpt lat="43.27963" lon="16.73398">
        <ele>404.79</ele>
      </trkpt>
      <trkpt lat="43.27964" lon="16.73404">
        <ele>404.79</ele>
      </trkpt>
      <trkpt lat="43.27968" lon="16.73428">
        <ele>404.14</ele>
      </trkpt>
      <trkpt lat="43.2797" lon="16.73456">
        <ele>401.96</ele>
      </trkpt>
      <trkpt lat="43.27971" lon="16.73462">
        <ele>401.63</ele>
      </trkpt>
      <trkpt lat="43.27973" lon="16.73481">
        <ele>400.72</ele>
      </trkpt>
      <trkpt lat="43.27976" lon="16.73495">
        <ele>400.23</ele>
      </trkpt>
      <trkpt lat="43.27978" lon="16.73501">
        <ele>399.94</ele>
      </trkpt>
      <trkpt lat="43.27988" lon="16.73523">
        <ele>398.81</ele>
      </trkpt>
      <trkpt lat="43.27992" lon="16.73535">
        <ele>398.64</ele>
      </trkpt>
      <trkpt lat="43.27993" lon="16.73542">
        <ele>398.62</ele>
      </trkpt>
      <trkpt lat="43.27994" lon="16.73562">
        <ele>398.34</ele>
      </trkpt>
      <trkpt lat="43.27994" lon="16.73577">
        <ele>397.8</ele>
      </trkpt>
      <trkpt lat="43.27993" lon="16.736">
        <ele>397.5</ele>
      </trkpt>
      <trkpt lat="43.27995" lon="16.73615">
        <ele>397.61</ele>
      </trkpt>
      <trkpt lat="43.28001" lon="16.73655">
        <ele>398.24</ele>
      </trkpt>
      <trkpt lat="43.28004" lon="16.73671">
        <ele>399.06</ele>
      </trkpt>
      <trkpt lat="43.28011" lon="16.73708">
        <ele>398.22</ele>
      </trkpt>
      <trkpt lat="43.28011" lon="16.73707">
        <ele>398.32</ele>
      </trkpt>
      <trkpt lat="43.28011" lon="16.7371">
        <ele>398.02</ele>
      </trkpt>
      <trkpt lat="43.28014" lon="16.73729">
        <ele>396.03</ele>
      </trkpt>
      <trkpt lat="43.28013" lon="16.73759">
        <ele>392.87</ele>
      </trkpt>
      <trkpt lat="43.28013" lon="16.73765">
        <ele>392.78</ele>
      </trkpt>
      <trkpt lat="43.28019" lon="16.73785">
        <ele>391.78</ele>
      </trkpt>
      <trkpt lat="43.28022" lon="16.738">
        <ele>391.29</ele>
      </trkpt>
      <trkpt lat="43.28027" lon="16.73816">
        <ele>389.92</ele>
      </trkpt>
      <trkpt lat="43.28033" lon="16.7384">
        <ele>387.62</ele>
      </trkpt>
      <trkpt lat="43.28033" lon="16.73849">
        <ele>386.85</ele>
      </trkpt>
      <trkpt lat="43.28032" lon="16.73877">
        <ele>384.53</ele>
      </trkpt>
      <trkpt lat="43.28031" lon="16.73904">
        <ele>382.31</ele>
      </trkpt>
      <trkpt lat="43.28029" lon="16.73919">
        <ele>381.36</ele>
      </trkpt>
      <trkpt lat="43.28024" lon="16.73932">
        <ele>380.55</ele>
      </trkpt>
      <trkpt lat="43.28019" lon="16.73935">
        <ele>381.15</ele>
      </trkpt>
      <trkpt lat="43.28001" lon="16.73939">
        <ele>384.38</ele>
      </trkpt>
      <trkpt lat="43.27982" lon="16.73946">
        <ele>384.94</ele>
      </trkpt>
      <trkpt lat="43.27981" lon="16.73947">
        <ele>384.78</ele>
      </trkpt>
      <trkpt lat="43.27981" lon="16.73949">
        <ele>384.32</ele>
      </trkpt>
      <trkpt lat="43.27981" lon="16.73949">
        <ele>384.32</ele>
      </trkpt>
      <trkpt lat="43.27981" lon="16.73955">
        <ele>382.95</ele>
      </trkpt>
      <trkpt lat="43.27978" lon="16.73981">
        <ele>377.55</ele>
      </trkpt>
      <trkpt lat="43.27977" lon="16.73987">
        <ele>376.52</ele>
      </trkpt>
      <trkpt lat="43.27975" lon="16.73998">
        <ele>374.55</ele>
      </trkpt>
      <trkpt lat="43.27969" lon="16.74027">
        <ele>371.79</ele>
      </trkpt>
      <trkpt lat="43.27968" lon="16.74033">
        <ele>371.99</ele>
      </trkpt>
      <trkpt lat="43.27963" lon="16.74075">
        <ele>373.6</ele>
      </trkpt>
      <trkpt lat="43.27963" lon="16.74077">
        <ele>373.7</ele>
      </trkpt>
      <trkpt lat="43.27963" lon="16.74078">
        <ele>373.74</ele>
      </trkpt>
      <trkpt lat="43.27963" lon="16.74078">
        <ele>373.74</ele>
      </trkpt>
      <trkpt lat="43.27962" lon="16.74088">
        <ele>374.44</ele>
      </trkpt>
      <trkpt lat="43.27963" lon="16.74118">
        <ele>377.82</ele>
      </trkpt>
      <trkpt lat="43.27965" lon="16.74153">
        <ele>383.56</ele>
      </trkpt>
      <trkpt lat="43.27969" lon="16.74183">
        <ele>387.04</ele>
      </trkpt>
      <trkpt lat="43.27971" lon="16.74194">
        <ele>388.04</ele>
      </trkpt>
      <trkpt lat="43.27971" lon="16.74194">
        <ele>388.04</ele>
      </trkpt>
      <trkpt lat="43.27971" lon="16.74194">
        <ele>388.04</ele>
      </trkpt>
      <trkpt lat="43.27971" lon="16.74195">
        <ele>388.05</ele>
      </trkpt>
      <trkpt lat="43.27972" lon="16.74199">
        <ele>387.69</ele>
      </trkpt>
      <trkpt lat="43.27972" lon="16.74215">
        <ele>386.53</ele>
      </trkpt>
      <trkpt lat="43.27972" lon="16.74218">
        <ele>386.31</ele>
      </trkpt>
      <trkpt lat="43.27973" lon="16.74227">
        <ele>386.3</ele>
      </trkpt>
      <trkpt lat="43.27974" lon="16.74232">
        <ele>386.62</ele>
      </trkpt>
      <trkpt lat="43.27974" lon="16.74237">
        <ele>387.0</ele>
      </trkpt>
      <trkpt lat="43.27975" lon="16.74249">
        <ele>387.92</ele>
      </trkpt>
      <trkpt lat="43.27976" lon="16.74258">
        <ele>388.69</ele>
      </trkpt>
      <trkpt lat="43.27977" lon="16.74261">
        <ele>389.0</ele>
      </trkpt>
      <trkpt lat="43.27978" lon="16.7427">
        <ele>389.89</ele>
      </trkpt>
      <trkpt lat="43.27979" lon="16.74285">
        <ele>391.32</ele>
      </trkpt>
      <trkpt lat="43.27985" lon="16.74304">
        <ele>393.7</ele>
      </trkpt>
      <trkpt lat="43.27987" lon="16.74306">
        <ele>394.15</ele>
      </trkpt>
      <trkpt lat="43.27992" lon="16.74313">
        <ele>395.42</ele>
      </trkpt>
      <trkpt lat="43.28002" lon="16.74327">
        <ele>398.53</ele>
      </trkpt>
      <trkpt lat="43.28017" lon="16.74341">
        <ele>401.22</ele>
      </trkpt>
      <trkpt lat="43.28023" lon="16.74351">
        <ele>402.23</ele>
      </trkpt>
      <trkpt lat="43.28026" lon="16.74355">
        <ele>402.64</ele>
      </trkpt>
      <trkpt lat="43.28034" lon="16.74373">
        <ele>402.44</ele>
      </trkpt>
      <trkpt lat="43.28037" lon="16.74381">
        <ele>402.19</ele>
      </trkpt>
      <trkpt lat="43.28042" lon="16.74394">
        <ele>402.18</ele>
      </trkpt>
      <trkpt lat="43.28049" lon="16.74403">
        <ele>402.51</ele>
      </trkpt>
      <trkpt lat="43.28058" lon="16.74412">
        <ele>402.74</ele>
      </trkpt>
      <trkpt lat="43.28063" lon="16.74417">
        <ele>402.72</ele>
      </trkpt>
      <trkpt lat="43.28069" lon="16.74422">
        <ele>402.24</ele>
      </trkpt>
      <trkpt lat="43.28081" lon="16.74437">
        <ele>400.07</ele>
      </trkpt>
      <trkpt lat="43.28096" lon="16.74461">
        <ele>399.0</ele>
      </trkpt>
      <trkpt lat="43.28107" lon="16.74486">
        <ele>399.0</ele>
      </trkpt>
      <trkpt lat="43.28113" lon="16.74498">
        <ele>399.14</ele>
      </trkpt>
      <trkpt lat="43.28116" lon="16.74502">
        <ele>399.34</ele>
      </trkpt>
      <trkpt lat="43.28117" lon="16.74507">
        <ele>399.37</ele>
      </trkpt>
      <trkpt lat="43.28118" lon="16.74506">
        <ele>399.44</ele>
      </trkpt>
      <trkpt lat="43.2812" lon="16.74504">
        <ele>399.59</ele>
      </trkpt>
      <trkpt lat="43.28117" lon="16.74505">
        <ele>399.39</ele>
      </trkpt>
      <trkpt lat="43.28118" lon="16.74506">
        <ele>399.44</ele>
      </trkpt>
      <trkpt lat="43.28121" lon="16.74513">
        <ele>399.55</ele>
      </trkpt>
      <trkpt lat="43.28132" lon="16.74534">
        <ele>399.08</ele>
      </trkpt>
      <trkpt lat="43.28151" lon="16.74564">
        <ele>395.78</ele>
      </trkpt>
      <trkpt lat="43.28171" lon="16.74599">
        <ele>394.49</ele>
      </trkpt>
      <trkpt lat="43.28175" lon="16.74609">
        <ele>395.22</ele>
      </trkpt>
      <trkpt lat="43.28179" lon="16.74624">
        <ele>395.96</ele>
      </trkpt>
      <trkpt lat="43.28179" lon="16.74628">
        <ele>396.12</ele>
      </trkpt>
      <trkpt lat="43.2818" lon="16.74638">
        <ele>396.49</ele>
      </trkpt>
      <trkpt lat="43.28178" lon="16.74648">
        <ele>396.79</ele>
      </trkpt>
      <trkpt lat="43.28178" lon="16.74654">
        <ele>396.91</ele>
      </trkpt>
      <trkpt lat="43.28178" lon="16.74657">
        <ele>396.98</ele>
      </trkpt>
      <trkpt lat="43.2818" lon="16.74667">
        <ele>397.03</ele>
      </trkpt>
      <trkpt lat="43.28181" lon="16.7468">
        <ele>396.49</ele>
      </trkpt>
      <trkpt lat="43.28182" lon="16.74691">
        <ele>396.02</ele>
      </trkpt>
      <trkpt lat="43.28184" lon="16.74704">
        <ele>395.15</ele>
      </trkpt>
      <trkpt lat="43.28189" lon="16.74727">
        <ele>393.66</ele>
      </trkpt>
      <trkpt lat="43.28193" lon="16.74743">
        <ele>392.5</ele>
      </trkpt>
      <trkpt lat="43.28195" lon="16.74751">
        <ele>391.85</ele>
      </trkpt>
      <trkpt lat="43.28199" lon="16.74768">
        <ele>389.52</ele>
      </trkpt>
      <trkpt lat="43.28205" lon="16.74785">
        <ele>386.22</ele>
      </trkpt>
      <trkpt lat="43.28213" lon="16.74803">
        <ele>382.7</ele>
      </trkpt>
      <trkpt lat="43.2822" lon="16.7482">
        <ele>379.56</ele>
      </trkpt>
      <trkpt lat="43.28224" lon="16.74828">
        <ele>378.23</ele>
      </trkpt>
      <trkpt lat="43.28232" lon="16.74845">
        <ele>377.06</ele>
      </trkpt>
      <trkpt lat="43.28243" lon="16.74874">
        <ele>375.15</ele>
      </trkpt>
      <trkpt lat="43.28246" lon="16.74883">
        <ele>375.04</ele>
      </trkpt>
      <trkpt lat="43.28252" lon="16.74923">
        <ele>376.76</ele>
      </trkpt>
      <trkpt lat="43.28254" lon="16.74933">
        <ele>377.91</ele>
      </trkpt>
      <trkpt lat="43.2826" lon="16.74962">
        <ele>381.43</ele>
      </trkpt>
      <trkpt lat="43.28265" lon="16.74981">
        <ele>383.26</ele>
      </trkpt>
      <trkpt lat="43.28268" lon="16.7499">
        <ele>384.05</ele>
      </trkpt>
      <trkpt lat="43.28272" lon="16.74999">
        <ele>384.9</ele>
      </trkpt>
      <trkpt lat="43.28278" lon="16.75017">
        <ele>383.75</ele>
      </trkpt>
      <trkpt lat="43.28291" lon="16.7505">
        <ele>380.45</ele>
      </trkpt>
      <trkpt lat="43.28293" lon="16.75059">
        <ele>379.46</ele>
      </trkpt>
      <trkpt lat="43.28294" lon="16.75086">
        <ele>375.92</ele>
      </trkpt>
      <trkpt lat="43.28294" lon="16.75096">
        <ele>374.69</ele>
      </trkpt>
      <trkpt lat="43.28292" lon="16.75153">
        <ele>371.72</ele>
      </trkpt>
      <trkpt lat="43.28298" lon="16.75201">
        <ele>373.37</ele>
      </trkpt>
      <trkpt lat="43.28299" lon="16.7521">
        <ele>373.04</ele>
      </trkpt>
      <trkpt lat="43.28305" lon="16.75255">
        <ele>370.88</ele>
      </trkpt>
      <trkpt lat="43.28307" lon="16.75273">
        <ele>370.12</ele>
      </trkpt>
      <trkpt lat="43.28309" lon="16.75288">
        <ele>368.82</ele>
      </trkpt>
      <trkpt lat="43.28311" lon="16.75294">
        <ele>368.17</ele>
      </trkpt>
      <trkpt lat="43.28313" lon="16.75299">
        <ele>367.64</ele>
      </trkpt>
      <trkpt lat="43.28325" lon="16.7531">
        <ele>366.68</ele>
      </trkpt>
      <trkpt lat="43.28329" lon="16.75311">
        <ele>366.61</ele>
      </trkpt>
      <trkpt lat="43.28333" lon="16.75311">
        <ele>366.61</ele>
      </trkpt>
      <trkpt lat="43.28351" lon="16.75316">
        <ele>368.4</ele>
      </trkpt>
      <trkpt lat="43.28366" lon="16.75321">
        <ele>369.8</ele>
      </trkpt>
      <trkpt lat="43.2838" lon="16.75326">
        <ele>370.62</ele>
      </trkpt>
      <trkpt lat="43.28385" lon="16.75329">
        <ele>370.88</ele>
      </trkpt>
      <trkpt lat="43.28402" lon="16.75344">
        <ele>371.83</ele>
      </trkpt>
      <trkpt lat="43.28409" lon="16.75357">
        <ele>372.96</ele>
      </trkpt>
      <trkpt lat="43.28412" lon="16.75367">
        <ele>373.57</ele>
      </trkpt>
      <trkpt lat="43.28423" lon="16.75394">
        <ele>373.77</ele>
      </trkpt>
      <trkpt lat="43.28427" lon="16.75403">
        <ele>373.63</ele>
      </trkpt>
      <trkpt lat="43.2844" lon="16.75426">
        <ele>373.21</ele>
      </trkpt>
      <trkpt lat="43.28448" lon="16.75459">
        <ele>372.03</ele>
      </trkpt>
      <trkpt lat="43.28452" lon="16.75471">
        <ele>371.22</ele>
      </trkpt>
      <trkpt lat="43.28456" lon="16.75496">
        <ele>371.11</ele>
      </trkpt>
      <trkpt lat="43.2846" lon="16.75514">
        <ele>370.38</ele>
      </trkpt>
      <trkpt lat="43.28467" lon="16.75538">
        <ele>369.97</ele>
      </trkpt>
      <trkpt lat="43.2847" lon="16.75546">
        <ele>370.37</ele>
      </trkpt>
      <trkpt lat="43.28473" lon="16.75553">
        <ele>370.79</ele>
      </trkpt>
      <trkpt lat="43.28487" lon="16.75564">
        <ele>371.1</ele>
      </trkpt>
      <trkpt lat="43.28499" lon="16.75575">
        <ele>372.09</ele>
      </trkpt>
      <trkpt lat="43.28511" lon="16.75589">
        <ele>370.43</ele>
      </trkpt>
      <trkpt lat="43.28522" lon="16.75606">
        <ele>368.27</ele>
      </trkpt>
      <trkpt lat="43.28533" lon="16.75624">
        <ele>367.09</ele>
      </trkpt>
      <trkpt lat="43.28537" lon="16.7563">
        <ele>366.81</ele>
      </trkpt>
      <trkpt lat="43.28552" lon="16.75643">
        <ele>364.62</ele>
      </trkpt>
      <trkpt lat="43.28573" lon="16.75665">
        <ele>361.56</ele>
      </trkpt>
      <trkpt lat="43.28583" lon="16.75676">
        <ele>359.04</ele>
      </trkpt>
      <trkpt lat="43.28588" lon="16.75681">
        <ele>358.28</ele>
      </trkpt>
      <trkpt lat="43.28593" lon="16.75684">
        <ele>357.78</ele>
      </trkpt>
      <trkpt lat="43.28598" lon="16.75686">
        <ele>357.38</ele>
      </trkpt>
      <trkpt lat="43.28603" lon="16.75688">
        <ele>356.99</ele>
      </trkpt>
      <trkpt lat="43.28613" lon="16.7569">
        <ele>356.41</ele>
      </trkpt>
      <trkpt lat="43.28623" lon="16.75688">
        <ele>356.27</ele>
      </trkpt>
      <trkpt lat="43.28661" lon="16.75677">
        <ele>358.18</ele>
      </trkpt>
      <trkpt lat="43.28669" lon="16.75674">
        <ele>358.93</ele>
      </trkpt>
      <trkpt lat="43.28681" lon="16.75671">
        <ele>359.1</ele>
      </trkpt>
      <trkpt lat="43.28683" lon="16.75671">
        <ele>359.06</ele>
      </trkpt>
      <trkpt lat="43.28692" lon="16.75666">
        <ele>359.18</ele>
      </trkpt>
      <trkpt lat="43.28697" lon="16.75663">
        <ele>359.72</ele>
      </trkpt>
      <trkpt lat="43.28705" lon="16.7566">
        <ele>360.81</ele>
      </trkpt>
      <trkpt lat="43.28717" lon="16.7566">
        <ele>361.78</ele>
      </trkpt>
      <trkpt lat="43.28724" lon="16.75663">
        <ele>361.77</ele>
      </trkpt>
      <trkpt lat="43.28733" lon="16.75672">
        <ele>361.42</ele>
      </trkpt>
      <trkpt lat="43.28752" lon="16.75702">
        <ele>362.84</ele>
      </trkpt>
      <trkpt lat="43.2876" lon="16.75716">
        <ele>363.14</ele>
      </trkpt>
      <trkpt lat="43.28775" lon="16.7574">
        <ele>364.64</ele>
      </trkpt>
      <trkpt lat="43.28779" lon="16.75759">
        <ele>365.28</ele>
      </trkpt>
      <trkpt lat="43.28786" lon="16.75777">
        <ele>365.11</ele>
      </trkpt>
      <trkpt lat="43.28804" lon="16.75806">
        <ele>362.24</ele>
      </trkpt>
      <trkpt lat="43.2882" lon="16.75831">
        <ele>361.74</ele>
      </trkpt>
      <trkpt lat="43.28831" lon="16.75837">
        <ele>361.66</ele>
      </trkpt>
      <trkpt lat="43.28831" lon="16.75837">
        <ele>361.66</ele>
      </trkpt>
      <trkpt lat="43.28835" lon="16.75835">
        <ele>361.36</ele>
      </trkpt>
      <trkpt lat="43.28842" lon="16.75818">
        <ele>359.42</ele>
      </trkpt>
      <trkpt lat="43.28845" lon="16.75811">
        <ele>358.62</ele>
      </trkpt>
      <trkpt lat="43.28857" lon="16.7579">
        <ele>357.75</ele>
      </trkpt>
      <trkpt lat="43.28859" lon="16.75788">
        <ele>357.68</ele>
      </trkpt>
      <trkpt lat="43.28877" lon="16.75768">
        <ele>358.61</ele>
      </trkpt>
      <trkpt lat="43.28901" lon="16.75744">
        <ele>358.64</ele>
      </trkpt>
      <trkpt lat="43.28916" lon="16.75734">
        <ele>357.34</ele>
      </trkpt>
      <trkpt lat="43.28929" lon="16.75725">
        <ele>357.19</ele>
      </trkpt>
      <trkpt lat="43.28957" lon="16.75706">
        <ele>357.98</ele>
      </trkpt>
      <trkpt lat="43.28966" lon="16.75697">
        <ele>357.31</ele>
      </trkpt>
      <trkpt lat="43.2898" lon="16.75673">
        <ele>356.32</ele>
      </trkpt>
      <trkpt lat="43.28984" lon="16.75667">
        <ele>356.98</ele>
      </trkpt>
      <trkpt lat="43.28989" lon="16.75662">
        <ele>358.46</ele>
      </trkpt>
      <trkpt lat="43.29005" lon="16.75654">
        <ele>362.09</ele>
      </trkpt>
      <trkpt lat="43.29016" lon="16.75649">
        <ele>363.57</ele>
      </trkpt>
      <trkpt lat="43.29042" lon="16.75643">
        <ele>367.64</ele>
      </trkpt>
      <trkpt lat="43.29056" lon="16.75645">
        <ele>370.22</ele>
      </trkpt>
      <trkpt lat="43.29064" lon="16.75648">
        <ele>370.13</ele>
      </trkpt>
      <trkpt lat="43.29066" lon="16.7565">
        <ele>370.02</ele>
      </trkpt>
      <trkpt lat="43.29068" lon="16.75654">
        <ele>369.77</ele>
      </trkpt>
      <trkpt lat="43.29068" lon="16.75656">
        <ele>369.68</ele>
      </trkpt>
      <trkpt lat="43.29069" lon="16.75656">
        <ele>369.61</ele>
      </trkpt>
      <trkpt lat="43.29068" lon="16.75657">
        <ele>369.64</ele>
      </trkpt>
      <trkpt lat="43.29071" lon="16.75659">
        <ele>369.27</ele>
      </trkpt>
      <trkpt lat="43.29073" lon="16.75656">
        <ele>369.31</ele>
      </trkpt>
      <trkpt lat="43.29075" lon="16.75652">
        <ele>369.52</ele>
      </trkpt>
      <trkpt lat="43.2908" lon="16.75627">
        <ele>370.35</ele>
      </trkpt>
      <trkpt lat="43.29081" lon="16.75621">
        <ele>370.16</ele>
      </trkpt>
      <trkpt lat="43.29082" lon="16.75597">
        <ele>368.36</ele>
      </trkpt>
      <trkpt lat="43.29082" lon="16.75584">
        <ele>366.97</ele>
      </trkpt>
      <trkpt lat="43.29081" lon="16.75546">
        <ele>364.89</ele>
      </trkpt>
      <trkpt lat="43.29082" lon="16.75538">
        <ele>364.92</ele>
      </trkpt>
      <trkpt lat="43.29086" lon="16.75522">
        <ele>365.0</ele>
      </trkpt>
      <trkpt lat="43.29089" lon="16.75507">
        <ele>365.0</ele>
      </trkpt>
      <trkpt lat="43.29089" lon="16.755">
        <ele>365.0</ele>
      </trkpt>
      <trkpt lat="43.29089" lon="16.75492">
        <ele>365.46</ele>
      </trkpt>
      <trkpt lat="43.29088" lon="16.75485">
        <ele>365.9</ele>
      </trkpt>
      <trkpt lat="43.29081" lon="16.75463">
        <ele>366.66</ele>
      </trkpt>
      <trkpt lat="43.29077" lon="16.75447">
        <ele>366.09</ele>
      </trkpt>
      <trkpt lat="43.29076" lon="16.75438">
        <ele>366.18</ele>
      </trkpt>
      <trkpt lat="43.29076" lon="16.75429">
        <ele>366.5</ele>
      </trkpt>
      <trkpt lat="43.29077" lon="16.75405">
        <ele>365.28</ele>
      </trkpt>
      <trkpt lat="43.29075" lon="16.75389">
        <ele>362.72</ele>
      </trkpt>
      <trkpt lat="43.29074" lon="16.75333">
        <ele>358.66</ele>
      </trkpt>
      <trkpt lat="43.29074" lon="16.75325">
        <ele>358.47</ele>
      </trkpt>
      <trkpt lat="43.29075" lon="16.75274">
        <ele>359.23</ele>
      </trkpt>
      <trkpt lat="43.29078" lon="16.75233">
        <ele>362.18</ele>
      </trkpt>
      <trkpt lat="43.29075" lon="16.75194">
        <ele>363.73</ele>
      </trkpt>
      <trkpt lat="43.29075" lon="16.7515">
        <ele>366.66</ele>
      </trkpt>
      <trkpt lat="43.29077" lon="16.75116">
        <ele>369.06</ele>
      </trkpt>
      <trkpt lat="43.29077" lon="16.75109">
        <ele>369.51</ele>
      </trkpt>
      <trkpt lat="43.29076" lon="16.75065">
        <ele>368.32</ele>
      </trkpt>
      <trkpt lat="43.29077" lon="16.75045">
        <ele>367.26</ele>
      </trkpt>
      <trkpt lat="43.29077" lon="16.75039">
        <ele>367.33</ele>
      </trkpt>
      <trkpt lat="43.29078" lon="16.75036">
        <ele>367.26</ele>
      </trkpt>
      <trkpt lat="43.29078" lon="16.75036">
        <ele>367.26</ele>
      </trkpt>
      <trkpt lat="43.29076" lon="16.75032">
        <ele>367.5</ele>
      </trkpt>
      <trkpt lat="43.29073" lon="16.75029">
        <ele>367.75</ele>
      </trkpt>
      <trkpt lat="43.29075" lon="16.75027">
        <ele>367.6</ele>
      </trkpt>
      <trkpt lat="43.29075" lon="16.75027">
        <ele>367.6</ele>
      </trkpt>
      <trkpt lat="43.29075" lon="16.75025">
        <ele>367.6</ele>
      </trkpt>
      <trkpt lat="43.29073" lon="16.75007">
        <ele>367.74</ele>
      </trkpt>
      <trkpt lat="43.29073" lon="16.74989">
        <ele>367.85</ele>
      </trkpt>
      <trkpt lat="43.29073" lon="16.74985">
        <ele>367.88</ele>
      </trkpt>
      <trkpt lat="43.29071" lon="16.74969">
        <ele>367.81</ele>
      </trkpt>
      <trkpt lat="43.29071" lon="16.74948">
        <ele>366.55</ele>
      </trkpt>
      <trkpt lat="43.29071" lon="16.7494">
        <ele>366.78</ele>
      </trkpt>
      <trkpt lat="43.29069" lon="16.74904">
        <ele>369.66</ele>
      </trkpt>
      <trkpt lat="43.2907" lon="16.74894">
        <ele>370.25</ele>
      </trkpt>
      <trkpt lat="43.29073" lon="16.74873">
        <ele>370.12</ele>
      </trkpt>
      <trkpt lat="43.29074" lon="16.74866">
        <ele>369.85</ele>
      </trkpt>
      <trkpt lat="43.2907" lon="16.74848">
        <ele>369.24</ele>
      </trkpt>
      <trkpt lat="43.29063" lon="16.74807">
        <ele>367.3</ele>
      </trkpt>
      <trkpt lat="43.29066" lon="16.7478">
        <ele>364.69</ele>
      </trkpt>
      <trkpt lat="43.29068" lon="16.74774">
        <ele>364.06</ele>
      </trkpt>
      <trkpt lat="43.29083" lon="16.74754">
        <ele>362.03</ele>
      </trkpt>
      <trkpt lat="43.29112" lon="16.74734">
        <ele>361.06</ele>
      </trkpt>
      <trkpt lat="43.29117" lon="16.7473">
        <ele>361.33</ele>
      </trkpt>
      <trkpt lat="43.29126" lon="16.74718">
        <ele>361.23</ele>
      </trkpt>
      <trkpt lat="43.2914" lon="16.74698">
        <ele>360.21</ele>
      </trkpt>
      <trkpt lat="43.29145" lon="16.74691">
        <ele>359.81</ele>
      </trkpt>
      <trkpt lat="43.29159" lon="16.74665">
        <ele>360.08</ele>
      </trkpt>
      <trkpt lat="43.29179" lon="16.74634">
        <ele>362.72</ele>
      </trkpt>
      <trkpt lat="43.29192" lon="16.74587">
        <ele>361.18</ele>
      </trkpt>
      <trkpt lat="43.29212" lon="16.74518">
        <ele>361.53</ele>
      </trkpt>
      <trkpt lat="43.29228" lon="16.74476">
        <ele>355.96</ele>
      </trkpt>
      <trkpt lat="43.29235" lon="16.74464">
        <ele>355.51</ele>
      </trkpt>
      <trkpt lat="43.29244" lon="16.74453">
        <ele>355.67</ele>
      </trkpt>
      <trkpt lat="43.29248" lon="16.74447">
        <ele>355.89</ele>
      </trkpt>
      <trkpt lat="43.29258" lon="16.74427">
        <ele>358.44</ele>
      </trkpt>
      <trkpt lat="43.29261" lon="16.7442">
        <ele>359.22</ele>
      </trkpt>
      <trkpt lat="43.29279" lon="16.7438">
        <ele>358.93</ele>
      </trkpt>
      <trkpt lat="43.29295" lon="16.74327">
        <ele>357.71</ele>
      </trkpt>
      <trkpt lat="43.29312" lon="16.74276">
        <ele>357.83</ele>
      </trkpt>
      <trkpt lat="43.29323" lon="16.74255">
        <ele>358.19</ele>
      </trkpt>
      <trkpt lat="43.29338" lon="16.74244">
        <ele>357.9</ele>
      </trkpt>
      <trkpt lat="43.29344" lon="16.74238">
        <ele>357.95</ele>
      </trkpt>
      <trkpt lat="43.29358" lon="16.74217">
        <ele>359.45</ele>
      </trkpt>
      <trkpt lat="43.29361" lon="16.74213">
        <ele>359.99</ele>
      </trkpt>
      <trkpt lat="43.29383" lon="16.74183">
        <ele>361.71</ele>
      </trkpt>
      <trkpt lat="43.29385" lon="16.7418">
        <ele>361.73</ele>
      </trkpt>
      <trkpt lat="43.29399" lon="16.74176">
        <ele>361.3</ele>
      </trkpt>
      <trkpt lat="43.29424" lon="16.74182">
        <ele>362.04</ele>
      </trkpt>
      <trkpt lat="43.29454" lon="16.74189">
        <ele>366.5</ele>
      </trkpt>
      <trkpt lat="43.29458" lon="16.7419">
        <ele>366.96</ele>
      </trkpt>
      <trkpt lat="43.29472" lon="16.74195">
        <ele>367.98</ele>
      </trkpt>
      <trkpt lat="43.29486" lon="16.74199">
        <ele>368.24</ele>
      </trkpt>
      <trkpt lat="43.29512" lon="16.74213">
        <ele>372.31</ele>
      </trkpt>
      <trkpt lat="43.29518" lon="16.74217">
        <ele>374.08</ele>
      </trkpt>
      <trkpt lat="43.29551" lon="16.74235">
        <ele>376.39</ele>
      </trkpt>
      <trkpt lat="43.2959" lon="16.74256">
        <ele>373.2</ele>
      </trkpt>
      <trkpt lat="43.29593" lon="16.74258">
        <ele>372.61</ele>
      </trkpt>
      <trkpt lat="43.29606" lon="16.74258">
        <ele>370.94</ele>
      </trkpt>
      <trkpt lat="43.29619" lon="16.74255">
        <ele>370.28</ele>
      </trkpt>
      <trkpt lat="43.29633" lon="16.74251">
        <ele>370.09</ele>
      </trkpt>
      <trkpt lat="43.29639" lon="16.74248">
        <ele>370.02</ele>
      </trkpt>
      <trkpt lat="43.29649" lon="16.7424">
        <ele>371.46</ele>
      </trkpt>
      <trkpt lat="43.29652" lon="16.74239">
        <ele>371.89</ele>
      </trkpt>
      <trkpt lat="43.29662" lon="16.74236">
        <ele>373.33</ele>
      </trkpt>
      <trkpt lat="43.29665" lon="16.74236">
        <ele>373.76</ele>
      </trkpt>
      <trkpt lat="43.29668" lon="16.74234">
        <ele>374.27</ele>
      </trkpt>
      <trkpt lat="43.29669" lon="16.74234">
        <ele>374.47</ele>
      </trkpt>
      <trkpt lat="43.2967" lon="16.74234">
        <ele>374.67</ele>
      </trkpt>
      <trkpt lat="43.2967" lon="16.74235">
        <ele>374.66</ele>
      </trkpt>
      <trkpt lat="43.29673" lon="16.74231">
        <ele>375.3</ele>
      </trkpt>
      <trkpt lat="43.29675" lon="16.74228">
        <ele>375.74</ele>
      </trkpt>
      <trkpt lat="43.29677" lon="16.74204">
        <ele>375.74</ele>
      </trkpt>
      <trkpt lat="43.29679" lon="16.74161">
        <ele>376.21</ele>
      </trkpt>
      <trkpt lat="43.29681" lon="16.74124">
        <ele>378.31</ele>
      </trkpt>
      <trkpt lat="43.29681" lon="16.741">
        <ele>378.79</ele>
      </trkpt>
      <trkpt lat="43.29685" lon="16.74042">
        <ele>375.85</ele>
      </trkpt>
      <trkpt lat="43.29696" lon="16.73984">
        <ele>375.11</ele>
      </trkpt>
      <trkpt lat="43.29698" lon="16.73976">
        <ele>375.52</ele>
      </trkpt>
      <trkpt lat="43.29717" lon="16.73917">
        <ele>375.0</ele>
      </trkpt>
      <trkpt lat="43.29726" lon="16.73898">
        <ele>374.34</ele>
      </trkpt>
      <trkpt lat="43.29742" lon="16.73861">
        <ele>375.85</ele>
      </trkpt>
      <trkpt lat="43.2975" lon="16.7383">
        <ele>375.88</ele>
      </trkpt>
      <trkpt lat="43.29754" lon="16.73805">
        <ele>375.75</ele>
      </trkpt>
      <trkpt lat="43.29759" lon="16.73747">
        <ele>378.47</ele>
      </trkpt>
      <trkpt lat="43.29759" lon="16.73738">
        <ele>377.92</ele>
      </trkpt>
      <trkpt lat="43.29754" lon="16.73665">
        <ele>375.83</ele>
      </trkpt>
      <trkpt lat="43.29754" lon="16.73657">
        <ele>375.01</ele>
      </trkpt>
      <trkpt lat="43.29749" lon="16.73598">
        <ele>373.93</ele>
      </trkpt>
      <trkpt lat="43.29747" lon="16.73563">
        <ele>374.52</ele>
      </trkpt>
      <trkpt lat="43.29747" lon="16.73539">
        <ele>375.91</ele>
      </trkpt>
      <trkpt lat="43.29746" lon="16.73498">
        <ele>376.72</ele>
      </trkpt>
      <trkpt lat="43.29747" lon="16.73475">
        <ele>376.88</ele>
      </trkpt>
      <trkpt lat="43.29756" lon="16.7341">
        <ele>373.5</ele>
      </trkpt>
      <trkpt lat="43.29764" lon="16.73392">
        <ele>371.84</ele>
      </trkpt>
      <trkpt lat="43.29778" lon="16.73363">
        <ele>371.1</ele>
      </trkpt>
      <trkpt lat="43.29785" lon="16.73347">
        <ele>372.42</ele>
      </trkpt>
      <trkpt lat="43.29797" lon="16.73314">
        <ele>373.59</ele>
      </trkpt>
      <trkpt lat="43.29802" lon="16.73303">
        <ele>373.84</ele>
      </trkpt>
      <trkpt lat="43.29818" lon="16.73265">
        <ele>377.03</ele>
      </trkpt>
      <trkpt lat="43.29823" lon="16.73249">
        <ele>377.53</ele>
      </trkpt>
      <trkpt lat="43.29835" lon="16.73222">
        <ele>379.18</ele>
      </trkpt>
      <trkpt lat="43.29849" lon="16.73191">
        <ele>379.92</ele>
      </trkpt>
      <trkpt lat="43.29851" lon="16.73186">
        <ele>379.69</ele>
      </trkpt>
      <trkpt lat="43.29865" lon="16.73158">
        <ele>377.94</ele>
      </trkpt>
      <trkpt lat="43.29876" lon="16.73135">
        <ele>378.28</ele>
      </trkpt>
      <trkpt lat="43.29884" lon="16.73113">
        <ele>380.23</ele>
      </trkpt>
      <trkpt lat="43.29896" lon="16.73071">
        <ele>384.84</ele>
      </trkpt>
      <trkpt lat="43.299" lon="16.73057">
        <ele>386.64</ele>
      </trkpt>
      <trkpt lat="43.29905" lon="16.73023">
        <ele>391.6</ele>
      </trkpt>
      <trkpt lat="43.29906" lon="16.73017">
        <ele>392.25</ele>
      </trkpt>
      <trkpt lat="43.29907" lon="16.72996">
        <ele>394.19</ele>
      </trkpt>
      <trkpt lat="43.29906" lon="16.72964">
        <ele>395.87</ele>
      </trkpt>
      <trkpt lat="43.29906" lon="16.72945">
        <ele>396.82</ele>
      </trkpt>
      <trkpt lat="43.29904" lon="16.72914">
        <ele>396.63</ele>
      </trkpt>
      <trkpt lat="43.29904" lon="16.72909">
        <ele>396.63</ele>
      </trkpt>
      <trkpt lat="43.29902" lon="16.72886">
        <ele>396.52</ele>
      </trkpt>
      <trkpt lat="43.29901" lon="16.72862">
        <ele>397.28</ele>
      </trkpt>
      <trkpt lat="43.29901" lon="16.72852">
        <ele>398.29</ele>
      </trkpt>
      <trkpt lat="43.299" lon="16.72826">
        <ele>400.62</ele>
      </trkpt>
      <trkpt lat="43.29898" lon="16.72798">
        <ele>401.39</ele>
      </trkpt>
      <trkpt lat="43.29898" lon="16.72793">
        <ele>401.21</ele>
      </trkpt>
      <trkpt lat="43.29899" lon="16.72777">
        <ele>400.6</ele>
      </trkpt>
      <trkpt lat="43.29899" lon="16.72777">
        <ele>400.6</ele>
      </trkpt>
      <trkpt lat="43.29899" lon="16.72776">
        <ele>400.55</ele>
      </trkpt>
      <trkpt lat="43.29899" lon="16.72775">
        <ele>400.5</ele>
      </trkpt>
      <trkpt lat="43.29902" lon="16.72773">
        <ele>400.27</ele>
      </trkpt>
      <trkpt lat="43.29907" lon="16.72776">
        <ele>400.24</ele>
      </trkpt>
      <trkpt lat="43.29911" lon="16.72782">
        <ele>400.57</ele>
      </trkpt>
      <trkpt lat="43.29925" lon="16.72796">
        <ele>401.27</ele>
      </trkpt>
      <trkpt lat="43.29927" lon="16.72799">
        <ele>401.35</ele>
      </trkpt>
      <trkpt lat="43.29945" lon="16.7282">
        <ele>399.98</ele>
      </trkpt>
      <trkpt lat="43.29964" lon="16.72849">
        <ele>399.36</ele>
      </trkpt>
      <trkpt lat="43.29966" lon="16.72854">
        <ele>399.47</ele>
      </trkpt>
      <trkpt lat="43.29977" lon="16.72875">
        <ele>398.67</ele>
      </trkpt>
      <trkpt lat="43.29976" lon="16.72873">
        <ele>398.85</ele>
      </trkpt>
      <trkpt lat="43.29976" lon="16.72876">
        <ele>398.53</ele>
      </trkpt>
      <trkpt lat="43.29976" lon="16.72876">
        <ele>398.53</ele>
      </trkpt>
      <trkpt lat="43.29977" lon="16.72876">
        <ele>398.56</ele>
      </trkpt>
      <trkpt lat="43.29981" lon="16.72881">
        <ele>398.17</ele>
      </trkpt>
      <trkpt lat="43.29999" lon="16.72893">
        <ele>397.83</ele>
      </trkpt>
      <trkpt lat="43.30027" lon="16.72909">
        <ele>400.73</ele>
      </trkpt>
      <trkpt lat="43.30057" lon="16.72925">
        <ele>402.69</ele>
      </trkpt>
      <trkpt lat="43.30067" lon="16.72929">
        <ele>402.69</ele>
      </trkpt>
      <trkpt lat="43.30067" lon="16.72929">
        <ele>402.69</ele>
      </trkpt>
      <trkpt lat="43.30066" lon="16.72928">
        <ele>402.68</ele>
      </trkpt>
      <trkpt lat="43.30064" lon="16.7293">
        <ele>402.65</ele>
      </trkpt>
      <trkpt lat="43.30069" lon="16.72937">
        <ele>402.85</ele>
      </trkpt>
      <trkpt lat="43.30085" lon="16.72953">
        <ele>404.05</ele>
      </trkpt>
      <trkpt lat="43.30098" lon="16.7296">
        <ele>402.15</ele>
      </trkpt>
      <trkpt lat="43.30107" lon="16.72966">
        <ele>400.71</ele>
      </trkpt>
      <trkpt lat="43.30111" lon="16.72971">
        <ele>400.02</ele>
      </trkpt>
      <trkpt lat="43.3012" lon="16.72993">
        <ele>397.97</ele>
      </trkpt>
      <trkpt lat="43.30122" lon="16.73">
        <ele>397.43</ele>
      </trkpt>
      <trkpt lat="43.30125" lon="16.73007">
        <ele>397.13</ele>
      </trkpt>
      <trkpt lat="43.30132" lon="16.7302">
        <ele>396.53</ele>
      </trkpt>
      <trkpt lat="43.30157" lon="16.73065">
        <ele>394.05</ele>
      </trkpt>
      <trkpt lat="43.30161" lon="16.73071">
        <ele>393.26</ele>
      </trkpt>
      <trkpt lat="43.30169" lon="16.73083">
        <ele>391.76</ele>
      </trkpt>
      <trkpt lat="43.30184" lon="16.73101">
        <ele>389.33</ele>
      </trkpt>
      <trkpt lat="43.30189" lon="16.73106">
        <ele>388.28</ele>
      </trkpt>
      <trkpt lat="43.30195" lon="16.7311">
        <ele>387.06</ele>
      </trkpt>
      <trkpt lat="43.30207" lon="16.73112">
        <ele>386.66</ele>
      </trkpt>
      <trkpt lat="43.3022" lon="16.73111">
        <ele>386.08</ele>
      </trkpt>
      <trkpt lat="43.3024" lon="16.73113">
        <ele>383.6</ele>
      </trkpt>
      <trkpt lat="43.30246" lon="16.73114">
        <ele>382.8</ele>
      </trkpt>
      <trkpt lat="43.30279" lon="16.73123">
        <ele>379.49</ele>
      </trkpt>
      <trkpt lat="43.30285" lon="16.73124">
        <ele>379.84</ele>
      </trkpt>
      <trkpt lat="43.30306" lon="16.73122">
        <ele>380.78</ele>
      </trkpt>
      <trkpt lat="43.30313" lon="16.73119">
        <ele>380.65</ele>
      </trkpt>
      <trkpt lat="43.30331" lon="16.73113">
        <ele>381.59</ele>
      </trkpt>
      <trkpt lat="43.30351" lon="16.73114">
        <ele>381.41</ele>
      </trkpt>
      <trkpt lat="43.30364" lon="16.73116">
        <ele>381.42</ele>
      </trkpt>
      <trkpt lat="43.30378" lon="16.73118">
        <ele>380.84</ele>
      </trkpt>
      <trkpt lat="43.3039" lon="16.73123">
        <ele>379.81</ele>
      </trkpt>
      <trkpt lat="43.30396" lon="16.73127">
        <ele>379.94</ele>
      </trkpt>
      <trkpt lat="43.30421" lon="16.7314">
        <ele>381.3</ele>
      </trkpt>
      <trkpt lat="43.30428" lon="16.7314">
        <ele>381.78</ele>
      </trkpt>
      <trkpt lat="43.30434" lon="16.73141">
        <ele>382.15</ele>
      </trkpt>
      <trkpt lat="43.30469" lon="16.73144">
        <ele>380.31</ele>
      </trkpt>
      <trkpt lat="43.30504" lon="16.73154">
        <ele>381.78</ele>
      </trkpt>
      <trkpt lat="43.30552" lon="16.73166">
        <ele>387.75</ele>
      </trkpt>
      <trkpt lat="43.30561" lon="16.73167">
        <ele>387.38</ele>
      </trkpt>
      <trkpt lat="43.30566" lon="16.73168">
        <ele>386.78</ele>
      </trkpt>
      <trkpt lat="43.30567" lon="16.73168">
        <ele>386.68</ele>
      </trkpt>
      <trkpt lat="43.30567" lon="16.73169">
        <ele>386.62</ele>
      </trkpt>
      <trkpt lat="43.30566" lon="16.73169">
        <ele>386.71</ele>
      </trkpt>
      <trkpt lat="43.30567" lon="16.73169">
        <ele>386.62</ele>
      </trkpt>
      <trkpt lat="43.30569" lon="16.7317">
        <ele>386.36</ele>
      </trkpt>
      <trkpt lat="43.30579" lon="16.73173">
        <ele>385.36</ele>
      </trkpt>
      <trkpt lat="43.30598" lon="16.73176">
        <ele>383.07</ele>
      </trkpt>
      <trkpt lat="43.30602" lon="16.73176">
        <ele>382.54</ele>
      </trkpt>
      <trkpt lat="43.30633" lon="16.73178">
        <ele>381.41</ele>
      </trkpt>
      <trkpt lat="43.30659" lon="16.73186">
        <ele>381.7</ele>
      </trkpt>
      <trkpt lat="43.30664" lon="16.73186">
        <ele>381.7</ele>
      </trkpt>
      <trkpt lat="43.30669" lon="16.73185">
        <ele>381.58</ele>
      </trkpt>
      <trkpt lat="43.30679" lon="16.73182">
        <ele>381.11</ele>
      </trkpt>
      <trkpt lat="43.30703" lon="16.73181">
        <ele>379.75</ele>
      </trkpt>
      <trkpt lat="43.3073" lon="16.73189">
        <ele>378.1</ele>
      </trkpt>
      <trkpt lat="43.30762" lon="16.73196">
        <ele>376.58</ele>
      </trkpt>
      <trkpt lat="43.30802" lon="16.73209">
        <ele>375.43</ele>
      </trkpt>
      <trkpt lat="43.30836" lon="16.73217">
        <ele>376.73</ele>
      </trkpt>
      <trkpt lat="43.30867" lon="16.73216">
        <ele>376.72</ele>
      </trkpt>
      <trkpt lat="43.30894" lon="16.73215">
        <ele>377.22</ele>
      </trkpt>
      <trkpt lat="43.30901" lon="16.73216">
        <ele>377.33</ele>
      </trkpt>
      <trkpt lat="43.30917" lon="16.73219">
        <ele>377.47</ele>
      </trkpt>
      <trkpt lat="43.30943" lon="16.7322">
        <ele>378.19</ele>
      </trkpt>
      <trkpt lat="43.3095" lon="16.73222">
        <ele>378.02</ele>
      </trkpt>
      <trkpt lat="43.30956" lon="16.73224">
        <ele>378.11</ele>
      </trkpt>
      <trkpt lat="43.30956" lon="16.73224">
        <ele>378.11</ele>
      </trkpt>
      <trkpt lat="43.30957" lon="16.73222">
        <ele>378.01</ele>
      </trkpt>
      <trkpt lat="43.30957" lon="16.73222">
        <ele>378.01</ele>
      </trkpt>
      <trkpt lat="43.30957" lon="16.73222">
        <ele>378.01</ele>
      </trkpt>
      <trkpt lat="43.30957" lon="16.73222">
        <ele>378.01</ele>
      </trkpt>
      <trkpt lat="43.30954" lon="16.73222">
        <ele>378.02</ele>
      </trkpt>
      <trkpt lat="43.30955" lon="16.73224">
        <ele>378.1</ele>
      </trkpt>
      <trkpt lat="43.30955" lon="16.73225">
        <ele>378.15</ele>
      </trkpt>
      <trkpt lat="43.30955" lon="16.73225">
        <ele>378.15</ele>
      </trkpt>
      <trkpt lat="43.30954" lon="16.73223">
        <ele>378.04</ele>
      </trkpt>
      <trkpt lat="43.30959" lon="16.73223">
        <ele>378.06</ele>
      </trkpt>
      <trkpt lat="43.30965" lon="16.73221">
        <ele>378.03</ele>
      </trkpt>
      <trkpt lat="43.30977" lon="16.73215">
        <ele>378.6</ele>
      </trkpt>
      <trkpt lat="43.30998" lon="16.73203">
        <ele>380.43</ele>
      </trkpt>
      <trkpt lat="43.31015" lon="16.73176">
        <ele>380.11</ele>
      </trkpt>
      <trkpt lat="43.3102" lon="16.73167">
        <ele>380.18</ele>
      </trkpt>
      <trkpt lat="43.31033" lon="16.73137">
        <ele>384.16</ele>
      </trkpt>
      <trkpt lat="43.31037" lon="16.73124">
        <ele>385.43</ele>
      </trkpt>
      <trkpt lat="43.31044" lon="16.73115">
        <ele>386.72</ele>
      </trkpt>
      <trkpt lat="43.3105" lon="16.73109">
        <ele>387.55</ele>
      </trkpt>
      <trkpt lat="43.31057" lon="16.73094">
        <ele>387.92</ele>
      </trkpt>
      <trkpt lat="43.31059" lon="16.7308">
        <ele>387.53</ele>
      </trkpt>
      <trkpt lat="43.31062" lon="16.73067">
        <ele>386.5</ele>
      </trkpt>
      <trkpt lat="43.31063" lon="16.73062">
        <ele>386.13</ele>
      </trkpt>
      <trkpt lat="43.31063" lon="16.73059">
        <ele>385.95</ele>
      </trkpt>
      <trkpt lat="43.31063" lon="16.73061">
        <ele>386.07</ele>
      </trkpt>
      <trkpt lat="43.31062" lon="16.73059">
        <ele>385.99</ele>
      </trkpt>
      <trkpt lat="43.31066" lon="16.73051">
        <ele>385.66</ele>
      </trkpt>
      <trkpt lat="43.31075" lon="16.73027">
        <ele>384.87</ele>
      </trkpt>
      <trkpt lat="43.31084" lon="16.73006">
        <ele>382.33</ele>
      </trkpt>
      <trkpt lat="43.31087" lon="16.72999">
        <ele>381.4</ele>
      </trkpt>
      <trkpt lat="43.31101" lon="16.72969">
        <ele>377.46</ele>
      </trkpt>
      <trkpt lat="43.31122" lon="16.72947">
        <ele>376.71</ele>
      </trkpt>
      <trkpt lat="43.31131" lon="16.72936">
        <ele>378.69</ele>
      </trkpt>
      <trkpt lat="43.31134" lon="16.72925">
        <ele>380.78</ele>
      </trkpt>
      <trkpt lat="43.31137" lon="16.72905">
        <ele>384.31</ele>
      </trkpt>
      <trkpt lat="43.31138" lon="16.72884">
        <ele>386.82</ele>
      </trkpt>
      <trkpt lat="43.31142" lon="16.72831">
        <ele>387.01</ele>
      </trkpt>
      <trkpt lat="43.31147" lon="16.72814">
        <ele>386.19</ele>
      </trkpt>
      <trkpt lat="43.3115" lon="16.72807">
        <ele>385.69</ele>
      </trkpt>
      <trkpt lat="43.31157" lon="16.72794">
        <ele>385.08</ele>
      </trkpt>
      <trkpt lat="43.31157" lon="16.7279">
        <ele>384.98</ele>
      </trkpt>
      <trkpt lat="43.31163" lon="16.72775">
        <ele>384.39</ele>
      </trkpt>
      <trkpt lat="43.31176" lon="16.72766">
        <ele>384.04</ele>
      </trkpt>
      <trkpt lat="43.31178" lon="16.72765">
        <ele>384.02</ele>
      </trkpt>
      <trkpt lat="43.31195" lon="16.7276">
        <ele>384.0</ele>
      </trkpt>
      <trkpt lat="43.31198" lon="16.72761">
        <ele>384.3</ele>
      </trkpt>
      <trkpt lat="43.31212" lon="16.7276">
        <ele>386.4</ele>
      </trkpt>
      <trkpt lat="43.31219" lon="16.72761">
        <ele>387.18</ele>
      </trkpt>
      <trkpt lat="43.31232" lon="16.72761">
        <ele>386.49</ele>
      </trkpt>
      <trkpt lat="43.31234" lon="16.72761">
        <ele>386.26</ele>
      </trkpt>
      <trkpt lat="43.31244" lon="16.72759">
        <ele>385.13</ele>
      </trkpt>
      <trkpt lat="43.31248" lon="16.72758">
        <ele>384.57</ele>
      </trkpt>
      <trkpt lat="43.31252" lon="16.72756">
        <ele>384.69</ele>
      </trkpt>
      <trkpt lat="43.31253" lon="16.72755">
        <ele>384.9</ele>
      </trkpt>
      <trkpt lat="43.31264" lon="16.72752">
        <ele>387.53</ele>
      </trkpt>
      <trkpt lat="43.31281" lon="16.72746">
        <ele>391.2</ele>
      </trkpt>
      <trkpt lat="43.31286" lon="16.72744">
        <ele>391.67</ele>
      </trkpt>
      <trkpt lat="43.31296" lon="16.72734">
        <ele>392.39</ele>
      </trkpt>
      <trkpt lat="43.31298" lon="16.72733">
        <ele>392.57</ele>
      </trkpt>
      <trkpt lat="43.31306" lon="16.72723">
        <ele>393.11</ele>
      </trkpt>
      <trkpt lat="43.31314" lon="16.72722">
        <ele>394.53</ele>
      </trkpt>
      <trkpt lat="43.31316" lon="16.72721">
        <ele>394.95</ele>
      </trkpt>
      <trkpt lat="43.31324" lon="16.72714">
        <ele>396.72</ele>
      </trkpt>
      <trkpt lat="43.31328" lon="16.72711">
        <ele>397.52</ele>
      </trkpt>
      <trkpt lat="43.31338" lon="16.72701">
        <ele>400.64</ele>
      </trkpt>
      <trkpt lat="43.31341" lon="16.72697">
        <ele>401.79</ele>
      </trkpt>
      <trkpt lat="43.31348" lon="16.72689">
        <ele>404.63</ele>
      </trkpt>
      <trkpt lat="43.31356" lon="16.7268">
        <ele>406.89</ele>
      </trkpt>
      <trkpt lat="43.31357" lon="16.72679">
        <ele>407.07</ele>
      </trkpt>
      <trkpt lat="43.31369" lon="16.72668">
        <ele>408.26</ele>
      </trkpt>
      <trkpt lat="43.31375" lon="16.72652">
        <ele>408.47</ele>
      </trkpt>
      <trkpt lat="43.31376" lon="16.72647">
        <ele>408.39</ele>
      </trkpt>
      <trkpt lat="43.3138" lon="16.72628">
        <ele>408.09</ele>
      </trkpt>
      <trkpt lat="43.31386" lon="16.72605">
        <ele>408.34</ele>
      </trkpt>
      <trkpt lat="43.3139" lon="16.72596">
        <ele>409.07</ele>
      </trkpt>
      <trkpt lat="43.31394" lon="16.72582">
        <ele>409.79</ele>
      </trkpt>
      <trkpt lat="43.31395" lon="16.72576">
        <ele>409.63</ele>
      </trkpt>
      <trkpt lat="43.31397" lon="16.72553">
        <ele>409.48</ele>
      </trkpt>
      <trkpt lat="43.31401" lon="16.72518">
        <ele>411.7</ele>
      </trkpt>
      <trkpt lat="43.31401" lon="16.72512">
        <ele>411.86</ele>
      </trkpt>
      <trkpt lat="43.31395" lon="16.72498">
        <ele>411.22</ele>
      </trkpt>
      <trkpt lat="43.31382" lon="16.7249">
        <ele>410.65</ele>
      </trkpt>
      <trkpt lat="43.31377" lon="16.72488">
        <ele>410.5</ele>
      </trkpt>
      <trkpt lat="43.31367" lon="16.72481">
        <ele>410.19</ele>
      </trkpt>
      <trkpt lat="43.31357" lon="16.72474">
        <ele>410.08</ele>
      </trkpt>
      <trkpt lat="43.31347" lon="16.72465">
        <ele>410.38</ele>
      </trkpt>
      <trkpt lat="43.3134" lon="16.72457">
        <ele>410.91</ele>
      </trkpt>
      <trkpt lat="43.31335" lon="16.72448">
        <ele>411.66</ele>
      </trkpt>
      <trkpt lat="43.31333" lon="16.72441">
        <ele>410.6</ele>
      </trkpt>
      <trkpt lat="43.31333" lon="16.72439">
        <ele>409.8</ele>
      </trkpt>
      <trkpt lat="43.31333" lon="16.72441">
        <ele>410.6</ele>
      </trkpt>
      <trkpt lat="43.31333" lon="16.72435">
        <ele>408.22</ele>
      </trkpt>
      <trkpt lat="43.31333" lon="16.72435">
        <ele>408.22</ele>
      </trkpt>
      <trkpt lat="43.31332" lon="16.72434">
        <ele>407.68</ele>
      </trkpt>
      <trkpt lat="43.31336" lon="16.7243">
        <ele>406.1</ele>
      </trkpt>
      <trkpt lat="43.3134" lon="16.7243">
        <ele>405.82</ele>
      </trkpt>
      <trkpt lat="43.31357" lon="16.72435">
        <ele>406.01</ele>
      </trkpt>
      <trkpt lat="43.31359" lon="16.72435">
        <ele>405.82</ele>
      </trkpt>
      <trkpt lat="43.31375" lon="16.72439">
        <ele>407.23</ele>
      </trkpt>
      <trkpt lat="43.31379" lon="16.72441">
        <ele>407.86</ele>
      </trkpt>
      <trkpt lat="43.31393" lon="16.72441">
        <ele>408.46</ele>
      </trkpt>
      <trkpt lat="43.31395" lon="16.72441">
        <ele>408.56</ele>
      </trkpt>
      <trkpt lat="43.31414" lon="16.72433">
        <ele>408.55</ele>
      </trkpt>
      <trkpt lat="43.31433" lon="16.72426">
        <ele>408.98</ele>
      </trkpt>
      <trkpt lat="43.31442" lon="16.7242">
        <ele>409.66</ele>
      </trkpt>
      <trkpt lat="43.31451" lon="16.7241">
        <ele>409.17</ele>
      </trkpt>
      <trkpt lat="43.31464" lon="16.72395">
        <ele>406.64</ele>
      </trkpt>
      <trkpt lat="43.31477" lon="16.72378">
        <ele>404.37</ele>
      </trkpt>
      <trkpt lat="43.31479" lon="16.72375">
        <ele>404.13</ele>
      </trkpt>
      <trkpt lat="43.31492" lon="16.72354">
        <ele>402.17</ele>
      </trkpt>
      <trkpt lat="43.31509" lon="16.72335">
        <ele>401.73</ele>
      </trkpt>
      <trkpt lat="43.31528" lon="16.72329">
        <ele>402.06</ele>
      </trkpt>
      <trkpt lat="43.31531" lon="16.72328">
        <ele>401.83</ele>
      </trkpt>
      <trkpt lat="43.31551" lon="16.72327">
        <ele>401.44</ele>
      </trkpt>
      <trkpt lat="43.31568" lon="16.7233">
        <ele>402.88</ele>
      </trkpt>
      <trkpt lat="43.31581" lon="16.72335">
        <ele>404.09</ele>
      </trkpt>
      <trkpt lat="43.31591" lon="16.72331">
        <ele>404.94</ele>
      </trkpt>
      <trkpt lat="43.31615" lon="16.72307">
        <ele>406.24</ele>
      </trkpt>
      <trkpt lat="43.31626" lon="16.72293">
        <ele>405.18</ele>
      </trkpt>
      <trkpt lat="43.31645" lon="16.72281">
        <ele>404.59</ele>
      </trkpt>
      <trkpt lat="43.31658" lon="16.72271">
        <ele>404.54</ele>
      </trkpt>
      <trkpt lat="43.31675" lon="16.72263">
        <ele>404.82</ele>
      </trkpt>
      <trkpt lat="43.31685" lon="16.7226">
        <ele>404.39</ele>
      </trkpt>
      <trkpt lat="43.31694" lon="16.72258">
        <ele>403.88</ele>
      </trkpt>
      <trkpt lat="43.31708" lon="16.72244">
        <ele>403.98</ele>
      </trkpt>
      <trkpt lat="43.31712" lon="16.72236">
        <ele>404.13</ele>
      </trkpt>
      <trkpt lat="43.31717" lon="16.7223">
        <ele>404.17</ele>
      </trkpt>
      <trkpt lat="43.31721" lon="16.72228">
        <ele>404.19</ele>
      </trkpt>
      <trkpt lat="43.31724" lon="16.72227">
        <ele>404.33</ele>
      </trkpt>
      <trkpt lat="43.31733" lon="16.72228">
        <ele>405.13</ele>
      </trkpt>
      <trkpt lat="43.31735" lon="16.72229">
        <ele>405.29</ele>
      </trkpt>
      <trkpt lat="43.31737" lon="16.7223">
        <ele>405.43</ele>
      </trkpt>
      <trkpt lat="43.3175" lon="16.72234">
        <ele>406.15</ele>
      </trkpt>
      <trkpt lat="43.31756" lon="16.72234">
        <ele>407.02</ele>
      </trkpt>
      <trkpt lat="43.3176" lon="16.72233">
        <ele>407.66</ele>
      </trkpt>
      <trkpt lat="43.31767" lon="16.72233">
        <ele>408.67</ele>
      </trkpt>
      <trkpt lat="43.31769" lon="16.72233">
        <ele>408.96</ele>
      </trkpt>
      <trkpt lat="43.3178" lon="16.72235">
        <ele>410.59</ele>
      </trkpt>
      <trkpt lat="43.31788" lon="16.72237">
        <ele>412.36</ele>
      </trkpt>
      <trkpt lat="43.31792" lon="16.72239">
        <ele>413.28</ele>
      </trkpt>
      <trkpt lat="43.31806" lon="16.72241">
        <ele>416.76</ele>
      </trkpt>
      <trkpt lat="43.31808" lon="16.72241">
        <ele>417.12</ele>
      </trkpt>
      <trkpt lat="43.3182" lon="16.72245">
        <ele>419.42</ele>
      </trkpt>
      <trkpt lat="43.3183" lon="16.72251">
        <ele>421.44</ele>
      </trkpt>
      <trkpt lat="43.31835" lon="16.72253">
        <ele>422.07</ele>
      </trkpt>
      <trkpt lat="43.31848" lon="16.72261">
        <ele>422.7</ele>
      </trkpt>
      <trkpt lat="43.31859" lon="16.72261">
        <ele>422.94</ele>
      </trkpt>
      <trkpt lat="43.31862" lon="16.72258">
        <ele>422.35</ele>
      </trkpt>
      <trkpt lat="43.31869" lon="16.72245">
        <ele>420.2</ele>
      </trkpt>
      <trkpt lat="43.31879" lon="16.72214">
        <ele>417.29</ele>
      </trkpt>
      <trkpt lat="43.31885" lon="16.7218">
        <ele>414.93</ele>
      </trkpt>
      <trkpt lat="43.31885" lon="16.72172">
        <ele>415.14</ele>
      </trkpt>
      <trkpt lat="43.31886" lon="16.72164">
        <ele>415.12</ele>
      </trkpt>
      <trkpt lat="43.31889" lon="16.72123">
        <ele>413.99</ele>
      </trkpt>
      <trkpt lat="43.3189" lon="16.72115">
        <ele>413.89</ele>
      </trkpt>
      <trkpt lat="43.31895" lon="16.72086">
        <ele>412.94</ele>
      </trkpt>
      <trkpt lat="43.31898" lon="16.72067">
        <ele>412.95</ele>
      </trkpt>
      <trkpt lat="43.31904" lon="16.72036">
        <ele>413.11</ele>
      </trkpt>
      <trkpt lat="43.31912" lon="16.71986">
        <ele>415.0</ele>
      </trkpt>
      <trkpt lat="43.31914" lon="16.71977">
        <ele>415.0</ele>
      </trkpt>
      <trkpt lat="43.31916" lon="16.71972">
        <ele>414.99</ele>
      </trkpt>
      <trkpt lat="43.31919" lon="16.71969">
        <ele>414.48</ele>
      </trkpt>
      <trkpt lat="43.31919" lon="16.71968">
        <ele>414.45</ele>
      </trkpt>
      <trkpt lat="43.31919" lon="16.71968">
        <ele>414.45</ele>
      </trkpt>
      <trkpt lat="43.31928" lon="16.71962">
        <ele>412.89</ele>
      </trkpt>
      <trkpt lat="43.31943" lon="16.71948">
        <ele>411.04</ele>
      </trkpt>
      <trkpt lat="43.31956" lon="16.71927">
        <ele>411.26</ele>
      </trkpt>
      <trkpt lat="43.31965" lon="16.71905">
        <ele>412.47</ele>
      </trkpt>
      <trkpt lat="43.31966" lon="16.71901">
        <ele>412.78</ele>
      </trkpt>
      <trkpt lat="43.31973" lon="16.71877">
        <ele>413.56</ele>
      </trkpt>
      <trkpt lat="43.31974" lon="16.71872">
        <ele>413.37</ele>
      </trkpt>
      <trkpt lat="43.31986" lon="16.71847">
        <ele>413.26</ele>
      </trkpt>
      <trkpt lat="43.31993" lon="16.71836">
        <ele>413.23</ele>
      </trkpt>
      <trkpt lat="43.31999" lon="16.71823">
        <ele>414.14</ele>
      </trkpt>
      <trkpt lat="43.32008" lon="16.71789">
        <ele>416.42</ele>
      </trkpt>
      <trkpt lat="43.32018" lon="16.71752">
        <ele>418.43</ele>
      </trkpt>
      <trkpt lat="43.32022" lon="16.71736">
        <ele>419.57</ele>
      </trkpt>
      <trkpt lat="43.32027" lon="16.71715">
        <ele>420.12</ele>
      </trkpt>
      <trkpt lat="43.3204" lon="16.71665">
        <ele>415.11</ele>
      </trkpt>
      <trkpt lat="43.32059" lon="16.71632">
        <ele>415.37</ele>
      </trkpt>
      <trkpt lat="43.32075" lon="16.71606">
        <ele>415.62</ele>
      </trkpt>
      <trkpt lat="43.32082" lon="16.71588">
        <ele>414.94</ele>
      </trkpt>
      <trkpt lat="43.32084" lon="16.71582">
        <ele>415.07</ele>
      </trkpt>
      <trkpt lat="43.32091" lon="16.71563">
        <ele>416.21</ele>
      </trkpt>
      <trkpt lat="43.32097" lon="16.71552">
        <ele>416.73</ele>
      </trkpt>
      <trkpt lat="43.32123" lon="16.71493">
        <ele>411.89</ele>
      </trkpt>
      <trkpt lat="43.32139" lon="16.71457">
        <ele>410.02</ele>
      </trkpt>
      <trkpt lat="43.32157" lon="16.71417">
        <ele>412.95</ele>
      </trkpt>
      <trkpt lat="43.3216" lon="16.71412">
        <ele>413.24</ele>
      </trkpt>
      <trkpt lat="43.32172" lon="16.7138">
        <ele>415.09</ele>
      </trkpt>
      <trkpt lat="43.32173" lon="16.71374">
        <ele>415.65</ele>
      </trkpt>
      <trkpt lat="43.32177" lon="16.71332">
        <ele>419.52</ele>
      </trkpt>
      <trkpt lat="43.32184" lon="16.7126">
        <ele>419.19</ele>
      </trkpt>
      <trkpt lat="43.32188" lon="16.7123">
        <ele>418.06</ele>
      </trkpt>
      <trkpt lat="43.32191" lon="16.71202">
        <ele>418.55</ele>
      </trkpt>
      <trkpt lat="43.32193" lon="16.71185">
        <ele>419.54</ele>
      </trkpt>
      <trkpt lat="43.32194" lon="16.71174">
        <ele>420.42</ele>
      </trkpt>
      <trkpt lat="43.32198" lon="16.71147">
        <ele>420.41</ele>
      </trkpt>
      <trkpt lat="43.322" lon="16.71137">
        <ele>420.09</ele>
      </trkpt>
      <trkpt lat="43.32206" lon="16.711">
        <ele>417.13</ele>
      </trkpt>
      <trkpt lat="43.3221" lon="16.71073">
        <ele>415.07</ele>
      </trkpt>
      <trkpt lat="43.32213" lon="16.71033">
        <ele>414.33</ele>
      </trkpt>
      <trkpt lat="43.32215" lon="16.70984">
        <ele>413.38</ele>
      </trkpt>
      <trkpt lat="43.32217" lon="16.7095">
        <ele>410.7</ele>
      </trkpt>
      <trkpt lat="43.32218" lon="16.70938">
        <ele>410.04</ele>
      </trkpt>
      <trkpt lat="43.32218" lon="16.70924">
        <ele>409.46</ele>
      </trkpt>
      <trkpt lat="43.3222" lon="16.70897">
        <ele>408.2</ele>
      </trkpt>
      <trkpt lat="43.32223" lon="16.70858">
        <ele>405.97</ele>
      </trkpt>
      <trkpt lat="43.3223" lon="16.708">
        <ele>406.36</ele>
      </trkpt>
      <trkpt lat="43.32231" lon="16.7079">
        <ele>406.61</ele>
      </trkpt>
      <trkpt lat="43.32235" lon="16.70743">
        <ele>407.79</ele>
      </trkpt>
      <trkpt lat="43.32238" lon="16.70681">
        <ele>409.63</ele>
      </trkpt>
      <trkpt lat="43.32241" lon="16.70622">
        <ele>405.53</ele>
      </trkpt>
      <trkpt lat="43.32242" lon="16.70613">
        <ele>404.63</ele>
      </trkpt>
      <trkpt lat="43.32242" lon="16.70604">
        <ele>404.24</ele>
      </trkpt>
      <trkpt lat="43.32242" lon="16.70595">
        <ele>404.01</ele>
      </trkpt>
      <trkpt lat="43.32239" lon="16.70576">
        <ele>403.87</ele>
      </trkpt>
      <trkpt lat="43.32237" lon="16.70567">
        <ele>404.12</ele>
      </trkpt>
      <trkpt lat="43.32235" lon="16.70557">
        <ele>404.41</ele>
      </trkpt>
      <trkpt lat="43.32229" lon="16.70518">
        <ele>402.99</ele>
      </trkpt>
      <trkpt lat="43.32229" lon="16.70508">
        <ele>402.72</ele>
      </trkpt>
      <trkpt lat="43.32232" lon="16.70467">
        <ele>401.02</ele>
      </trkpt>
      <trkpt lat="43.32236" lon="16.70446">
        <ele>402.39</ele>
      </trkpt>
      <trkpt lat="43.32243" lon="16.70386">
        <ele>404.41</ele>
      </trkpt>
      <trkpt lat="43.32244" lon="16.70377">
        <ele>404.89</ele>
      </trkpt>
      <trkpt lat="43.32241" lon="16.70354">
        <ele>406.02</ele>
      </trkpt>
      <trkpt lat="43.32239" lon="16.70346">
        <ele>406.26</ele>
      </trkpt>
      <trkpt lat="43.32237" lon="16.70331">
        <ele>406.68</ele>
      </trkpt>
      <trkpt lat="43.32236" lon="16.70314">
        <ele>407.18</ele>
      </trkpt>
      <trkpt lat="43.32241" lon="16.70281">
        <ele>408.6</ele>
      </trkpt>
      <trkpt lat="43.32254" lon="16.70243">
        <ele>408.18</ele>
      </trkpt>
      <trkpt lat="43.3226" lon="16.70203">
        <ele>406.95</ele>
      </trkpt>
      <trkpt lat="43.32264" lon="16.70137">
        <ele>405.03</ele>
      </trkpt>
      <trkpt lat="43.32272" lon="16.70093">
        <ele>405.39</ele>
      </trkpt>
      <trkpt lat="43.32287" lon="16.70037">
        <ele>402.22</ele>
      </trkpt>
      <trkpt lat="43.32289" lon="16.70028">
        <ele>402.0</ele>
      </trkpt>
      <trkpt lat="43.32302" lon="16.69976">
        <ele>401.07</ele>
      </trkpt>
      <trkpt lat="43.32303" lon="16.69973">
        <ele>400.75</ele>
      </trkpt>
      <trkpt lat="43.32304" lon="16.69972">
        <ele>400.46</ele>
      </trkpt>
      <trkpt lat="43.32305" lon="16.69972">
        <ele>400.17</ele>
      </trkpt>
      <trkpt lat="43.32304" lon="16.69972">
        <ele>400.46</ele>
      </trkpt>
      <trkpt lat="43.32304" lon="16.69972">
        <ele>400.46</ele>
      </trkpt>
      <trkpt lat="43.32308" lon="16.69974">
        <ele>400.42</ele>
      </trkpt>
      <trkpt lat="43.3231" lon="16.69976">
        <ele>400.78</ele>
      </trkpt>
      <trkpt lat="43.32316" lon="16.69982">
        <ele>401.86</ele>
      </trkpt>
      <trkpt lat="43.32331" lon="16.69995">
        <ele>404.48</ele>
      </trkpt>
      <trkpt lat="43.32346" lon="16.70008">
        <ele>401.25</ele>
      </trkpt>
      <trkpt lat="43.32361" lon="16.70022">
        <ele>401.36</ele>
      </trkpt>
      <trkpt lat="43.32371" lon="16.70032">
        <ele>403.17</ele>
      </trkpt>
      <trkpt lat="43.32403" lon="16.70066">
        <ele>406.33</ele>
      </trkpt>
      <trkpt lat="43.32413" lon="16.70069">
        <ele>406.83</ele>
      </trkpt>
      <trkpt lat="43.32415" lon="16.70071">
        <ele>406.81</ele>
      </trkpt>
      <trkpt lat="43.32415" lon="16.70071">
        <ele>406.81</ele>
      </trkpt>
      <trkpt lat="43.32418" lon="16.70067">
        <ele>407.22</ele>
      </trkpt>
      <trkpt lat="43.3242" lon="16.70065">
        <ele>407.44</ele>
      </trkpt>
      <trkpt lat="43.32433" lon="16.70057">
        <ele>408.48</ele>
      </trkpt>
      <trkpt lat="43.32435" lon="16.70056">
        <ele>408.63</ele>
      </trkpt>
      <trkpt lat="43.32443" lon="16.70045">
        <ele>408.57</ele>
      </trkpt>
      <trkpt lat="43.3246" lon="16.70019">
        <ele>407.82</ele>
      </trkpt>
      <trkpt lat="43.32464" lon="16.70008">
        <ele>407.5</ele>
      </trkpt>
      <trkpt lat="43.32466" lon="16.69996">
        <ele>407.26</ele>
      </trkpt>
      <trkpt lat="43.32467" lon="16.69988">
        <ele>407.27</ele>
      </trkpt>
      <trkpt lat="43.32471" lon="16.69968">
        <ele>407.23</ele>
      </trkpt>
      <trkpt lat="43.32484" lon="16.69947">
        <ele>407.02</ele>
      </trkpt>
      <trkpt lat="43.3249" lon="16.69928">
        <ele>407.69</ele>
      </trkpt>
      <trkpt lat="43.32495" lon="16.69914">
        <ele>408.45</ele>
      </trkpt>
      <trkpt lat="43.32503" lon="16.69888">
        <ele>410.75</ele>
      </trkpt>
      <trkpt lat="43.32505" lon="16.69879">
        <ele>411.3</ele>
      </trkpt>
      <trkpt lat="43.32508" lon="16.69864">
        <ele>412.44</ele>
      </trkpt>
      <trkpt lat="43.3251" lon="16.69855">
        <ele>413.24</ele>
      </trkpt>
      <trkpt lat="43.3251" lon="16.69852">
        <ele>413.53</ele>
      </trkpt>
      <trkpt lat="43.32509" lon="16.69842">
        <ele>414.5</ele>
      </trkpt>
      <trkpt lat="43.3251" lon="16.69839">
        <ele>414.81</ele>
      </trkpt>
      <trkpt lat="43.32511" lon="16.69832">
        <ele>415.47</ele>
      </trkpt>
      <trkpt lat="43.32515" lon="16.69821">
        <ele>416.19</ele>
      </trkpt>
      <trkpt lat="43.32521" lon="16.69805">
        <ele>417.02</ele>
      </trkpt>
      <trkpt lat="43.32524" lon="16.69792">
        <ele>417.49</ele>
      </trkpt>
      <trkpt lat="43.32524" lon="16.69787">
        <ele>417.67</ele>
      </trkpt>
      <trkpt lat="43.32525" lon="16.69779">
        <ele>417.96</ele>
      </trkpt>
      <trkpt lat="43.32525" lon="16.69765">
        <ele>418.83</ele>
      </trkpt>
      <trkpt lat="43.32525" lon="16.69758">
        <ele>419.28</ele>
      </trkpt>
      <trkpt lat="43.32528" lon="16.69749">
        <ele>420.02</ele>
      </trkpt>
      <trkpt lat="43.32529" lon="16.69745">
        <ele>420.1</ele>
      </trkpt>
      <trkpt lat="43.32534" lon="16.69734">
        <ele>420.58</ele>
      </trkpt>
      <trkpt lat="43.32536" lon="16.69732">
        <ele>420.78</ele>
      </trkpt>
      <trkpt lat="43.32539" lon="16.69728">
        <ele>421.13</ele>
      </trkpt>
      <trkpt lat="43.32542" lon="16.69725">
        <ele>421.48</ele>
      </trkpt>
      <trkpt lat="43.32543" lon="16.69723">
        <ele>421.63</ele>
      </trkpt>
      <trkpt lat="43.32545" lon="16.69719">
        <ele>421.98</ele>
      </trkpt>
      <trkpt lat="43.32547" lon="16.69717">
        <ele>422.26</ele>
      </trkpt>
      <trkpt lat="43.3255" lon="16.69706">
        <ele>422.98</ele>
      </trkpt>
      <trkpt lat="43.32553" lon="16.69688">
        <ele>423.49</ele>
      </trkpt>
      <trkpt lat="43.32554" lon="16.69686">
        <ele>423.53</ele>
      </trkpt>
      <trkpt lat="43.32559" lon="16.69669">
        <ele>423.28</ele>
      </trkpt>
      <trkpt lat="43.32567" lon="16.69658">
        <ele>423.95</ele>
      </trkpt>
      <trkpt lat="43.32568" lon="16.69656">
        <ele>424.07</ele>
      </trkpt>
      <trkpt lat="43.32577" lon="16.69643">
        <ele>425.2</ele>
      </trkpt>
      <trkpt lat="43.32582" lon="16.69622">
        <ele>426.49</ele>
      </trkpt>
      <trkpt lat="43.32582" lon="16.69619">
        <ele>426.61</ele>
      </trkpt>
      <trkpt lat="43.32581" lon="16.69606">
        <ele>427.03</ele>
      </trkpt>
      <trkpt lat="43.3258" lon="16.69597">
        <ele>427.33</ele>
      </trkpt>
      <trkpt lat="43.3258" lon="16.69585">
        <ele>427.81</ele>
      </trkpt>
      <trkpt lat="43.32582" lon="16.69576">
        <ele>428.73</ele>
      </trkpt>
      <trkpt lat="43.32585" lon="16.69565">
        <ele>430.04</ele>
      </trkpt>
      <trkpt lat="43.32586" lon="16.69556">
        <ele>431.05</ele>
      </trkpt>
      <trkpt lat="43.32584" lon="16.69548">
        <ele>431.56</ele>
      </trkpt>
      <trkpt lat="43.32575" lon="16.69523">
        <ele>432.86</ele>
      </trkpt>
      <trkpt lat="43.32574" lon="16.6952">
        <ele>433.07</ele>
      </trkpt>
      <trkpt lat="43.32568" lon="16.69496">
        <ele>434.42</ele>
      </trkpt>
      <trkpt lat="43.32567" lon="16.69485">
        <ele>434.55</ele>
      </trkpt>
      <trkpt lat="43.3257" lon="16.69473">
        <ele>435.03</ele>
      </trkpt>
      <trkpt lat="43.32582" lon="16.69452">
        <ele>436.6</ele>
      </trkpt>
      <trkpt lat="43.32585" lon="16.69445">
        <ele>436.92</ele>
      </trkpt>
      <trkpt lat="43.32595" lon="16.69427">
        <ele>436.94</ele>
      </trkpt>
      <trkpt lat="43.32608" lon="16.694">
        <ele>437.09</ele>
      </trkpt>
      <trkpt lat="43.32621" lon="16.69378">
        <ele>436.04</ele>
      </trkpt>
      <trkpt lat="43.32623" lon="16.69376">
        <ele>435.72</ele>
      </trkpt>
      <trkpt lat="43.32622" lon="16.69378">
        <ele>435.96</ele>
      </trkpt>
      <trkpt lat="43.32617" lon="16.69383">
        <ele>436.82</ele>
      </trkpt>
      <trkpt lat="43.32609" lon="16.69397">
        <ele>437.3</ele>
      </trkpt>
      <trkpt lat="43.32607" lon="16.69397">
        <ele>437.19</ele>
      </trkpt>
      <trkpt lat="43.32607" lon="16.69397">
        <ele>437.19</ele>
      </trkpt>
      <trkpt lat="43.32606" lon="16.69396">
        <ele>437.17</ele>
      </trkpt>
      <trkpt lat="43.32606" lon="16.69396">
        <ele>437.17</ele>
      </trkpt>
      <trkpt lat="43.32607" lon="16.69398">
        <ele>437.14</ele>
      </trkpt>
      <trkpt lat="43.32607" lon="16.69398">
        <ele>437.14</ele>
      </trkpt>
      <trkpt lat="43.32606" lon="16.69395">
        <ele>437.21</ele>
      </trkpt>
      <trkpt lat="43.32606" lon="16.69393">
        <ele>437.29</ele>
      </trkpt>
      <trkpt lat="43.32606" lon="16.69378">
        <ele>436.49</ele>
      </trkpt>
      <trkpt lat="43.32606" lon="16.69373">
        <ele>436.05</ele>
      </trkpt>
      <trkpt lat="43.32608" lon="16.69362">
        <ele>435.09</ele>
      </trkpt>
      <trkpt lat="43.32614" lon="16.69348">
        <ele>433.53</ele>
      </trkpt>
      <trkpt lat="43.32617" lon="16.69343">
        <ele>432.97</ele>
      </trkpt>
      <trkpt lat="43.32632" lon="16.69318">
        <ele>430.9</ele>
      </trkpt>
      <trkpt lat="43.32645" lon="16.69295">
        <ele>428.97</ele>
      </trkpt>
      <trkpt lat="43.32648" lon="16.69292">
        <ele>428.69</ele>
      </trkpt>
      <trkpt lat="43.32667" lon="16.69265">
        <ele>427.07</ele>
      </trkpt>
      <trkpt lat="43.32677" lon="16.69246">
        <ele>425.39</ele>
      </trkpt>
      <trkpt lat="43.32678" lon="16.69243">
        <ele>425.19</ele>
      </trkpt>
      <trkpt lat="43.3268" lon="16.69238">
        <ele>424.86</ele>
      </trkpt>
      <trkpt lat="43.32683" lon="16.69237">
        <ele>424.75</ele>
      </trkpt>
      <trkpt lat="43.32684" lon="16.69238">
        <ele>424.78</ele>
      </trkpt>
      <trkpt lat="43.32684" lon="16.69238">
        <ele>424.78</ele>
      </trkpt>
      <trkpt lat="43.32683" lon="16.69237">
        <ele>424.75</ele>
      </trkpt>
      <trkpt lat="43.32682" lon="16.69238">
        <ele>424.82</ele>
      </trkpt>
      <trkpt lat="43.32681" lon="16.69238">
        <ele>424.84</ele>
      </trkpt>
      <trkpt lat="43.32682" lon="16.69239">
        <ele>424.87</ele>
      </trkpt>
      <trkpt lat="43.32683" lon="16.69239">
        <ele>424.85</ele>
      </trkpt>
      <trkpt lat="43.32684" lon="16.6924">
        <ele>424.88</ele>
      </trkpt>
      <trkpt lat="43.32684" lon="16.6924">
        <ele>424.88</ele>
      </trkpt>
      <trkpt lat="43.32683" lon="16.69239">
        <ele>424.85</ele>
      </trkpt>
      <trkpt lat="43.32682" lon="16.69238">
        <ele>424.82</ele>
      </trkpt>
      <trkpt lat="43.32678" lon="16.69234">
        <ele>424.68</ele>
      </trkpt>
      <trkpt lat="43.32678" lon="16.69234">
        <ele>424.68</ele>
      </trkpt>
      <trkpt lat="43.32678" lon="16.69234">
        <ele>424.68</ele>
      </trkpt>
      <trkpt lat="43.32678" lon="16.69234">
        <ele>424.68</ele>
      </trkpt>
      <trkpt lat="43.32678" lon="16.69234">
        <ele>424.68</ele>
      </trkpt>
      <trkpt lat="43.32678" lon="16.69234">
        <ele>424.68</ele>
      </trkpt>
      <trkpt lat="43.32679" lon="16.69234">
        <ele>424.66</ele>
      </trkpt>
      <trkpt lat="43.32679" lon="16.69234">
        <ele>424.66</ele>
      </trkpt>
      <trkpt lat="43.32679" lon="16.69234">
        <ele>424.66</ele>
      </trkpt>
      <trkpt lat="43.32679" lon="16.69234">
        <ele>424.66</ele>
      </trkpt>
      <trkpt lat="43.32678" lon="16.6923">
        <ele>424.45</ele>
      </trkpt>
      <trkpt lat="43.32679" lon="16.69228">
        <ele>424.32</ele>
      </trkpt>
      <trkpt lat="43.32679" lon="16.69229">
        <ele>424.38</ele>
      </trkpt>
      <trkpt lat="43.3268" lon="16.69229">
        <ele>424.37</ele>
      </trkpt>
      <trkpt lat="43.3268" lon="16.69229">
        <ele>424.37</ele>
      </trkpt>
      <trkpt lat="43.3268" lon="16.69228">
        <ele>424.32</ele>
      </trkpt>
      <trkpt lat="43.3268" lon="16.69229">
        <ele>424.37</ele>
      </trkpt>
      <trkpt lat="43.3268" lon="16.69229">
        <ele>424.37</ele>
      </trkpt>
      <trkpt lat="43.3268" lon="16.69229">
        <ele>424.37</ele>
      </trkpt>
      <trkpt lat="43.3268" lon="16.69229">
        <ele>424.37</ele>
      </trkpt>
      <trkpt lat="43.3268" lon="16.6923">
        <ele>424.43</ele>
      </trkpt>
      <trkpt lat="43.3268" lon="16.6923">
        <ele>424.43</ele>
      </trkpt>
      <trkpt lat="43.3268" lon="16.6923">
        <ele>424.43</ele>
      </trkpt>
      <trkpt lat="43.3268" lon="16.6923">
        <ele>424.43</ele>
      </trkpt>
      <trkpt lat="43.3268" lon="16.69231">
        <ele>424.48</ele>
      </trkpt>
      <trkpt lat="43.3268" lon="16.69231">
        <ele>424.48</ele>
      </trkpt>
      <trkpt lat="43.3268" lon="16.69231">
        <ele>424.48</ele>
      </trkpt>
      <trkpt lat="43.32681" lon="16.69232">
        <ele>424.52</ele>
      </trkpt>
      <trkpt lat="43.32681" lon="16.69232">
        <ele>424.52</ele>
      </trkpt>
      <trkpt lat="43.32681" lon="16.69231">
        <ele>424.47</ele>
      </trkpt>
      <trkpt lat="43.32679" lon="16.69226">
        <ele>424.21</ele>
      </trkpt>
      <trkpt lat="43.32677" lon="16.69226">
        <ele>424.22</ele>
      </trkpt>
      <trkpt lat="43.32676" lon="16.69226">
        <ele>424.23</ele>
      </trkpt>
      <trkpt lat="43.32679" lon="16.69231">
        <ele>424.49</ele>
      </trkpt>
      <trkpt lat="43.32682" lon="16.69234">
        <ele>424.61</ele>
      </trkpt>
      <trkpt lat="43.32683" lon="16.69231">
        <ele>424.45</ele>
      </trkpt>
      <trkpt lat="43.32692" lon="16.69221">
        <ele>424.04</ele>
      </trkpt>
      <trkpt lat="43.32694" lon="16.69219">
        <ele>424.12</ele>
      </trkpt>
      <trkpt lat="43.32702" lon="16.69201">
        <ele>425.45</ele>
      </trkpt>
      <trkpt lat="43.32707" lon="16.69189">
        <ele>426.75</ele>
      </trkpt>
      <trkpt lat="43.32711" lon="16.69173">
        <ele>428.33</ele>
      </trkpt>
      <trkpt lat="43.32712" lon="16.69167">
        <ele>428.87</ele>
      </trkpt>
      <trkpt lat="43.32713" lon="16.69144">
        <ele>431.72</ele>
      </trkpt>
      <trkpt lat="43.32712" lon="16.69137">
        <ele>432.25</ele>
      </trkpt>
      <trkpt lat="43.3271" lon="16.69131">
        <ele>432.09</ele>
      </trkpt>
      <trkpt lat="43.32704" lon="16.69117">
        <ele>431.93</ele>
      </trkpt>
      <trkpt lat="43.32702" lon="16.69112">
        <ele>431.99</ele>
      </trkpt>
      <trkpt lat="43.32693" lon="16.69099">
        <ele>431.56</ele>
      </trkpt>
      <trkpt lat="43.32681" lon="16.6909">
        <ele>431.24</ele>
      </trkpt>
      <trkpt lat="43.32662" lon="16.6908">
        <ele>430.93</ele>
      </trkpt>
      <trkpt lat="43.32653" lon="16.69065">
        <ele>430.17</ele>
      </trkpt>
      <trkpt lat="43.32649" lon="16.69034">
        <ele>427.31</ele>
      </trkpt>
      <trkpt lat="43.3265" lon="16.69022">
        <ele>426.27</ele>
      </trkpt>
      <trkpt lat="43.3265" lon="16.69024">
        <ele>426.38</ele>
      </trkpt>
      <trkpt lat="43.3265" lon="16.69022">
        <ele>426.27</ele>
      </trkpt>
      <trkpt lat="43.32651" lon="16.69014">
        <ele>425.79</ele>
      </trkpt>
      <trkpt lat="43.32653" lon="16.69003">
        <ele>425.16</ele>
      </trkpt>
      <trkpt lat="43.32659" lon="16.68985">
        <ele>423.77</ele>
      </trkpt>
      <trkpt lat="43.32666" lon="16.68974">
        <ele>423.11</ele>
      </trkpt>
      <trkpt lat="43.32673" lon="16.68962">
        <ele>422.89</ele>
      </trkpt>
      <trkpt lat="43.32676" lon="16.68956">
        <ele>422.66</ele>
      </trkpt>
      <trkpt lat="43.32679" lon="16.6895">
        <ele>422.29</ele>
      </trkpt>
      <trkpt lat="43.32681" lon="16.68944">
        <ele>421.93</ele>
      </trkpt>
      <trkpt lat="43.32682" lon="16.6893">
        <ele>421.45</ele>
      </trkpt>
      <trkpt lat="43.32679" lon="16.68911">
        <ele>421.64</ele>
      </trkpt>
      <trkpt lat="43.32678" lon="16.68905">
        <ele>421.71</ele>
      </trkpt>
      <trkpt lat="43.32673" lon="16.68869">
        <ele>423.75</ele>
      </trkpt>
      <trkpt lat="43.32666" lon="16.6885">
        <ele>426.43</ele>
      </trkpt>
      <trkpt lat="43.32663" lon="16.6884">
        <ele>426.99</ele>
      </trkpt>
      <trkpt lat="43.32661" lon="16.68811">
        <ele>429.49</ele>
      </trkpt>
      <trkpt lat="43.32654" lon="16.68793">
        <ele>429.14</ele>
      </trkpt>
      <trkpt lat="43.32638" lon="16.68771">
        <ele>432.59</ele>
      </trkpt>
      <trkpt lat="43.32619" lon="16.6874">
        <ele>429.91</ele>
      </trkpt>
      <trkpt lat="43.3261" lon="16.68727">
        <ele>429.66</ele>
      </trkpt>
      <trkpt lat="43.32612" lon="16.68729">
        <ele>429.78</ele>
      </trkpt>
      <trkpt lat="43.32611" lon="16.68728">
        <ele>429.78</ele>
      </trkpt>
      <trkpt lat="43.3261" lon="16.68727">
        <ele>429.66</ele>
      </trkpt>
      <trkpt lat="43.32598" lon="16.68718">
        <ele>428.1</ele>
      </trkpt>
      <trkpt lat="43.32578" lon="16.68702">
        <ele>426.48</ele>
      </trkpt>
      <trkpt lat="43.3256" lon="16.68696">
        <ele>426.06</ele>
      </trkpt>
      <trkpt lat="43.32542" lon="16.68688">
        <ele>424.65</ele>
      </trkpt>
      <trkpt lat="43.32539" lon="16.68685">
        <ele>424.35</ele>
      </trkpt>
      <trkpt lat="43.32535" lon="16.68678">
        <ele>423.93</ele>
      </trkpt>
      <trkpt lat="43.32535" lon="16.68678">
        <ele>423.93</ele>
      </trkpt>
      <trkpt lat="43.32533" lon="16.68676">
        <ele>423.69</ele>
      </trkpt>
      <trkpt lat="43.32533" lon="16.68673">
        <ele>423.71</ele>
      </trkpt>
      <trkpt lat="43.32532" lon="16.6867">
        <ele>423.59</ele>
      </trkpt>
      <trkpt lat="43.32531" lon="16.68667">
        <ele>423.46</ele>
      </trkpt>
      <trkpt lat="43.32531" lon="16.68667">
        <ele>423.46</ele>
      </trkpt>
      <trkpt lat="43.32529" lon="16.68661">
        <ele>422.97</ele>
      </trkpt>
      <trkpt lat="43.32528" lon="16.68657">
        <ele>422.68</ele>
      </trkpt>
      <trkpt lat="43.32527" lon="16.68635">
        <ele>421.98</ele>
      </trkpt>
      <trkpt lat="43.32536" lon="16.68619">
        <ele>423.18</ele>
      </trkpt>
      <trkpt lat="43.32557" lon="16.68594">
        <ele>426.46</ele>
      </trkpt>
      <trkpt lat="43.32567" lon="16.68569">
        <ele>425.98</ele>
      </trkpt>
      <trkpt lat="43.32573" lon="16.68555">
        <ele>425.73</ele>
      </trkpt>
      <trkpt lat="43.32576" lon="16.68545">
        <ele>425.25</ele>
      </trkpt>
      <trkpt lat="43.32584" lon="16.68508">
        <ele>423.31</ele>
      </trkpt>
      <trkpt lat="43.32585" lon="16.68504">
        <ele>423.2</ele>
      </trkpt>
      <trkpt lat="43.3259" lon="16.68488">
        <ele>422.58</ele>
      </trkpt>
      <trkpt lat="43.32591" lon="16.68487">
        <ele>422.6</ele>
      </trkpt>
      <trkpt lat="43.32591" lon="16.68486">
        <ele>422.55</ele>
      </trkpt>
      <trkpt lat="43.32593" lon="16.68485">
        <ele>422.64</ele>
      </trkpt>
      <trkpt lat="43.32594" lon="16.68478">
        <ele>422.41</ele>
      </trkpt>
      <trkpt lat="43.32595" lon="16.68471">
        <ele>422.28</ele>
      </trkpt>
      <trkpt lat="43.32597" lon="16.68445">
        <ele>422.96</ele>
      </trkpt>
      <trkpt lat="43.32596" lon="16.68429">
        <ele>423.63</ele>
      </trkpt>
      <trkpt lat="43.32597" lon="16.68419">
        <ele>424.33</ele>
      </trkpt>
      <trkpt lat="43.32599" lon="16.68402">
        <ele>427.46</ele>
      </trkpt>
      <trkpt lat="43.326" lon="16.6839">
        <ele>429.8</ele>
      </trkpt>
      <trkpt lat="43.32603" lon="16.68366">
        <ele>432.43</ele>
      </trkpt>
      <trkpt lat="43.32603" lon="16.68356">
        <ele>432.89</ele>
      </trkpt>
      <trkpt lat="43.32606" lon="16.68324">
        <ele>433.97</ele>
      </trkpt>
      <trkpt lat="43.32606" lon="16.6832">
        <ele>434.19</ele>
      </trkpt>
      <trkpt lat="43.32607" lon="16.683">
        <ele>435.03</ele>
      </trkpt>
      <trkpt lat="43.32606" lon="16.68289">
        <ele>435.11</ele>
      </trkpt>
      <trkpt lat="43.32606" lon="16.68282">
        <ele>435.16</ele>
      </trkpt>
      <trkpt lat="43.32601" lon="16.68265">
        <ele>436.24</ele>
      </trkpt>
      <trkpt lat="43.32594" lon="16.68251">
        <ele>436.73</ele>
      </trkpt>
      <trkpt lat="43.32587" lon="16.68246">
        <ele>436.43</ele>
      </trkpt>
      <trkpt lat="43.32567" lon="16.68221">
        <ele>437.65</ele>
      </trkpt>
      <trkpt lat="43.32549" lon="16.68197">
        <ele>438.11</ele>
      </trkpt>
      <trkpt lat="43.32528" lon="16.68179">
        <ele>438.23</ele>
      </trkpt>
      <trkpt lat="43.32525" lon="16.68175">
        <ele>438.77</ele>
      </trkpt>
      <trkpt lat="43.32517" lon="16.68159">
        <ele>440.44</ele>
      </trkpt>
      <trkpt lat="43.32515" lon="16.68154">
        <ele>440.7</ele>
      </trkpt>
      <trkpt lat="43.32508" lon="16.68142">
        <ele>441.14</ele>
      </trkpt>
      <trkpt lat="43.32506" lon="16.68138">
        <ele>441.22</ele>
      </trkpt>
      <trkpt lat="43.32504" lon="16.68127">
        <ele>441.14</ele>
      </trkpt>
      <trkpt lat="43.32503" lon="16.68122">
        <ele>441.11</ele>
      </trkpt>
      <trkpt lat="43.32503" lon="16.68117">
        <ele>441.11</ele>
      </trkpt>
      <trkpt lat="43.32502" lon="16.68103">
        <ele>441.05</ele>
      </trkpt>
      <trkpt lat="43.32499" lon="16.68088">
        <ele>440.99</ele>
      </trkpt>
      <trkpt lat="43.32498" lon="16.68084">
        <ele>441.0</ele>
      </trkpt>
      <trkpt lat="43.32497" lon="16.68074">
        <ele>441.07</ele>
      </trkpt>
      <trkpt lat="43.32494" lon="16.68058">
        <ele>441.39</ele>
      </trkpt>
      <trkpt lat="43.32497" lon="16.68049">
        <ele>442.11</ele>
      </trkpt>
      <trkpt lat="43.32498" lon="16.68048">
        <ele>442.19</ele>
      </trkpt>
      <trkpt lat="43.32506" lon="16.68042">
        <ele>442.96</ele>
      </trkpt>
      <trkpt lat="43.32512" lon="16.68037">
        <ele>443.53</ele>
      </trkpt>
      <trkpt lat="43.32516" lon="16.68034">
        <ele>443.79</ele>
      </trkpt>
      <trkpt lat="43.32523" lon="16.68028">
        <ele>444.15</ele>
      </trkpt>
      <trkpt lat="43.32526" lon="16.68015">
        <ele>446.74</ele>
      </trkpt>
      <trkpt lat="43.32525" lon="16.68013">
        <ele>447.13</ele>
      </trkpt>
      <trkpt lat="43.32518" lon="16.68">
        <ele>449.3</ele>
      </trkpt>
      <trkpt lat="43.32518" lon="16.67998">
        <ele>449.41</ele>
      </trkpt>
      <trkpt lat="43.32519" lon="16.67988">
        <ele>450.1</ele>
      </trkpt>
      <trkpt lat="43.3252" lon="16.67986">
        <ele>450.31</ele>
      </trkpt>
      <trkpt lat="43.32523" lon="16.67978">
        <ele>451.1</ele>
      </trkpt>
      <trkpt lat="43.32525" lon="16.67972">
        <ele>451.71</ele>
      </trkpt>
      <trkpt lat="43.32527" lon="16.67963">
        <ele>452.28</ele>
      </trkpt>
      <trkpt lat="43.32528" lon="16.67956">
        <ele>452.59</ele>
      </trkpt>
      <trkpt lat="43.32529" lon="16.6795">
        <ele>452.84</ele>
      </trkpt>
      <trkpt lat="43.32533" lon="16.67936">
        <ele>453.25</ele>
      </trkpt>
      <trkpt lat="43.32534" lon="16.67933">
        <ele>453.32</ele>
      </trkpt>
      <trkpt lat="43.32537" lon="16.67927">
        <ele>453.54</ele>
      </trkpt>
      <trkpt lat="43.3254" lon="16.67919">
        <ele>453.84</ele>
      </trkpt>
      <trkpt lat="43.32541" lon="16.67913">
        <ele>453.88</ele>
      </trkpt>
      <trkpt lat="43.32543" lon="16.67901">
        <ele>453.9</ele>
      </trkpt>
      <trkpt lat="43.32544" lon="16.67896">
        <ele>453.98</ele>
      </trkpt>
      <trkpt lat="43.32546" lon="16.6789">
        <ele>454.28</ele>
      </trkpt>
      <trkpt lat="43.3255" lon="16.67879">
        <ele>454.93</ele>
      </trkpt>
      <trkpt lat="43.32556" lon="16.67864">
        <ele>455.16</ele>
      </trkpt>
      <trkpt lat="43.32557" lon="16.67861">
        <ele>455.22</ele>
      </trkpt>
      <trkpt lat="43.32566" lon="16.67852">
        <ele>457.04</ele>
      </trkpt>
      <trkpt lat="43.32568" lon="16.67851">
        <ele>457.36</ele>
      </trkpt>
      <trkpt lat="43.32582" lon="16.67849">
        <ele>459.26</ele>
      </trkpt>
      <trkpt lat="43.32602" lon="16.67839">
        <ele>462.74</ele>
      </trkpt>
      <trkpt lat="43.3261" lon="16.67834">
        <ele>464.71</ele>
      </trkpt>
      <trkpt lat="43.32618" lon="16.67826">
        <ele>466.06</ele>
      </trkpt>
      <trkpt lat="43.32628" lon="16.67805">
        <ele>468.02</ele>
      </trkpt>
      <trkpt lat="43.32634" lon="16.67785">
        <ele>468.03</ele>
      </trkpt>
      <trkpt lat="43.32634" lon="16.67782">
        <ele>467.87</ele>
      </trkpt>
      <trkpt lat="43.32634" lon="16.67761">
        <ele>467.65</ele>
      </trkpt>
      <trkpt lat="43.32633" lon="16.67757">
        <ele>467.58</ele>
      </trkpt>
      <trkpt lat="43.32628" lon="16.67739">
        <ele>467.77</ele>
      </trkpt>
      <trkpt lat="43.32625" lon="16.6773">
        <ele>468.08</ele>
      </trkpt>
      <trkpt lat="43.32622" lon="16.67724">
        <ele>468.29</ele>
      </trkpt>
      <trkpt lat="43.32615" lon="16.6771">
        <ele>468.52</ele>
      </trkpt>
      <trkpt lat="43.32614" lon="16.67707">
        <ele>468.6</ele>
      </trkpt>
      <trkpt lat="43.3261" lon="16.67693">
        <ele>469.18</ele>
      </trkpt>
      <trkpt lat="43.3261" lon="16.67689">
        <ele>469.33</ele>
      </trkpt>
      <trkpt lat="43.32605" lon="16.67668">
        <ele>471.03</ele>
      </trkpt>
      <trkpt lat="43.32605" lon="16.67665">
        <ele>471.07</ele>
      </trkpt>
      <trkpt lat="43.32605" lon="16.67645">
        <ele>470.76</ele>
      </trkpt>
      <trkpt lat="43.32605" lon="16.67618">
        <ele>471.08</ele>
      </trkpt>
      <trkpt lat="43.32601" lon="16.67581">
        <ele>469.61</ele>
      </trkpt>
      <trkpt lat="43.32586" lon="16.67568">
        <ele>468.6</ele>
      </trkpt>
      <trkpt lat="43.32562" lon="16.67549">
        <ele>468.66</ele>
      </trkpt>
      <trkpt lat="43.32543" lon="16.67541">
        <ele>469.24</ele>
      </trkpt>
      <trkpt lat="43.32538" lon="16.6754">
        <ele>469.35</ele>
      </trkpt>
      <trkpt lat="43.32505" lon="16.67528">
        <ele>469.99</ele>
      </trkpt>
      <trkpt lat="43.32499" lon="16.67526">
        <ele>470.11</ele>
      </trkpt>
      <trkpt lat="43.32483" lon="16.67516">
        <ele>472.38</ele>
      </trkpt>
      <trkpt lat="43.32475" lon="16.67505">
        <ele>472.94</ele>
      </trkpt>
      <trkpt lat="43.32469" lon="16.6749">
        <ele>472.67</ele>
      </trkpt>
      <trkpt lat="43.32466" lon="16.67482">
        <ele>472.29</ele>
      </trkpt>
      <trkpt lat="43.32462" lon="16.67474">
        <ele>471.74</ele>
      </trkpt>
      <trkpt lat="43.32457" lon="16.67468">
        <ele>471.0</ele>
      </trkpt>
      <trkpt lat="43.32452" lon="16.67464">
        <ele>470.38</ele>
      </trkpt>
      <trkpt lat="43.32442" lon="16.67455">
        <ele>468.95</ele>
      </trkpt>
      <trkpt lat="43.32437" lon="16.67448">
        <ele>468.01</ele>
      </trkpt>
      <trkpt lat="43.32433" lon="16.67441">
        <ele>467.32</ele>
      </trkpt>
      <trkpt lat="43.32419" lon="16.67419">
        <ele>466.01</ele>
      </trkpt>
      <trkpt lat="43.32412" lon="16.67403">
        <ele>465.27</ele>
      </trkpt>
      <trkpt lat="43.32408" lon="16.67395">
        <ele>465.0</ele>
      </trkpt>
      <trkpt lat="43.32399" lon="16.67379">
        <ele>463.98</ele>
      </trkpt>
      <trkpt lat="43.32384" lon="16.67357">
        <ele>462.11</ele>
      </trkpt>
      <trkpt lat="43.32379" lon="16.67351">
        <ele>462.11</ele>
      </trkpt>
      <trkpt lat="43.32373" lon="16.67345">
        <ele>462.31</ele>
      </trkpt>
      <trkpt lat="43.32361" lon="16.67336">
        <ele>463.2</ele>
      </trkpt>
      <trkpt lat="43.32355" lon="16.67332">
        <ele>463.56</ele>
      </trkpt>
      <trkpt lat="43.32341" lon="16.67329">
        <ele>464.86</ele>
      </trkpt>
      <trkpt lat="43.32317" lon="16.67328">
        <ele>462.79</ele>
      </trkpt>
      <trkpt lat="43.32312" lon="16.67326">
        <ele>461.83</ele>
      </trkpt>
      <trkpt lat="43.32306" lon="16.67326">
        <ele>460.81</ele>
      </trkpt>
      <trkpt lat="43.32288" lon="16.67324">
        <ele>459.19</ele>
      </trkpt>
      <trkpt lat="43.32283" lon="16.67321">
        <ele>458.84</ele>
      </trkpt>
      <trkpt lat="43.32266" lon="16.67307">
        <ele>458.97</ele>
      </trkpt>
      <trkpt lat="43.32255" lon="16.67296">
        <ele>458.66</ele>
      </trkpt>
      <trkpt lat="43.32245" lon="16.67287">
        <ele>458.57</ele>
      </trkpt>
      <trkpt lat="43.3223" lon="16.67272">
        <ele>459.53</ele>
      </trkpt>
      <trkpt lat="43.32225" lon="16.67269">
        <ele>460.05</ele>
      </trkpt>
      <trkpt lat="43.32195" lon="16.67257">
        <ele>463.19</ele>
      </trkpt>
      <trkpt lat="43.32184" lon="16.67253">
        <ele>462.92</ele>
      </trkpt>
      <trkpt lat="43.32166" lon="16.67253">
        <ele>461.6</ele>
      </trkpt>
      <trkpt lat="43.32154" lon="16.67255">
        <ele>460.09</ele>
      </trkpt>
      <trkpt lat="43.3214" lon="16.67256">
        <ele>458.47</ele>
      </trkpt>
      <trkpt lat="43.32134" lon="16.67254">
        <ele>457.91</ele>
      </trkpt>
      <trkpt lat="43.32108" lon="16.6724">
        <ele>456.41</ele>
      </trkpt>
      <trkpt lat="43.32079" lon="16.67237">
        <ele>456.6</ele>
      </trkpt>
      <trkpt lat="43.32057" lon="16.6724">
        <ele>455.4</ele>
      </trkpt>
      <trkpt lat="43.32049" lon="16.67243">
        <ele>454.6</ele>
      </trkpt>
      <trkpt lat="43.32041" lon="16.67244">
        <ele>453.76</ele>
      </trkpt>
      <trkpt lat="43.32034" lon="16.67245">
        <ele>452.99</ele>
      </trkpt>
      <trkpt lat="43.32026" lon="16.67246">
        <ele>452.29</ele>
      </trkpt>
      <trkpt lat="43.32019" lon="16.67249">
        <ele>452.07</ele>
      </trkpt>
      <trkpt lat="43.31986" lon="16.67257">
        <ele>452.0</ele>
      </trkpt>
      <trkpt lat="43.31955" lon="16.67267">
        <ele>454.01</ele>
      </trkpt>
      <trkpt lat="43.31949" lon="16.6727">
        <ele>454.55</ele>
      </trkpt>
      <trkpt lat="43.31939" lon="16.67276">
        <ele>455.0</ele>
      </trkpt>
      <trkpt lat="43.31929" lon="16.67276">
        <ele>455.0</ele>
      </trkpt>
      <trkpt lat="43.31925" lon="16.67273">
        <ele>455.0</ele>
      </trkpt>
      <trkpt lat="43.31916" lon="16.67267">
        <ele>455.01</ele>
      </trkpt>
      <trkpt lat="43.31895" lon="16.67256">
        <ele>455.17</ele>
      </trkpt>
      <trkpt lat="43.31891" lon="16.67248">
        <ele>455.07</ele>
      </trkpt>
      <trkpt lat="43.3189" lon="16.67245">
        <ele>455.18</ele>
      </trkpt>
      <trkpt lat="43.31889" lon="16.67234">
        <ele>455.58</ele>
      </trkpt>
      <trkpt lat="43.31891" lon="16.67224">
        <ele>455.94</ele>
      </trkpt>
      <trkpt lat="43.31899" lon="16.67199">
        <ele>456.84</ele>
      </trkpt>
      <trkpt lat="43.31899" lon="16.67194">
        <ele>456.99</ele>
      </trkpt>
      <trkpt lat="43.31899" lon="16.67176">
        <ele>456.58</ele>
      </trkpt>
      <trkpt lat="43.31898" lon="16.67165">
        <ele>456.35</ele>
      </trkpt>
      <trkpt lat="43.31898" lon="16.67162">
        <ele>456.39</ele>
      </trkpt>
      <trkpt lat="43.31898" lon="16.67145">
        <ele>456.6</ele>
      </trkpt>
      <trkpt lat="43.31897" lon="16.67143">
        <ele>456.65</ele>
      </trkpt>
      <trkpt lat="43.31893" lon="16.67135">
        <ele>456.33</ele>
      </trkpt>
      <trkpt lat="43.31888" lon="16.67135">
        <ele>456.52</ele>
      </trkpt>
      <trkpt lat="43.31885" lon="16.67137">
        <ele>457.05</ele>
      </trkpt>
      <trkpt lat="43.31884" lon="16.67138">
        <ele>457.25</ele>
      </trkpt>
      <trkpt lat="43.3187" lon="16.67148">
        <ele>458.03</ele>
      </trkpt>
      <trkpt lat="43.31862" lon="16.67151">
        <ele>458.5</ele>
      </trkpt>
      <trkpt lat="43.31858" lon="16.67154">
        <ele>459.26</ele>
      </trkpt>
      <trkpt lat="43.31842" lon="16.67167">
        <ele>460.75</ele>
      </trkpt>
      <trkpt lat="43.3183" lon="16.67178">
        <ele>463.17</ele>
      </trkpt>
      <trkpt lat="43.31824" lon="16.67184">
        <ele>465.07</ele>
      </trkpt>
      <trkpt lat="43.31805" lon="16.672">
        <ele>470.0</ele>
      </trkpt>
      <trkpt lat="43.31776" lon="16.67207">
        <ele>470.06</ele>
      </trkpt>
      <trkpt lat="43.31761" lon="16.67211">
        <ele>470.6</ele>
      </trkpt>
      <trkpt lat="43.31759" lon="16.67212">
        <ele>470.68</ele>
      </trkpt>
      <trkpt lat="43.31748" lon="16.67218">
        <ele>471.06</ele>
      </trkpt>
      <trkpt lat="43.31732" lon="16.6723">
        <ele>472.01</ele>
      </trkpt>
      <trkpt lat="43.3173" lon="16.67232">
        <ele>472.23</ele>
      </trkpt>
      <trkpt lat="43.31721" lon="16.67242">
        <ele>473.54</ele>
      </trkpt>
      <trkpt lat="43.3172" lon="16.67249">
        <ele>474.09</ele>
      </trkpt>
      <trkpt lat="43.31719" lon="16.67264">
        <ele>475.01</ele>
      </trkpt>
      <trkpt lat="43.31717" lon="16.67287">
        <ele>475.42</ele>
      </trkpt>
      <trkpt lat="43.31717" lon="16.67287">
        <ele>475.42</ele>
      </trkpt>
      <trkpt lat="43.31717" lon="16.67287">
        <ele>475.42</ele>
      </trkpt>
      <trkpt lat="43.31716" lon="16.67289">
        <ele>475.33</ele>
      </trkpt>
      <trkpt lat="43.3171" lon="16.67298">
        <ele>475.03</ele>
      </trkpt>
      <trkpt lat="43.31708" lon="16.67298">
        <ele>474.99</ele>
      </trkpt>
      <trkpt lat="43.31703" lon="16.67292">
        <ele>474.81</ele>
      </trkpt>
      <trkpt lat="43.31699" lon="16.67284">
        <ele>474.48</ele>
      </trkpt>
      <trkpt lat="43.31696" lon="16.6728">
        <ele>474.18</ele>
      </trkpt>
      <trkpt lat="43.31693" lon="16.67276">
        <ele>474.43</ele>
      </trkpt>
      <trkpt lat="43.31689" lon="16.67268">
        <ele>475.6</ele>
      </trkpt>
      <trkpt lat="43.31683" lon="16.67258">
        <ele>476.72</ele>
      </trkpt>
      <trkpt lat="43.3168" lon="16.67253">
        <ele>477.05</ele>
      </trkpt>
      <trkpt lat="43.31671" lon="16.67244">
        <ele>478.05</ele>
      </trkpt>
      <trkpt lat="43.31655" lon="16.67235">
        <ele>479.59</ele>
      </trkpt>
      <trkpt lat="43.31653" lon="16.67234">
        <ele>479.63</ele>
      </trkpt>
      <trkpt lat="43.3164" lon="16.67224">
        <ele>478.38</ele>
      </trkpt>
      <trkpt lat="43.31639" lon="16.67221">
        <ele>478.14</ele>
      </trkpt>
      <trkpt lat="43.31624" lon="16.67198">
        <ele>480.89</ele>
      </trkpt>
      <trkpt lat="43.31615" lon="16.67188">
        <ele>481.5</ele>
      </trkpt>
      <trkpt lat="43.31608" lon="16.67185">
        <ele>482.54</ele>
      </trkpt>
      <trkpt lat="43.31603" lon="16.67182">
        <ele>483.67</ele>
      </trkpt>
      <trkpt lat="43.31594" lon="16.67177">
        <ele>485.58</ele>
      </trkpt>
      <trkpt lat="43.31591" lon="16.67176">
        <ele>486.13</ele>
      </trkpt>
      <trkpt lat="43.31584" lon="16.67175">
        <ele>487.3</ele>
      </trkpt>
      <trkpt lat="43.31579" lon="16.67173">
        <ele>488.26</ele>
      </trkpt>
      <trkpt lat="43.31575" lon="16.67172">
        <ele>488.92</ele>
      </trkpt>
      <trkpt lat="43.31571" lon="16.67171">
        <ele>489.5</ele>
      </trkpt>
      <trkpt lat="43.31565" lon="16.67167">
        <ele>490.01</ele>
      </trkpt>
      <trkpt lat="43.31563" lon="16.67167">
        <ele>490.23</ele>
      </trkpt>
      <trkpt lat="43.31554" lon="16.67163">
        <ele>490.61</ele>
      </trkpt>
      <trkpt lat="43.31549" lon="16.67162">
        <ele>490.96</ele>
      </trkpt>
      <trkpt lat="43.31543" lon="16.6716">
        <ele>491.38</ele>
      </trkpt>
      <trkpt lat="43.31534" lon="16.67156">
        <ele>492.21</ele>
      </trkpt>
      <trkpt lat="43.31533" lon="16.67155">
        <ele>492.31</ele>
      </trkpt>
      <trkpt lat="43.31519" lon="16.67154">
        <ele>493.6</ele>
      </trkpt>
      <trkpt lat="43.31512" lon="16.67163">
        <ele>493.72</ele>
      </trkpt>
      <trkpt lat="43.31502" lon="16.67189">
        <ele>493.24</ele>
      </trkpt>
      <trkpt lat="43.31498" lon="16.67223">
        <ele>492.96</ele>
      </trkpt>
      <trkpt lat="43.31497" lon="16.67229">
        <ele>493.14</ele>
      </trkpt>
      <trkpt lat="43.31495" lon="16.67234">
        <ele>493.24</ele>
      </trkpt>
      <trkpt lat="43.3149" lon="16.67243">
        <ele>493.39</ele>
      </trkpt>
      <trkpt lat="43.31488" lon="16.67249">
        <ele>493.53</ele>
      </trkpt>
      <trkpt lat="43.3148" lon="16.67266">
        <ele>493.28</ele>
      </trkpt>
      <trkpt lat="43.3147" lon="16.67272">
        <ele>493.1</ele>
      </trkpt>
      <trkpt lat="43.31461" lon="16.67277">
        <ele>493.42</ele>
      </trkpt>
      <trkpt lat="43.31454" lon="16.6728">
        <ele>493.6</ele>
      </trkpt>
      <trkpt lat="43.31446" lon="16.67291">
        <ele>493.49</ele>
      </trkpt>
      <trkpt lat="43.31445" lon="16.67293">
        <ele>493.44</ele>
      </trkpt>
      <trkpt lat="43.31443" lon="16.67314">
        <ele>493.48</ele>
      </trkpt>
      <trkpt lat="43.31433" lon="16.6733">
        <ele>495.48</ele>
      </trkpt>
      <trkpt lat="43.3143" lon="16.67334">
        <ele>496.09</ele>
      </trkpt>
      <trkpt lat="43.31422" lon="16.67341">
        <ele>497.28</ele>
      </trkpt>
      <trkpt lat="43.31414" lon="16.67347">
        <ele>498.1</ele>
      </trkpt>
      <trkpt lat="43.31411" lon="16.67351">
        <ele>498.2</ele>
      </trkpt>
      <trkpt lat="43.31407" lon="16.6736">
        <ele>498.35</ele>
      </trkpt>
      <trkpt lat="43.31408" lon="16.67366">
        <ele>498.01</ele>
      </trkpt>
      <trkpt lat="43.31412" lon="16.67393">
        <ele>496.21</ele>
      </trkpt>
      <trkpt lat="43.31416" lon="16.67412">
        <ele>495.24</ele>
      </trkpt>
      <trkpt lat="43.31419" lon="16.67433">
        <ele>494.28</ele>
      </trkpt>
      <trkpt lat="43.31416" lon="16.67446">
        <ele>494.13</ele>
      </trkpt>
      <trkpt lat="43.31413" lon="16.67451">
        <ele>494.6</ele>
      </trkpt>
      <trkpt lat="43.31399" lon="16.67466">
        <ele>496.19</ele>
      </trkpt>
      <trkpt lat="43.31395" lon="16.67472">
        <ele>496.56</ele>
      </trkpt>
      <trkpt lat="43.31391" lon="16.67478">
        <ele>496.51</ele>
      </trkpt>
      <trkpt lat="43.31386" lon="16.67497">
        <ele>495.09</ele>
      </trkpt>
      <trkpt lat="43.31386" lon="16.67511">
        <ele>495.85</ele>
      </trkpt>
      <trkpt lat="43.31387" lon="16.67515">
        <ele>496.16</ele>
      </trkpt>
      <trkpt lat="43.31389" lon="16.67523">
        <ele>496.65</ele>
      </trkpt>
      <trkpt lat="43.31391" lon="16.67544">
        <ele>497.46</ele>
      </trkpt>
      <trkpt lat="43.31389" lon="16.67564">
        <ele>499.51</ele>
      </trkpt>
      <trkpt lat="43.31388" lon="16.6757">
        <ele>500.66</ele>
      </trkpt>
      <trkpt lat="43.31387" lon="16.67584">
        <ele>502.93</ele>
      </trkpt>
      <trkpt lat="43.31386" lon="16.67591">
        <ele>502.2</ele>
      </trkpt>
      <trkpt lat="43.31387" lon="16.67606">
        <ele>500.61</ele>
      </trkpt>
      <trkpt lat="43.31388" lon="16.67613">
        <ele>499.83</ele>
      </trkpt>
      <trkpt lat="43.31394" lon="16.67636">
        <ele>496.96</ele>
      </trkpt>
      <trkpt lat="43.31396" lon="16.67644">
        <ele>496.12</ele>
      </trkpt>
      <trkpt lat="43.31398" lon="16.67652">
        <ele>495.4</ele>
      </trkpt>
      <trkpt lat="43.314" lon="16.6767">
        <ele>494.08</ele>
      </trkpt>
      <trkpt lat="43.31402" lon="16.6769">
        <ele>493.22</ele>
      </trkpt>
      <trkpt lat="43.31402" lon="16.67708">
        <ele>492.57</ele>
      </trkpt>
      <trkpt lat="43.31399" lon="16.67726">
        <ele>492.27</ele>
      </trkpt>
      <trkpt lat="43.31382" lon="16.6776">
        <ele>493.41</ele>
      </trkpt>
      <trkpt lat="43.31373" lon="16.67775">
        <ele>493.63</ele>
      </trkpt>
      <trkpt lat="43.31359" lon="16.67796">
        <ele>491.15</ele>
      </trkpt>
      <trkpt lat="43.31356" lon="16.67804">
        <ele>489.67</ele>
      </trkpt>
      <trkpt lat="43.31342" lon="16.67829">
        <ele>486.25</ele>
      </trkpt>
      <trkpt lat="43.31337" lon="16.67836">
        <ele>485.18</ele>
      </trkpt>
      <trkpt lat="43.31318" lon="16.67868">
        <ele>481.95</ele>
      </trkpt>
      <trkpt lat="43.31309" lon="16.67884">
        <ele>482.12</ele>
      </trkpt>
      <trkpt lat="43.31292" lon="16.67908">
        <ele>481.51</ele>
      </trkpt>
      <trkpt lat="43.31279" lon="16.67922">
        <ele>481.39</ele>
      </trkpt>
      <trkpt lat="43.31272" lon="16.67928">
        <ele>481.99</ele>
      </trkpt>
      <trkpt lat="43.31256" lon="16.67932">
        <ele>482.97</ele>
      </trkpt>
      <trkpt lat="43.3124" lon="16.67932">
        <ele>483.01</ele>
      </trkpt>
      <trkpt lat="43.31218" lon="16.67931">
        <ele>482.39</ele>
      </trkpt>
      <trkpt lat="43.31195" lon="16.67928">
        <ele>481.6</ele>
      </trkpt>
      <trkpt lat="43.31172" lon="16.6793">
        <ele>478.29</ele>
      </trkpt>
      <trkpt lat="43.31165" lon="16.67931">
        <ele>477.25</ele>
      </trkpt>
      <trkpt lat="43.31152" lon="16.6794">
        <ele>475.41</ele>
      </trkpt>
      <trkpt lat="43.31147" lon="16.67947">
        <ele>475.07</ele>
      </trkpt>
      <trkpt lat="43.31138" lon="16.67964">
        <ele>476.14</ele>
      </trkpt>
      <trkpt lat="43.31134" lon="16.67973">
        <ele>477.26</ele>
      </trkpt>
      <trkpt lat="43.31129" lon="16.67982">
        <ele>478.41</ele>
      </trkpt>
      <trkpt lat="43.31111" lon="16.68024">
        <ele>483.58</ele>
      </trkpt>
      <trkpt lat="43.31109" lon="16.68029">
        <ele>483.86</ele>
      </trkpt>
      <trkpt lat="43.31106" lon="16.68033">
        <ele>483.86</ele>
      </trkpt>
      <trkpt lat="43.311" lon="16.6804">
        <ele>483.86</ele>
      </trkpt>
      <trkpt lat="43.31094" lon="16.68044">
        <ele>483.68</ele>
      </trkpt>
      <trkpt lat="43.31087" lon="16.68046">
        <ele>483.28</ele>
      </trkpt>
      <trkpt lat="43.31072" lon="16.6805">
        <ele>482.34</ele>
      </trkpt>
      <trkpt lat="43.31062" lon="16.68054">
        <ele>481.61</ele>
      </trkpt>
      <trkpt lat="43.31053" lon="16.68062">
        <ele>481.33</ele>
      </trkpt>
      <trkpt lat="43.31041" lon="16.68074">
        <ele>481.11</ele>
      </trkpt>
      <trkpt lat="43.31029" lon="16.6808">
        <ele>480.12</ele>
      </trkpt>
      <trkpt lat="43.31021" lon="16.68082">
        <ele>480.01</ele>
      </trkpt>
      <trkpt lat="43.31014" lon="16.68081">
        <ele>480.04</ele>
      </trkpt>
      <trkpt lat="43.31011" lon="16.6808">
        <ele>480.07</ele>
      </trkpt>
      <trkpt lat="43.31005" lon="16.68078">
        <ele>480.16</ele>
      </trkpt>
      <trkpt lat="43.30996" lon="16.68067">
        <ele>480.94</ele>
      </trkpt>
      <trkpt lat="43.30994" lon="16.68062">
        <ele>481.25</ele>
      </trkpt>
      <trkpt lat="43.30984" lon="16.68048">
        <ele>482.42</ele>
      </trkpt>
      <trkpt lat="43.30972" lon="16.68037">
        <ele>483.68</ele>
      </trkpt>
      <trkpt lat="43.30954" lon="16.68026">
        <ele>484.83</ele>
      </trkpt>
      <trkpt lat="43.30945" lon="16.68024">
        <ele>485.39</ele>
      </trkpt>
      <trkpt lat="43.30921" lon="16.68014">
        <ele>489.86</ele>
      </trkpt>
      <trkpt lat="43.30917" lon="16.68011">
        <ele>490.97</ele>
      </trkpt>
      <trkpt lat="43.30907" lon="16.67998">
        <ele>494.02</ele>
      </trkpt>
      <trkpt lat="43.30897" lon="16.67988">
        <ele>495.3</ele>
      </trkpt>
      <trkpt lat="43.30882" lon="16.67968">
        <ele>496.6</ele>
      </trkpt>
      <trkpt lat="43.30874" lon="16.67955">
        <ele>495.84</ele>
      </trkpt>
      <trkpt lat="43.30864" lon="16.6794">
        <ele>494.86</ele>
      </trkpt>
      <trkpt lat="43.3085" lon="16.67926">
        <ele>495.14</ele>
      </trkpt>
      <trkpt lat="43.30845" lon="16.67924">
        <ele>495.42</ele>
      </trkpt>
      <trkpt lat="43.30831" lon="16.67925">
        <ele>496.13</ele>
      </trkpt>
      <trkpt lat="43.30829" lon="16.67924">
        <ele>495.95</ele>
      </trkpt>
      <trkpt lat="43.30812" lon="16.67916">
        <ele>494.4</ele>
      </trkpt>
      <trkpt lat="43.30788" lon="16.67909">
        <ele>491.28</ele>
      </trkpt>
      <trkpt lat="43.30765" lon="16.67915">
        <ele>490.44</ele>
      </trkpt>
      <trkpt lat="43.30744" lon="16.67925">
        <ele>491.05</ele>
      </trkpt>
      <trkpt lat="43.30728" lon="16.67934">
        <ele>492.14</ele>
      </trkpt>
      <trkpt lat="43.30688" lon="16.67959">
        <ele>488.51</ele>
      </trkpt>
      <trkpt lat="43.30678" lon="16.67963">
        <ele>489.52</ele>
      </trkpt>
      <trkpt lat="43.30669" lon="16.67963">
        <ele>490.17</ele>
      </trkpt>
      <trkpt lat="43.30647" lon="16.67954">
        <ele>489.44</ele>
      </trkpt>
      <trkpt lat="43.30639" lon="16.6795">
        <ele>489.2</ele>
      </trkpt>
      <trkpt lat="43.30637" lon="16.67949">
        <ele>489.03</ele>
      </trkpt>
      <trkpt lat="43.30637" lon="16.67947">
        <ele>488.96</ele>
      </trkpt>
      <trkpt lat="43.30636" lon="16.67946">
        <ele>488.85</ele>
      </trkpt>
      <trkpt lat="43.30633" lon="16.67944">
        <ele>488.64</ele>
      </trkpt>
      <trkpt lat="43.30633" lon="16.67944">
        <ele>488.64</ele>
      </trkpt>
      <trkpt lat="43.30634" lon="16.67949">
        <ele>488.81</ele>
      </trkpt>
      <trkpt lat="43.30634" lon="16.67948">
        <ele>488.78</ele>
      </trkpt>
      <trkpt lat="43.30634" lon="16.67949">
        <ele>488.81</ele>
      </trkpt>
      <trkpt lat="43.30638" lon="16.67946">
        <ele>488.99</ele>
      </trkpt>
      <trkpt lat="43.30636" lon="16.67944">
        <ele>488.86</ele>
      </trkpt>
      <trkpt lat="43.30636" lon="16.67943">
        <ele>489.0</ele>
      </trkpt>
      <trkpt lat="43.30635" lon="16.67943">
        <ele>488.93</ele>
      </trkpt>
      <trkpt lat="43.30635" lon="16.67943">
        <ele>488.93</ele>
      </trkpt>
      <trkpt lat="43.30632" lon="16.67944">
        <ele>488.57</ele>
      </trkpt>
      <trkpt lat="43.30625" lon="16.67944">
        <ele>488.06</ele>
      </trkpt>
      <trkpt lat="43.30619" lon="16.67945">
        <ele>487.59</ele>
      </trkpt>
      <trkpt lat="43.30619" lon="16.67945">
        <ele>487.59</ele>
      </trkpt>
      <trkpt lat="43.30614" lon="16.67947">
        <ele>487.3</ele>
      </trkpt>
      <trkpt lat="43.30598" lon="16.67949">
        <ele>488.66</ele>
      </trkpt>
      <trkpt lat="43.30577" lon="16.67952">
        <ele>490.1</ele>
      </trkpt>
      <trkpt lat="43.30572" lon="16.67954">
        <ele>490.05</ele>
      </trkpt>
      <trkpt lat="43.30563" lon="16.67958">
        <ele>490.12</ele>
      </trkpt>
      <trkpt lat="43.30539" lon="16.67971">
        <ele>487.71</ele>
      </trkpt>
      <trkpt lat="43.30523" lon="16.67977">
        <ele>486.31</ele>
      </trkpt>
      <trkpt lat="43.30518" lon="16.67981">
        <ele>486.52</ele>
      </trkpt>
      <trkpt lat="43.30512" lon="16.68">
        <ele>487.43</ele>
      </trkpt>
      <trkpt lat="43.30506" lon="16.68018">
        <ele>488.23</ele>
      </trkpt>
      <trkpt lat="43.30493" lon="16.68022">
        <ele>489.29</ele>
      </trkpt>
      <trkpt lat="43.3049" lon="16.68022">
        <ele>489.59</ele>
      </trkpt>
      <trkpt lat="43.30474" lon="16.68019">
        <ele>490.88</ele>
      </trkpt>
      <trkpt lat="43.30468" lon="16.6802">
        <ele>490.92</ele>
      </trkpt>
      <trkpt lat="43.30457" lon="16.68031">
        <ele>490.17</ele>
      </trkpt>
      <trkpt lat="43.30455" lon="16.68038">
        <ele>489.46</ele>
      </trkpt>
      <trkpt lat="43.30453" lon="16.68053">
        <ele>488.04</ele>
      </trkpt>
      <trkpt lat="43.30454" lon="16.68069">
        <ele>487.73</ele>
      </trkpt>
      <trkpt lat="43.30455" lon="16.68081">
        <ele>487.58</ele>
      </trkpt>
      <trkpt lat="43.30455" lon="16.68094">
        <ele>487.37</ele>
      </trkpt>
      <trkpt lat="43.30449" lon="16.681">
        <ele>486.56</ele>
      </trkpt>
      <trkpt lat="43.30437" lon="16.68097">
        <ele>486.0</ele>
      </trkpt>
      <trkpt lat="43.30428" lon="16.68092">
        <ele>485.78</ele>
      </trkpt>
      <trkpt lat="43.30409" lon="16.6808">
        <ele>485.65</ele>
      </trkpt>
      <trkpt lat="43.30385" lon="16.68058">
        <ele>491.76</ele>
      </trkpt>
      <trkpt lat="43.30375" lon="16.68048">
        <ele>493.41</ele>
      </trkpt>
      <trkpt lat="43.30363" lon="16.68043">
        <ele>494.74</ele>
      </trkpt>
      <trkpt lat="43.30354" lon="16.68038">
        <ele>496.13</ele>
      </trkpt>
      <trkpt lat="43.30348" lon="16.68034">
        <ele>497.07</ele>
      </trkpt>
      <trkpt lat="43.30343" lon="16.6802">
        <ele>498.42</ele>
      </trkpt>
      <trkpt lat="43.30342" lon="16.68017">
        <ele>498.72</ele>
      </trkpt>
      <trkpt lat="43.30331" lon="16.68002">
        <ele>501.34</ele>
      </trkpt>
      <trkpt lat="43.30311" lon="16.67991">
        <ele>504.85</ele>
      </trkpt>
      <trkpt lat="43.30309" lon="16.67991">
        <ele>505.16</ele>
      </trkpt>
      <trkpt lat="43.30296" lon="16.67988">
        <ele>505.66</ele>
      </trkpt>
      <trkpt lat="43.30286" lon="16.67988">
        <ele>506.07</ele>
      </trkpt>
      <trkpt lat="43.30275" lon="16.67988">
        <ele>506.04</ele>
      </trkpt>
      <trkpt lat="43.30262" lon="16.67982">
        <ele>504.25</ele>
      </trkpt>
      <trkpt lat="43.3025" lon="16.67978">
        <ele>504.17</ele>
      </trkpt>
      <trkpt lat="43.30242" lon="16.67978">
        <ele>503.14</ele>
      </trkpt>
      <trkpt lat="43.30232" lon="16.67989">
        <ele>500.77</ele>
      </trkpt>
      <trkpt lat="43.30224" lon="16.68005">
        <ele>499.46</ele>
      </trkpt>
      <trkpt lat="43.30218" lon="16.6802">
        <ele>500.11</ele>
      </trkpt>
      <trkpt lat="43.30212" lon="16.68031">
        <ele>500.13</ele>
      </trkpt>
      <trkpt lat="43.30207" lon="16.6804">
        <ele>500.24</ele>
      </trkpt>
      <trkpt lat="43.30201" lon="16.68048">
        <ele>500.16</ele>
      </trkpt>
      <trkpt lat="43.30198" lon="16.68051">
        <ele>500.06</ele>
      </trkpt>
      <trkpt lat="43.3019" lon="16.68059">
        <ele>500.66</ele>
      </trkpt>
      <trkpt lat="43.30188" lon="16.6806">
        <ele>500.87</ele>
      </trkpt>
      <trkpt lat="43.3018" lon="16.68069">
        <ele>502.46</ele>
      </trkpt>
      <trkpt lat="43.30178" lon="16.68071">
        <ele>502.82</ele>
      </trkpt>
      <trkpt lat="43.3017" lon="16.6808">
        <ele>504.4</ele>
      </trkpt>
      <trkpt lat="43.30165" lon="16.68085">
        <ele>504.83</ele>
      </trkpt>
      <trkpt lat="43.30163" lon="16.68088">
        <ele>504.71</ele>
      </trkpt>
      <trkpt lat="43.30157" lon="16.68097">
        <ele>504.61</ele>
      </trkpt>
      <trkpt lat="43.30154" lon="16.681">
        <ele>504.6</ele>
      </trkpt>
      <trkpt lat="43.30146" lon="16.68109">
        <ele>505.01</ele>
      </trkpt>
      <trkpt lat="43.30145" lon="16.6811">
        <ele>505.09</ele>
      </trkpt>
      <trkpt lat="43.30136" lon="16.68118">
        <ele>506.04</ele>
      </trkpt>
      <trkpt lat="43.30134" lon="16.68119">
        <ele>506.21</ele>
      </trkpt>
      <trkpt lat="43.30124" lon="16.68123">
        <ele>506.79</ele>
      </trkpt>
      <trkpt lat="43.30123" lon="16.68123">
        <ele>506.79</ele>
      </trkpt>
      <trkpt lat="43.30115" lon="16.68129">
        <ele>507.33</ele>
      </trkpt>
      <trkpt lat="43.30112" lon="16.68133">
        <ele>507.59</ele>
      </trkpt>
      <trkpt lat="43.30108" lon="16.68137">
        <ele>508.11</ele>
      </trkpt>
      <trkpt lat="43.301" lon="16.68146">
        <ele>509.36</ele>
      </trkpt>
      <trkpt lat="43.30098" lon="16.68151">
        <ele>509.84</ele>
      </trkpt>
      <trkpt lat="43.30091" lon="16.68166">
        <ele>510.96</ele>
      </trkpt>
      <trkpt lat="43.30084" lon="16.68197">
        <ele>513.09</ele>
      </trkpt>
      <trkpt lat="43.3007" lon="16.68225">
        <ele>513.52</ele>
      </trkpt>
      <trkpt lat="43.30062" lon="16.68252">
        <ele>513.3</ele>
      </trkpt>
      <trkpt lat="43.30059" lon="16.68287">
        <ele>514.21</ele>
      </trkpt>
      <trkpt lat="43.30052" lon="16.6833">
        <ele>512.62</ele>
      </trkpt>
      <trkpt lat="43.30049" lon="16.68345">
        <ele>511.54</ele>
      </trkpt>
      <trkpt lat="43.30045" lon="16.68371">
        <ele>509.74</ele>
      </trkpt>
      <trkpt lat="43.30045" lon="16.6838">
        <ele>509.42</ele>
      </trkpt>
      <trkpt lat="43.30044" lon="16.68396">
        <ele>508.77</ele>
      </trkpt>
      <trkpt lat="43.30043" lon="16.68422">
        <ele>508.0</ele>
      </trkpt>
      <trkpt lat="43.30042" lon="16.6843">
        <ele>507.57</ele>
      </trkpt>
      <trkpt lat="43.30042" lon="16.68439">
        <ele>507.24</ele>
      </trkpt>
      <trkpt lat="43.3004" lon="16.68448">
        <ele>506.63</ele>
      </trkpt>
      <trkpt lat="43.30032" lon="16.68474">
        <ele>504.61</ele>
      </trkpt>
      <trkpt lat="43.30029" lon="16.68482">
        <ele>504.18</ele>
      </trkpt>
      <trkpt lat="43.30023" lon="16.68499">
        <ele>503.67</ele>
      </trkpt>
      <trkpt lat="43.30018" lon="16.68527">
        <ele>503.24</ele>
      </trkpt>
      <trkpt lat="43.30015" lon="16.68556">
        <ele>499.16</ele>
      </trkpt>
      <trkpt lat="43.30016" lon="16.68575">
        <ele>499.09</ele>
      </trkpt>
      <trkpt lat="43.30017" lon="16.68584">
        <ele>498.99</ele>
      </trkpt>
      <trkpt lat="43.30019" lon="16.68593">
        <ele>498.87</ele>
      </trkpt>
      <trkpt lat="43.30024" lon="16.68635">
        <ele>499.17</ele>
      </trkpt>
      <trkpt lat="43.30023" lon="16.68642">
        <ele>499.38</ele>
      </trkpt>
      <trkpt lat="43.30016" lon="16.68666">
        <ele>500.25</ele>
      </trkpt>
      <trkpt lat="43.30012" lon="16.68673">
        <ele>499.96</ele>
      </trkpt>
      <trkpt lat="43.30008" lon="16.6868">
        <ele>499.63</ele>
      </trkpt>
      <trkpt lat="43.30004" lon="16.68686">
        <ele>499.27</ele>
      </trkpt>
      <trkpt lat="43.29998" lon="16.6869">
        <ele>498.41</ele>
      </trkpt>
      <trkpt lat="43.29992" lon="16.68693">
        <ele>497.22</ele>
      </trkpt>
      <trkpt lat="43.29972" lon="16.68697">
        <ele>493.07</ele>
      </trkpt>
      <trkpt lat="43.29966" lon="16.68697">
        <ele>492.42</ele>
      </trkpt>
      <trkpt lat="43.29941" lon="16.68695">
        <ele>490.02</ele>
      </trkpt>
      <trkpt lat="43.2993" lon="16.68697">
        <ele>490.04</ele>
      </trkpt>
      <trkpt lat="43.29893" lon="16.68695">
        <ele>489.98</ele>
      </trkpt>
      <trkpt lat="43.29857" lon="16.6869">
        <ele>492.85</ele>
      </trkpt>
      <trkpt lat="43.29835" lon="16.68687">
        <ele>492.06</ele>
      </trkpt>
      <trkpt lat="43.29824" lon="16.68689">
        <ele>493.01</ele>
      </trkpt>
      <trkpt lat="43.29799" lon="16.68699">
        <ele>495.52</ele>
      </trkpt>
      <trkpt lat="43.29793" lon="16.68698">
        <ele>495.75</ele>
      </trkpt>
      <trkpt lat="43.29786" lon="16.68694">
        <ele>495.73</ele>
      </trkpt>
      <trkpt lat="43.29777" lon="16.68685">
        <ele>496.85</ele>
      </trkpt>
      <trkpt lat="43.29766" lon="16.68676">
        <ele>499.87</ele>
      </trkpt>
      <trkpt lat="43.29759" lon="16.68673">
        <ele>501.6</ele>
      </trkpt>
      <trkpt lat="43.29748" lon="16.68671">
        <ele>503.6</ele>
      </trkpt>
      <trkpt lat="43.2973" lon="16.68669">
        <ele>503.05</ele>
      </trkpt>
      <trkpt lat="43.29723" lon="16.68668">
        <ele>502.89</ele>
      </trkpt>
      <trkpt lat="43.29703" lon="16.68671">
        <ele>499.5</ele>
      </trkpt>
      <trkpt lat="43.29699" lon="16.68671">
        <ele>498.87</ele>
      </trkpt>
      <trkpt lat="43.29688" lon="16.68673">
        <ele>498.0</ele>
      </trkpt>
      <trkpt lat="43.29688" lon="16.68671">
        <ele>497.92</ele>
      </trkpt>
      <trkpt lat="43.29688" lon="16.68671">
        <ele>497.92</ele>
      </trkpt>
      <trkpt lat="43.29689" lon="16.68671">
        <ele>497.96</ele>
      </trkpt>
      <trkpt lat="43.29689" lon="16.68671">
        <ele>497.96</ele>
      </trkpt>
      <trkpt lat="43.2969" lon="16.68671">
        <ele>498.0</ele>
      </trkpt>
      <trkpt lat="43.2969" lon="16.68671">
        <ele>498.0</ele>
      </trkpt>
      <trkpt lat="43.29691" lon="16.68671">
        <ele>498.03</ele>
      </trkpt>
      <trkpt lat="43.29688" lon="16.68671">
        <ele>497.92</ele>
      </trkpt>
      <trkpt lat="43.29678" lon="16.68675">
        <ele>497.71</ele>
      </trkpt>
      <trkpt lat="43.29673" lon="16.68678">
        <ele>497.64</ele>
      </trkpt>
      <trkpt lat="43.29664" lon="16.68684">
        <ele>497.13</ele>
      </trkpt>
      <trkpt lat="43.29647" lon="16.68688">
        <ele>493.63</ele>
      </trkpt>
      <trkpt lat="43.2962" lon="16.68692">
        <ele>492.65</ele>
      </trkpt>
      <trkpt lat="43.29617" lon="16.68693">
        <ele>492.74</ele>
      </trkpt>
      <trkpt lat="43.29592" lon="16.68705">
        <ele>500.0</ele>
      </trkpt>
      <trkpt lat="43.29575" lon="16.68715">
        <ele>502.94</ele>
      </trkpt>
      <trkpt lat="43.29561" lon="16.68722">
        <ele>501.62</ele>
      </trkpt>
      <trkpt lat="43.29538" lon="16.68735">
        <ele>499.96</ele>
      </trkpt>
      <trkpt lat="43.29511" lon="16.68747">
        <ele>496.27</ele>
      </trkpt>
      <trkpt lat="43.29503" lon="16.68748">
        <ele>495.34</ele>
      </trkpt>
      <trkpt lat="43.295" lon="16.68748">
        <ele>495.0</ele>
      </trkpt>
      <trkpt lat="43.29499" lon="16.68748">
        <ele>494.95</ele>
      </trkpt>
      <trkpt lat="43.29495" lon="16.68749">
        <ele>494.69</ele>
      </trkpt>
      <trkpt lat="43.29479" lon="16.68757">
        <ele>493.17</ele>
      </trkpt>
      <trkpt lat="43.29452" lon="16.68774">
        <ele>488.03</ele>
      </trkpt>
      <trkpt lat="43.29407" lon="16.688">
        <ele>496.52</ele>
      </trkpt>
      <trkpt lat="43.29361" lon="16.6883">
        <ele>495.63</ele>
      </trkpt>
      <trkpt lat="43.29326" lon="16.68857">
        <ele>492.71</ele>
      </trkpt>
      <trkpt lat="43.29287" lon="16.68892">
        <ele>490.96</ele>
      </trkpt>
      <trkpt lat="43.29245" lon="16.68933">
        <ele>491.8</ele>
      </trkpt>
      <trkpt lat="43.29208" lon="16.68973">
        <ele>492.59</ele>
      </trkpt>
      <trkpt lat="43.29163" lon="16.69018">
        <ele>496.75</ele>
      </trkpt>
      <trkpt lat="43.29159" lon="16.69023">
        <ele>495.31</ele>
      </trkpt>
      <trkpt lat="43.29135" lon="16.69048">
        <ele>491.32</ele>
      </trkpt>
      <trkpt lat="43.29125" lon="16.69058">
        <ele>492.04</ele>
      </trkpt>
      <trkpt lat="43.29079" lon="16.69105">
        <ele>492.88</ele>
      </trkpt>
      <trkpt lat="43.29074" lon="16.69111">
        <ele>493.0</ele>
      </trkpt>
      <trkpt lat="43.29053" lon="16.69133">
        <ele>492.1</ele>
      </trkpt>
      <trkpt lat="43.29026" lon="16.69162">
        <ele>488.4</ele>
      </trkpt>
      <trkpt lat="43.28983" lon="16.69209">
        <ele>488.8</ele>
      </trkpt>
      <trkpt lat="43.28961" lon="16.69233">
        <ele>488.93</ele>
      </trkpt>
      <trkpt lat="43.28932" lon="16.69262">
        <ele>486.11</ele>
      </trkpt>
      <trkpt lat="43.28896" lon="16.69299">
        <ele>489.6</ele>
      </trkpt>
      <trkpt lat="43.28878" lon="16.69317">
        <ele>490.83</ele>
      </trkpt>
      <trkpt lat="43.28851" lon="16.69346">
        <ele>488.82</ele>
      </trkpt>
      <trkpt lat="43.28814" lon="16.69384">
        <ele>486.43</ele>
      </trkpt>
      <trkpt lat="43.2877" lon="16.6943">
        <ele>486.35</ele>
      </trkpt>
      <trkpt lat="43.28766" lon="16.69435">
        <ele>487.21</ele>
      </trkpt>
      <trkpt lat="43.28722" lon="16.69487">
        <ele>492.99</ele>
      </trkpt>
      <trkpt lat="43.28718" lon="16.69493">
        <ele>492.73</ele>
      </trkpt>
      <trkpt lat="43.28694" lon="16.69536">
        <ele>492.23</ele>
      </trkpt>
      <trkpt lat="43.28662" lon="16.69599">
        <ele>492.51</ele>
      </trkpt>
      <trkpt lat="43.28658" lon="16.69607">
        <ele>492.28</ele>
      </trkpt>
      <trkpt lat="43.28639" lon="16.69658">
        <ele>489.01</ele>
      </trkpt>
      <trkpt lat="43.28636" lon="16.69668">
        <ele>488.84</ele>
      </trkpt>
      <trkpt lat="43.28625" lon="16.69709">
        <ele>487.98</ele>
      </trkpt>
      <trkpt lat="43.28622" lon="16.69721">
        <ele>487.22</ele>
      </trkpt>
      <trkpt lat="43.28617" lon="16.69744">
        <ele>486.47</ele>
      </trkpt>
      <trkpt lat="43.28612" lon="16.69768">
        <ele>484.77</ele>
      </trkpt>
      <trkpt lat="43.28608" lon="16.69794">
        <ele>482.67</ele>
      </trkpt>
      <trkpt lat="43.28604" lon="16.69821">
        <ele>481.74</ele>
      </trkpt>
      <trkpt lat="43.28602" lon="16.69849">
        <ele>482.05</ele>
      </trkpt>
      <trkpt lat="43.286" lon="16.69879">
        <ele>482.59</ele>
      </trkpt>
      <trkpt lat="43.286" lon="16.69909">
        <ele>482.37</ele>
      </trkpt>
      <trkpt lat="43.286" lon="16.69939">
        <ele>481.4</ele>
      </trkpt>
      <trkpt lat="43.28601" lon="16.6997">
        <ele>478.85</ele>
      </trkpt>
      <trkpt lat="43.28603" lon="16.69986">
        <ele>478.21</ele>
      </trkpt>
      <trkpt lat="43.28604" lon="16.70002">
        <ele>477.6</ele>
      </trkpt>
      <trkpt lat="43.28608" lon="16.70035">
        <ele>475.6</ele>
      </trkpt>
      <trkpt lat="43.2861" lon="16.70051">
        <ele>475.09</ele>
      </trkpt>
      <trkpt lat="43.28616" lon="16.70083">
        <ele>473.2</ele>
      </trkpt>
      <trkpt lat="43.28623" lon="16.70116">
        <ele>471.18</ele>
      </trkpt>
      <trkpt lat="43.28627" lon="16.70132">
        <ele>470.39</ele>
      </trkpt>
      <trkpt lat="43.28631" lon="16.70149">
        <ele>469.01</ele>
      </trkpt>
      <trkpt lat="43.28635" lon="16.70165">
        <ele>467.31</ele>
      </trkpt>
      <trkpt lat="43.2864" lon="16.70181">
        <ele>465.45</ele>
      </trkpt>
      <trkpt lat="43.28644" lon="16.70198">
        <ele>463.74</ele>
      </trkpt>
      <trkpt lat="43.28649" lon="16.70214">
        <ele>462.59</ele>
      </trkpt>
      <trkpt lat="43.28654" lon="16.7023">
        <ele>461.87</ele>
      </trkpt>
      <trkpt lat="43.28664" lon="16.70262">
        <ele>461.9</ele>
      </trkpt>
      <trkpt lat="43.28674" lon="16.70295">
        <ele>460.66</ele>
      </trkpt>
      <trkpt lat="43.28683" lon="16.70327">
        <ele>459.23</ele>
      </trkpt>
      <trkpt lat="43.28688" lon="16.70343">
        <ele>458.3</ele>
      </trkpt>
      <trkpt lat="43.28693" lon="16.70358">
        <ele>457.22</ele>
      </trkpt>
      <trkpt lat="43.28702" lon="16.7039">
        <ele>455.72</ele>
      </trkpt>
      <trkpt lat="43.28711" lon="16.7042">
        <ele>454.52</ele>
      </trkpt>
      <trkpt lat="43.28716" lon="16.70432">
        <ele>453.22</ele>
      </trkpt>
      <trkpt lat="43.28723" lon="16.70452">
        <ele>451.49</ele>
      </trkpt>
      <trkpt lat="43.28725" lon="16.70459">
        <ele>451.1</ele>
      </trkpt>
      <trkpt lat="43.28726" lon="16.70464">
        <ele>450.82</ele>
      </trkpt>
      <trkpt lat="43.28727" lon="16.70467">
        <ele>450.69</ele>
      </trkpt>
      <trkpt lat="43.28727" lon="16.70466">
        <ele>450.75</ele>
      </trkpt>
      <trkpt lat="43.28727" lon="16.70466">
        <ele>450.75</ele>
      </trkpt>
      <trkpt lat="43.28727" lon="16.70466">
        <ele>450.75</ele>
      </trkpt>
      <trkpt lat="43.28727" lon="16.70466">
        <ele>450.75</ele>
      </trkpt>
      <trkpt lat="43.28727" lon="16.70466">
        <ele>450.75</ele>
      </trkpt>
      <trkpt lat="43.28727" lon="16.70465">
        <ele>450.82</ele>
      </trkpt>
      <trkpt lat="43.28728" lon="16.70465">
        <ele>450.88</ele>
      </trkpt>
      <trkpt lat="43.28728" lon="16.70465">
        <ele>450.88</ele>
      </trkpt>
      <trkpt lat="43.28728" lon="16.70465">
        <ele>450.88</ele>
      </trkpt>
      <trkpt lat="43.28728" lon="16.70465">
        <ele>450.88</ele>
      </trkpt>
      <trkpt lat="43.28728" lon="16.70465">
        <ele>450.88</ele>
      </trkpt>
      <trkpt lat="43.28728" lon="16.70465">
        <ele>450.88</ele>
      </trkpt>
      <trkpt lat="43.28728" lon="16.70466">
        <ele>450.82</ele>
      </trkpt>
      <trkpt lat="43.28728" lon="16.70465">
        <ele>450.88</ele>
      </trkpt>
      <trkpt lat="43.28729" lon="16.70465">
        <ele>450.94</ele>
      </trkpt>
      <trkpt lat="43.28729" lon="16.70466">
        <ele>450.88</ele>
      </trkpt>
      <trkpt lat="43.28729" lon="16.70466">
        <ele>450.88</ele>
      </trkpt>
      <trkpt lat="43.28729" lon="16.70466">
        <ele>450.88</ele>
      </trkpt>
      <trkpt lat="43.28729" lon="16.70466">
        <ele>450.88</ele>
      </trkpt>
      <trkpt lat="43.28729" lon="16.70466">
        <ele>450.88</ele>
      </trkpt>
      <trkpt lat="43.2873" lon="16.70466">
        <ele>450.95</ele>
      </trkpt>
      <trkpt lat="43.2873" lon="16.70465">
        <ele>451.01</ele>
      </trkpt>
      <trkpt lat="43.2873" lon="16.70465">
        <ele>451.01</ele>
      </trkpt>
      <trkpt lat="43.2873" lon="16.70465">
        <ele>451.01</ele>
      </trkpt>
      <trkpt lat="43.2873" lon="16.70465">
        <ele>451.01</ele>
      </trkpt>
      <trkpt lat="43.28731" lon="16.70464">
        <ele>451.13</ele>
      </trkpt>
      <trkpt lat="43.28734" lon="16.70474">
        <ele>450.76</ele>
      </trkpt>
      <trkpt lat="43.28739" lon="16.70493">
        <ele>450.01</ele>
      </trkpt>
      <trkpt lat="43.2875" lon="16.70518">
        <ele>448.06</ele>
      </trkpt>
      <trkpt lat="43.28774" lon="16.70558">
        <ele>447.74</ele>
      </trkpt>
      <trkpt lat="43.28782" lon="16.70568">
        <ele>447.76</ele>
      </trkpt>
      <trkpt lat="43.288" lon="16.70588">
        <ele>449.4</ele>
      </trkpt>
      <trkpt lat="43.2882" lon="16.70609">
        <ele>448.4</ele>
      </trkpt>
      <trkpt lat="43.28831" lon="16.70629">
        <ele>445.78</ele>
      </trkpt>
      <trkpt lat="43.28845" lon="16.70669">
        <ele>439.94</ele>
      </trkpt>
      <trkpt lat="43.28847" lon="16.70677">
        <ele>439.08</ele>
      </trkpt>
      <trkpt lat="43.28853" lon="16.70729">
        <ele>434.54</ele>
      </trkpt>
      <trkpt lat="43.28855" lon="16.70746">
        <ele>434.54</ele>
      </trkpt>
      <trkpt lat="43.28856" lon="16.70788">
        <ele>437.45</ele>
      </trkpt>
      <trkpt lat="43.28856" lon="16.70806">
        <ele>438.07</ele>
      </trkpt>
      <trkpt lat="43.28851" lon="16.70851">
        <ele>435.5</ele>
      </trkpt>
      <trkpt lat="43.28849" lon="16.7086">
        <ele>434.75</ele>
      </trkpt>
      <trkpt lat="43.28839" lon="16.70905">
        <ele>431.03</ele>
      </trkpt>
      <trkpt lat="43.28833" lon="16.70923">
        <ele>429.5</ele>
      </trkpt>
      <trkpt lat="43.28824" lon="16.7095">
        <ele>426.99</ele>
      </trkpt>
      <trkpt lat="43.2881" lon="16.70985">
        <ele>427.46</ele>
      </trkpt>
      <trkpt lat="43.28806" lon="16.70994">
        <ele>427.78</ele>
      </trkpt>
      <trkpt lat="43.28799" lon="16.71012">
        <ele>426.86</ele>
      </trkpt>
      <trkpt lat="43.28776" lon="16.7107">
        <ele>421.32</ele>
      </trkpt>
      <trkpt lat="43.28766" lon="16.71102">
        <ele>420.44</ele>
      </trkpt>
      <trkpt lat="43.28765" lon="16.71114">
        <ele>420.69</ele>
      </trkpt>
      <trkpt lat="43.28764" lon="16.71125">
        <ele>421.25</ele>
      </trkpt>
      <trkpt lat="43.28763" lon="16.71149">
        <ele>422.73</ele>
      </trkpt>
      <trkpt lat="43.28764" lon="16.71161">
        <ele>423.59</ele>
      </trkpt>
      <trkpt lat="43.28766" lon="16.71173">
        <ele>424.26</ele>
      </trkpt>
      <trkpt lat="43.2877" lon="16.71209">
        <ele>425.73</ele>
      </trkpt>
      <trkpt lat="43.28773" lon="16.71233">
        <ele>424.84</ele>
      </trkpt>
      <trkpt lat="43.28776" lon="16.71258">
        <ele>422.41</ele>
      </trkpt>
      <trkpt lat="43.28777" lon="16.7127">
        <ele>421.54</ele>
      </trkpt>
      <trkpt lat="43.2878" lon="16.71295">
        <ele>418.54</ele>
      </trkpt>
      <trkpt lat="43.28783" lon="16.71346">
        <ele>414.73</ele>
      </trkpt>
      <trkpt lat="43.28783" lon="16.71372">
        <ele>414.11</ele>
      </trkpt>
      <trkpt lat="43.2878" lon="16.71398">
        <ele>413.4</ele>
      </trkpt>
      <trkpt lat="43.28779" lon="16.71411">
        <ele>412.48</ele>
      </trkpt>
      <trkpt lat="43.28773" lon="16.71437">
        <ele>412.53</ele>
      </trkpt>
      <trkpt lat="43.28766" lon="16.71463">
        <ele>411.13</ele>
      </trkpt>
      <trkpt lat="43.28762" lon="16.71476">
        <ele>410.34</ele>
      </trkpt>
      <trkpt lat="43.28747" lon="16.71513">
        <ele>406.65</ele>
      </trkpt>
      <trkpt lat="43.28731" lon="16.71549">
        <ele>404.24</ele>
      </trkpt>
      <trkpt lat="43.2872" lon="16.71572">
        <ele>403.15</ele>
      </trkpt>
      <trkpt lat="43.28704" lon="16.71607">
        <ele>399.5</ele>
      </trkpt>
      <trkpt lat="43.28689" lon="16.71641">
        <ele>399.06</ele>
      </trkpt>
      <trkpt lat="43.28684" lon="16.71651">
        <ele>399.27</ele>
      </trkpt>
      <trkpt lat="43.28681" lon="16.71661">
        <ele>399.41</ele>
      </trkpt>
      <trkpt lat="43.28682" lon="16.71679">
        <ele>399.35</ele>
      </trkpt>
      <trkpt lat="43.28696" lon="16.71695">
        <ele>399.91</ele>
      </trkpt>
      <trkpt lat="43.28699" lon="16.71696">
        <ele>399.71</ele>
      </trkpt>
      <trkpt lat="43.28699" lon="16.71696">
        <ele>399.71</ele>
      </trkpt>
      <trkpt lat="43.287" lon="16.71694">
        <ele>399.6</ele>
      </trkpt>
      <trkpt lat="43.28701" lon="16.71693">
        <ele>399.53</ele>
      </trkpt>
      <trkpt lat="43.28702" lon="16.71693">
        <ele>399.46</ele>
      </trkpt>
      <trkpt lat="43.28703" lon="16.71693">
        <ele>399.38</ele>
      </trkpt>
      <trkpt lat="43.28703" lon="16.71693">
        <ele>399.38</ele>
      </trkpt>
      <trkpt lat="43.28703" lon="16.71693">
        <ele>399.38</ele>
      </trkpt>
      <trkpt lat="43.28703" lon="16.71694">
        <ele>399.38</ele>
      </trkpt>
      <trkpt lat="43.28703" lon="16.71693">
        <ele>399.38</ele>
      </trkpt>
    </trkseg>
  </trk>
</gpx>
