<?xml version='1.0' encoding='UTF-8'?>
<gpx version="1.1" creator="https://www.komoot.de" xmlns="http://www.topografix.com/GPX/1/1" xmlns:xsi="http://www.w3.org/2001/XMLSchema-instance" xsi:schemaLocation="http://www.topografix.com/GPX/1/1 http://www.topografix.com/GPX/1/1/gpx.xsd">
  <metadata>
    <name>Seaside ride</name>
    <author>
      <link href="https://www.komoot.de">
        <text>komoot</text>
        <type>text/html</type>
      </link>
    </author>
  </metadata>
  <wpt lat="43.369007" lon="16.666737">
    <name>Lovrečina Bay Beach</name>
    <sym>Flag, Blue</sym>
  </wpt>
  <trk>
    <name>Seaside ride</name>
    <type>e_mtb</type>
    <trkseg>
      <trkpt lat="43.385252" lon="16.547430">
        <ele>5.032459</ele>
        <time>2026-08-04T13:08:41.988Z</time>
      </trkpt>
      <trkpt lat="43.385278" lon="16.547548">
        <ele>5.032459</ele>
        <time>2026-08-04T13:08:43.622Z</time>
      </trkpt>
      <trkpt lat="43.385306" lon="16.547678">
        <ele>5.032459</ele>
        <time>2026-08-04T13:08:45.420Z</time>
      </trkpt>
      <trkpt lat="43.385218" lon="16.548586">
        <ele>5.032459</ele>
        <time>2026-08-04T13:08:57.205Z</time>
      </trkpt>
      <trkpt lat="43.385115" lon="16.549301">
        <ele>4.453743</ele>
        <time>2026-08-04T13:09:06.016Z</time>
      </trkpt>
      <trkpt lat="43.385042" lon="16.550161">
        <ele>3.701808</ele>
        <time>2026-08-04T13:09:16.448Z</time>
      </trkpt>
      <trkpt lat="43.385016" lon="16.550391">
        <ele>3.499666</ele>
        <time>2026-08-04T13:09:19.244Z</time>
      </trkpt>
      <trkpt lat="43.384988" lon="16.550512">
        <ele>3.389386</ele>
        <time>2026-08-04T13:09:20.770Z</time>
      </trkpt>
      <trkpt lat="43.384880" lon="16.550848">
        <ele>3.070325</ele>
        <time>2026-08-04T13:09:39.356Z</time>
      </trkpt>
      <trkpt lat="43.384838" lon="16.550979">
        <ele>2.945980</ele>
        <time>2026-08-04T13:09:46.556Z</time>
      </trkpt>
      <trkpt lat="43.384821" lon="16.551033">
        <ele>2.894874</ele>
        <time>2026-08-04T13:09:49.525Z</time>
      </trkpt>
      <trkpt lat="43.384758" lon="16.551322">
        <ele>2.695442</ele>
        <time>2026-08-04T13:10:04.802Z</time>
      </trkpt>
      <trkpt lat="43.384688" lon="16.552277">
        <ele>2.070321</ele>
        <time>2026-08-04T13:10:53.246Z</time>
      </trkpt>
      <trkpt lat="43.384619" lon="16.553335">
        <ele>1.378505</ele>
        <time>2026-08-04T13:11:46.942Z</time>
      </trkpt>
      <trkpt lat="43.384617" lon="16.553394">
        <ele>1.340038</ele>
        <time>2026-08-04T13:11:49.888Z</time>
      </trkpt>
      <trkpt lat="43.384037" lon="16.553393">
        <ele>1.261015</ele>
        <time>2026-08-04T13:12:30.183Z</time>
      </trkpt>
      <trkpt lat="43.383869" lon="16.553888">
        <ele>1.252875</ele>
        <time>2026-08-04T13:12:57.805Z</time>
      </trkpt>
      <trkpt lat="43.383818" lon="16.554028">
        <ele>1.250541</ele>
        <time>2026-08-04T13:13:05.701Z</time>
      </trkpt>
      <trkpt lat="43.384121" lon="16.554280">
        <ele>1.243283</ele>
        <time>2026-08-04T13:13:30.303Z</time>
      </trkpt>
      <trkpt lat="43.384307" lon="16.554435">
        <ele>1.238825</ele>
        <time>2026-08-04T13:13:45.401Z</time>
      </trkpt>
      <trkpt lat="43.384630" lon="16.554704">
        <ele>1.315359</ele>
        <time>2026-08-04T13:14:11.678Z</time>
      </trkpt>
      <trkpt lat="43.384684" lon="16.554749">
        <ele>1.346387</ele>
        <time>2026-08-04T13:14:16.040Z</time>
      </trkpt>
      <trkpt lat="43.385124" lon="16.555150">
        <ele>1.605770</ele>
        <time>2026-08-04T13:14:52.755Z</time>
      </trkpt>
      <trkpt lat="43.385258" lon="16.555271">
        <ele>1.684543</ele>
        <time>2026-08-04T13:14:55.773Z</time>
      </trkpt>
      <trkpt lat="43.385319" lon="16.555441">
        <ele>1.752262</ele>
        <time>2026-08-04T13:14:58.529Z</time>
      </trkpt>
      <trkpt lat="43.385323" lon="16.555660">
        <ele>1.830510</ele>
        <time>2026-08-04T13:15:01.880Z</time>
      </trkpt>
      <trkpt lat="43.385235" lon="16.556041">
        <ele>1.973304</ele>
        <time>2026-08-04T13:15:08.181Z</time>
      </trkpt>
      <trkpt lat="43.384844" lon="16.555911">
        <ele>2.191840</ele>
        <time>2026-08-04T13:15:17.178Z</time>
      </trkpt>
      <trkpt lat="43.384796" lon="16.556075">
        <ele>2.280033</ele>
        <time>2026-08-04T13:15:19.972Z</time>
      </trkpt>
      <trkpt lat="43.384679" lon="16.556490">
        <ele>2.502076</ele>
        <time>2026-08-04T13:15:26.717Z</time>
      </trkpt>
      <trkpt lat="43.384576" lon="16.556840">
        <ele>2.690436</ele>
        <time>2026-08-04T13:15:32.484Z</time>
      </trkpt>
      <trkpt lat="43.384422" lon="16.557371">
        <ele>2.975625</ele>
        <time>2026-08-04T13:15:41.282Z</time>
      </trkpt>
      <trkpt lat="43.384533" lon="16.557454">
        <ele>3.062336</ele>
        <time>2026-08-04T13:15:43.790Z</time>
      </trkpt>
      <trkpt lat="43.384624" lon="16.557517">
        <ele>3.132256</ele>
        <time>2026-08-04T13:15:45.825Z</time>
      </trkpt>
      <trkpt lat="43.384677" lon="16.557550">
        <ele>3.172185</ele>
        <time>2026-08-04T13:15:46.923Z</time>
      </trkpt>
      <trkpt lat="43.384535" lon="16.557821">
        <ele>3.338839</ele>
        <time>2026-08-04T13:15:51.485Z</time>
      </trkpt>
      <trkpt lat="43.384194" lon="16.558613">
        <ele>4.207427</ele>
        <time>2026-08-04T13:16:03.991Z</time>
      </trkpt>
      <trkpt lat="43.384098" lon="16.558834">
        <ele>4.454002</ele>
        <time>2026-08-04T13:16:07.743Z</time>
      </trkpt>
      <trkpt lat="43.384050" lon="16.558938">
        <ele>4.571990</ele>
        <time>2026-08-04T13:16:09.632Z</time>
      </trkpt>
      <trkpt lat="43.383809" lon="16.559456">
        <ele>5.161023</ele>
        <time>2026-08-04T13:16:19.567Z</time>
      </trkpt>
      <trkpt lat="43.383617" lon="16.559864">
        <ele>5.626527</ele>
        <time>2026-08-04T13:16:27.769Z</time>
      </trkpt>
      <trkpt lat="43.383460" lon="16.560197">
        <ele>6.626579</ele>
        <time>2026-08-04T13:16:34.697Z</time>
      </trkpt>
      <trkpt lat="43.383233" lon="16.560678">
        <ele>8.376816</ele>
        <time>2026-08-04T13:16:45.058Z</time>
      </trkpt>
      <trkpt lat="43.382837" lon="16.561188">
        <ele>10.654417</ele>
        <time>2026-08-04T13:16:59.314Z</time>
      </trkpt>
      <trkpt lat="43.382648" lon="16.561357">
        <ele>11.600909</ele>
        <time>2026-08-04T13:17:05.578Z</time>
      </trkpt>
      <trkpt lat="43.382546" lon="16.561436">
        <ele>12.092410</ele>
        <time>2026-08-04T13:17:08.898Z</time>
      </trkpt>
      <trkpt lat="43.382341" lon="16.561546">
        <ele>13.016365</ele>
        <time>2026-08-04T13:17:15.191Z</time>
      </trkpt>
      <trkpt lat="43.382043" lon="16.561632">
        <ele>14.709866</ele>
        <time>2026-08-04T13:17:24.176Z</time>
      </trkpt>
      <trkpt lat="43.381630" lon="16.561663">
        <ele>17.153834</ele>
        <time>2026-08-04T13:17:36.930Z</time>
      </trkpt>
      <trkpt lat="43.381291" lon="16.561580">
        <ele>19.188388</ele>
        <time>2026-08-04T13:17:47.569Z</time>
      </trkpt>
      <trkpt lat="43.381103" lon="16.561497">
        <ele>20.355031</ele>
        <time>2026-08-04T13:17:53.924Z</time>
      </trkpt>
      <trkpt lat="43.380648" lon="16.561208">
        <ele>23.316191</ele>
        <time>2026-08-04T13:18:09.235Z</time>
      </trkpt>
      <trkpt lat="43.380563" lon="16.561176">
        <ele>23.836902</ele>
        <time>2026-08-04T13:18:11.768Z</time>
      </trkpt>
      <trkpt lat="43.380600" lon="16.561037">
        <ele>24.075810</ele>
        <time>2026-08-04T13:18:14.785Z</time>
      </trkpt>
      <trkpt lat="43.380574" lon="16.560892">
        <ele>24.269875</ele>
        <time>2026-08-04T13:18:17.760Z</time>
      </trkpt>
      <trkpt lat="43.380492" lon="16.560793">
        <ele>24.464916</ele>
        <time>2026-08-04T13:18:20.654Z</time>
      </trkpt>
      <trkpt lat="43.380384" lon="16.560775">
        <ele>24.659414</ele>
        <time>2026-08-04T13:18:23.414Z</time>
      </trkpt>
      <trkpt lat="43.380332" lon="16.560799">
        <ele>24.757473</ele>
        <time>2026-08-04T13:18:24.832Z</time>
      </trkpt>
      <trkpt lat="43.380285" lon="16.560848">
        <ele>24.862900</ele>
        <time>2026-08-04T13:18:26.291Z</time>
      </trkpt>
      <trkpt lat="43.380235" lon="16.560993">
        <ele>25.071446</ele>
        <time>2026-08-04T13:18:29.097Z</time>
      </trkpt>
      <trkpt lat="43.380259" lon="16.561151">
        <ele>25.281191</ele>
        <time>2026-08-04T13:18:31.795Z</time>
      </trkpt>
      <trkpt lat="43.380347" lon="16.561256">
        <ele>25.489442</ele>
        <time>2026-08-04T13:18:34.345Z</time>
      </trkpt>
      <trkpt lat="43.380275" lon="16.561331">
        <ele>25.650897</ele>
        <time>2026-08-04T13:18:36.291Z</time>
      </trkpt>
      <trkpt lat="43.380089" lon="16.561806">
        <ele>26.352003</ele>
        <time>2026-08-04T13:18:43.881Z</time>
      </trkpt>
      <trkpt lat="43.380039" lon="16.561998">
        <ele>26.617024</ele>
        <time>2026-08-04T13:18:46.528Z</time>
      </trkpt>
      <trkpt lat="43.380021" lon="16.562125">
        <ele>26.785159</ele>
        <time>2026-08-04T13:18:48.151Z</time>
      </trkpt>
      <trkpt lat="43.380066" lon="16.562608">
        <ele>26.895213</ele>
        <time>2026-08-04T13:18:53.789Z</time>
      </trkpt>
      <trkpt lat="43.380184" lon="16.563432">
        <ele>26.076011</ele>
        <time>2026-08-04T13:19:03.900Z</time>
      </trkpt>
      <trkpt lat="43.380430" lon="16.564544">
        <ele>24.942211</ele>
        <time>2026-08-04T13:19:17.816Z</time>
      </trkpt>
      <trkpt lat="43.380686" lon="16.565635">
        <ele>23.385588</ele>
        <time>2026-08-04T13:19:30.936Z</time>
      </trkpt>
      <trkpt lat="43.380967" lon="16.566899">
        <ele>21.455136</ele>
        <time>2026-08-04T13:19:45.761Z</time>
      </trkpt>
      <trkpt lat="43.381037" lon="16.567328">
        <ele>20.813159</ele>
        <time>2026-08-04T13:19:50.426Z</time>
      </trkpt>
      <trkpt lat="43.381105" lon="16.568474">
        <ele>19.134846</ele>
        <time>2026-08-04T13:20:03.251Z</time>
      </trkpt>
      <trkpt lat="43.381285" lon="16.568591">
        <ele>18.735042</ele>
        <time>2026-08-04T13:20:06.477Z</time>
      </trkpt>
      <trkpt lat="43.381105" lon="16.568474">
        <ele>18.335237</ele>
        <time>2026-08-04T13:20:09.750Z</time>
      </trkpt>
      <trkpt lat="43.381075" lon="16.568812">
        <ele>17.838214</ele>
        <time>2026-08-04T13:20:13.550Z</time>
      </trkpt>
      <trkpt lat="43.380995" lon="16.569139">
        <ele>17.490648</ele>
        <time>2026-08-04T13:20:17.552Z</time>
      </trkpt>
      <trkpt lat="43.380864" lon="16.569388">
        <ele>17.526896</ele>
        <time>2026-08-04T13:20:21.229Z</time>
      </trkpt>
      <trkpt lat="43.380309" lon="16.570032">
        <ele>17.644693</ele>
        <time>2026-08-04T13:20:34.263Z</time>
      </trkpt>
      <trkpt lat="43.380184" lon="16.570281">
        <ele>17.680379</ele>
        <time>2026-08-04T13:20:38.711Z</time>
      </trkpt>
      <trkpt lat="43.380110" lon="16.570564">
        <ele>17.715846</ele>
        <time>2026-08-04T13:20:43.406Z</time>
      </trkpt>
      <trkpt lat="43.380110" lon="16.570890">
        <ele>17.754290</ele>
        <time>2026-08-04T13:20:48.622Z</time>
      </trkpt>
      <trkpt lat="43.380389" lon="16.572027">
        <ele>18.431785</ele>
        <time>2026-08-04T13:21:08.140Z</time>
      </trkpt>
      <trkpt lat="43.380415" lon="16.572401">
        <ele>18.666072</ele>
        <time>2026-08-04T13:21:14.139Z</time>
      </trkpt>
      <trkpt lat="43.380443" lon="16.574280">
        <ele>17.899941</ele>
        <time>2026-08-04T13:21:38.747Z</time>
      </trkpt>
      <trkpt lat="43.380456" lon="16.575288">
        <ele>16.203472</ele>
        <time>2026-08-04T13:21:49.384Z</time>
      </trkpt>
      <trkpt lat="43.380535" lon="16.575650">
        <ele>15.567454</ele>
        <time>2026-08-04T13:21:53.216Z</time>
      </trkpt>
      <trkpt lat="43.380711" lon="16.575965">
        <ele>14.664074</ele>
        <time>2026-08-04T13:21:57.175Z</time>
      </trkpt>
      <trkpt lat="43.381093" lon="16.576673">
        <ele>11.791518</ele>
        <time>2026-08-04T13:22:05.905Z</time>
      </trkpt>
      <trkpt lat="43.381214" lon="16.576945">
        <ele>10.752612</ele>
        <time>2026-08-04T13:22:09.023Z</time>
      </trkpt>
      <trkpt lat="43.381262" lon="16.577406">
        <ele>9.235471</ele>
        <time>2026-08-04T13:22:13.607Z</time>
      </trkpt>
      <trkpt lat="43.381235" lon="16.577614">
        <ele>8.547143</ele>
        <time>2026-08-04T13:22:15.683Z</time>
      </trkpt>
      <trkpt lat="43.381167" lon="16.577803">
        <ele>7.860121</ele>
        <time>2026-08-04T13:22:17.726Z</time>
      </trkpt>
      <trkpt lat="43.381055" lon="16.577944">
        <ele>7.179671</ele>
        <time>2026-08-04T13:22:19.745Z</time>
      </trkpt>
      <trkpt lat="43.380797" lon="16.578183">
        <ele>6.311588</ele>
        <time>2026-08-04T13:22:23.908Z</time>
      </trkpt>
      <trkpt lat="43.380435" lon="16.578516">
        <ele>5.148244</ele>
        <time>2026-08-04T13:22:29.905Z</time>
      </trkpt>
      <trkpt lat="43.380336" lon="16.578675">
        <ele>4.741712</ele>
        <time>2026-08-04T13:22:32.049Z</time>
      </trkpt>
      <trkpt lat="43.380217" lon="16.578975">
        <ele>4.078089</ele>
        <time>2026-08-04T13:22:35.648Z</time>
      </trkpt>
      <trkpt lat="43.379962" lon="16.580208">
        <ele>2.780435</ele>
        <time>2026-08-04T13:22:51.638Z</time>
      </trkpt>
      <trkpt lat="43.379962" lon="16.580401">
        <ele>3.049463</ele>
        <time>2026-08-04T13:22:54.709Z</time>
      </trkpt>
      <trkpt lat="43.380106" lon="16.581159">
        <ele>4.141554</ele>
        <time>2026-08-04T13:23:07.953Z</time>
      </trkpt>
      <trkpt lat="43.380516" lon="16.582426">
        <ele>6.033016</ele>
        <time>2026-08-04T13:23:32.385Z</time>
      </trkpt>
      <trkpt lat="43.380581" lon="16.582686">
        <ele>6.369566</ele>
        <time>2026-08-04T13:23:37.161Z</time>
      </trkpt>
      <trkpt lat="43.380600" lon="16.583129">
        <ele>6.912757</ele>
        <time>2026-08-04T13:23:44.706Z</time>
      </trkpt>
      <trkpt lat="43.380578" lon="16.583355">
        <ele>7.191858</ele>
        <time>2026-08-04T13:23:48.523Z</time>
      </trkpt>
      <trkpt lat="43.380135" lon="16.585801">
        <ele>8.345322</ele>
        <time>2026-08-04T13:24:25.629Z</time>
      </trkpt>
      <trkpt lat="43.380037" lon="16.586198">
        <ele>8.204561</ele>
        <time>2026-08-04T13:24:30.737Z</time>
      </trkpt>
      <trkpt lat="43.379911" lon="16.586512">
        <ele>8.084144</ele>
        <time>2026-08-04T13:24:34.879Z</time>
      </trkpt>
      <trkpt lat="43.379622" lon="16.587086">
        <ele>7.826053</ele>
        <time>2026-08-04T13:24:42.781Z</time>
      </trkpt>
      <trkpt lat="43.379583" lon="16.587345">
        <ele>7.711201</ele>
        <time>2026-08-04T13:24:45.737Z</time>
      </trkpt>
      <trkpt lat="43.379610" lon="16.587491">
        <ele>7.645784</ele>
        <time>2026-08-04T13:24:47.484Z</time>
      </trkpt>
      <trkpt lat="43.379649" lon="16.587581">
        <ele>7.600285</ele>
        <time>2026-08-04T13:24:48.693Z</time>
      </trkpt>
      <trkpt lat="43.379822" lon="16.587742">
        <ele>7.475505</ele>
        <time>2026-08-04T13:24:52.165Z</time>
      </trkpt>
      <trkpt lat="43.380357" lon="16.587839">
        <ele>7.153115</ele>
        <time>2026-08-04T13:25:01.713Z</time>
      </trkpt>
      <trkpt lat="43.380467" lon="16.587919">
        <ele>7.078781</ele>
        <time>2026-08-04T13:25:04.083Z</time>
      </trkpt>
      <trkpt lat="43.380674" lon="16.588209">
        <ele>6.902286</ele>
        <time>2026-08-04T13:25:10.089Z</time>
      </trkpt>
      <trkpt lat="43.380727" lon="16.588403">
        <ele>6.864642</ele>
        <time>2026-08-04T13:25:13.239Z</time>
      </trkpt>
      <trkpt lat="43.380759" lon="16.588646">
        <ele>6.886445</ele>
        <time>2026-08-04T13:25:16.999Z</time>
      </trkpt>
      <trkpt lat="43.380766" lon="16.588971">
        <ele>6.915151</ele>
        <time>2026-08-04T13:25:21.899Z</time>
      </trkpt>
      <trkpt lat="43.380769" lon="16.589156">
        <ele>6.931489</ele>
        <time>2026-08-04T13:25:24.639Z</time>
      </trkpt>
      <trkpt lat="43.380742" lon="16.589377">
        <ele>6.951274</ele>
        <time>2026-08-04T13:25:27.909Z</time>
      </trkpt>
      <trkpt lat="43.380623" lon="16.589823">
        <ele>6.993220</ele>
        <time>2026-08-04T13:25:34.319Z</time>
      </trkpt>
      <trkpt lat="43.380293" lon="16.590636">
        <ele>7.079247</ele>
        <time>2026-08-04T13:25:46.048Z</time>
      </trkpt>
      <trkpt lat="43.380253" lon="16.590795">
        <ele>7.143421</ele>
        <time>2026-08-04T13:25:48.143Z</time>
      </trkpt>
      <trkpt lat="43.380257" lon="16.590974">
        <ele>7.211725</ele>
        <time>2026-08-04T13:25:50.413Z</time>
      </trkpt>
      <trkpt lat="43.380343" lon="16.591111">
        <ele>7.280770</ele>
        <time>2026-08-04T13:25:52.743Z</time>
      </trkpt>
      <trkpt lat="43.380755" lon="16.591345">
        <ele>7.514672</ele>
        <time>2026-08-04T13:26:01.032Z</time>
      </trkpt>
      <trkpt lat="43.380847" lon="16.591445">
        <ele>7.576199</ele>
        <time>2026-08-04T13:26:03.384Z</time>
      </trkpt>
      <trkpt lat="43.380892" lon="16.591543">
        <ele>7.620412</ele>
        <time>2026-08-04T13:26:05.085Z</time>
      </trkpt>
      <trkpt lat="43.380929" lon="16.591669">
        <ele>7.672243</ele>
        <time>2026-08-04T13:26:07.105Z</time>
      </trkpt>
      <trkpt lat="43.380932" lon="16.591856">
        <ele>7.743584</ele>
        <time>2026-08-04T13:26:09.950Z</time>
      </trkpt>
      <trkpt lat="43.380867" lon="16.592535">
        <ele>8.004795</ele>
        <time>2026-08-04T13:26:20.698Z</time>
      </trkpt>
      <trkpt lat="43.380872" lon="16.592666">
        <ele>8.098914</ele>
        <time>2026-08-04T13:26:22.794Z</time>
      </trkpt>
      <trkpt lat="43.380882" lon="16.592880">
        <ele>8.279039</ele>
        <time>2026-08-04T13:26:26.250Z</time>
      </trkpt>
      <trkpt lat="43.380919" lon="16.593004">
        <ele>8.391631</ele>
        <time>2026-08-04T13:26:28.447Z</time>
      </trkpt>
      <trkpt lat="43.381286" lon="16.593773">
        <ele>9.164375</ele>
        <time>2026-08-04T13:26:43.219Z</time>
      </trkpt>
      <trkpt lat="43.381340" lon="16.593970">
        <ele>9.341226</ele>
        <time>2026-08-04T13:26:46.483Z</time>
      </trkpt>
      <trkpt lat="43.381380" lon="16.594258">
        <ele>9.587513</ele>
        <time>2026-08-04T13:26:50.954Z</time>
      </trkpt>
      <trkpt lat="43.381384" lon="16.594490">
        <ele>9.782440</ele>
        <time>2026-08-04T13:26:54.451Z</time>
      </trkpt>
      <trkpt lat="43.381338" lon="16.595017">
        <ele>10.032866</ele>
        <time>2026-08-04T13:27:02.399Z</time>
      </trkpt>
      <trkpt lat="43.380510" lon="16.598950">
        <ele>6.916457</ele>
        <time>2026-08-04T13:27:53.465Z</time>
      </trkpt>
      <trkpt lat="43.380408" lon="16.599275">
        <ele>6.484384</ele>
        <time>2026-08-04T13:27:57.072Z</time>
      </trkpt>
      <trkpt lat="43.380267" lon="16.599480">
        <ele>6.139900</ele>
        <time>2026-08-04T13:27:59.947Z</time>
      </trkpt>
      <trkpt lat="43.380208" lon="16.599512">
        <ele>6.027586</ele>
        <time>2026-08-04T13:28:00.844Z</time>
      </trkpt>
      <trkpt lat="43.380143" lon="16.599529">
        <ele>5.895451</ele>
        <time>2026-08-04T13:28:01.778Z</time>
      </trkpt>
      <trkpt lat="43.379970" lon="16.599472">
        <ele>5.540185</ele>
        <time>2026-08-04T13:28:04.280Z</time>
      </trkpt>
      <trkpt lat="43.379788" lon="16.599340">
        <ele>5.129306</ele>
        <time>2026-08-04T13:28:07.199Z</time>
      </trkpt>
      <trkpt lat="43.379510" lon="16.599047">
        <ele>4.429938</ele>
        <time>2026-08-04T13:28:12.209Z</time>
      </trkpt>
      <trkpt lat="43.379155" lon="16.598582">
        <ele>3.451056</ele>
        <time>2026-08-04T13:28:20.165Z</time>
      </trkpt>
      <trkpt lat="43.378726" lon="16.597822">
        <ele>2.578752</ele>
        <time>2026-08-04T13:28:32.730Z</time>
      </trkpt>
      <trkpt lat="43.378463" lon="16.597630">
        <ele>2.730577</ele>
        <time>2026-08-04T13:28:37.886Z</time>
      </trkpt>
      <trkpt lat="43.377998" lon="16.596926">
        <ele>3.083158</ele>
        <time>2026-08-04T13:28:50.064Z</time>
      </trkpt>
      <trkpt lat="43.377656" lon="16.596543">
        <ele>3.308029</ele>
        <time>2026-08-04T13:28:59.957Z</time>
      </trkpt>
      <trkpt lat="43.377471" lon="16.596394">
        <ele>3.567803</ele>
        <time>2026-08-04T13:29:04.909Z</time>
      </trkpt>
      <trkpt lat="43.377323" lon="16.596391">
        <ele>4.047824</ele>
        <time>2026-08-04T13:29:08.445Z</time>
      </trkpt>
      <trkpt lat="43.377182" lon="16.596460">
        <ele>4.533156</ele>
        <time>2026-08-04T13:29:12.097Z</time>
      </trkpt>
      <trkpt lat="43.377057" lon="16.596622">
        <ele>5.090071</ele>
        <time>2026-08-04T13:29:16.362Z</time>
      </trkpt>
      <trkpt lat="43.376997" lon="16.596843">
        <ele>5.646166</ele>
        <time>2026-08-04T13:29:20.738Z</time>
      </trkpt>
      <trkpt lat="43.377005" lon="16.597060">
        <ele>6.158336</ele>
        <time>2026-08-04T13:29:24.896Z</time>
      </trkpt>
      <trkpt lat="43.377056" lon="16.597206">
        <ele>6.540167</ele>
        <time>2026-08-04T13:29:27.981Z</time>
      </trkpt>
      <trkpt lat="43.377520" lon="16.598577">
        <ele>9.374320</ele>
        <time>2026-08-04T13:29:55.743Z</time>
      </trkpt>
      <trkpt lat="43.377574" lon="16.599033">
        <ele>9.561838</ele>
        <time>2026-08-04T13:30:02.950Z</time>
      </trkpt>
      <trkpt lat="43.377586" lon="16.599370">
        <ele>9.698781</ele>
        <time>2026-08-04T13:30:07.707Z</time>
      </trkpt>
      <trkpt lat="43.377645" lon="16.599603">
        <ele>9.798923</ele>
        <time>2026-08-04T13:30:10.926Z</time>
      </trkpt>
      <trkpt lat="43.377742" lon="16.599801">
        <ele>9.895836</ele>
        <time>2026-08-04T13:30:13.945Z</time>
      </trkpt>
      <trkpt lat="43.377979" lon="16.600170">
        <ele>10.095696</ele>
        <time>2026-08-04T13:30:20.141Z</time>
      </trkpt>
      <trkpt lat="43.378284" lon="16.600565">
        <ele>10.117230</ele>
        <time>2026-08-04T13:30:27.054Z</time>
      </trkpt>
      <trkpt lat="43.378493" lon="16.600896">
        <ele>9.927899</ele>
        <time>2026-08-04T13:30:32.259Z</time>
      </trkpt>
      <trkpt lat="43.378667" lon="16.601358">
        <ele>9.703212</ele>
        <time>2026-08-04T13:30:38.787Z</time>
      </trkpt>
      <trkpt lat="43.378859" lon="16.601865">
        <ele>9.456351</ele>
        <time>2026-08-04T13:30:46.406Z</time>
      </trkpt>
      <trkpt lat="43.378963" lon="16.602273">
        <ele>9.269654</ele>
        <time>2026-08-04T13:30:52.593Z</time>
      </trkpt>
      <trkpt lat="43.379005" lon="16.602598">
        <ele>9.049672</ele>
        <time>2026-08-04T13:30:56.980Z</time>
      </trkpt>
      <trkpt lat="43.379014" lon="16.602873">
        <ele>8.633997</ele>
        <time>2026-08-04T13:31:00.397Z</time>
      </trkpt>
      <trkpt lat="43.378948" lon="16.603335">
        <ele>7.923022</ele>
        <time>2026-08-04T13:31:05.990Z</time>
      </trkpt>
      <trkpt lat="43.378798" lon="16.603783">
        <ele>7.178206</ele>
        <time>2026-08-04T13:31:11.385Z</time>
      </trkpt>
      <trkpt lat="43.378585" lon="16.604137">
        <ele>6.484258</ele>
        <time>2026-08-04T13:31:16.160Z</time>
      </trkpt>
      <trkpt lat="43.378389" lon="16.604388">
        <ele>5.927962</ele>
        <time>2026-08-04T13:31:20.001Z</time>
      </trkpt>
      <trkpt lat="43.378064" lon="16.604724">
        <ele>5.213937</ele>
        <time>2026-08-04T13:31:25.907Z</time>
      </trkpt>
      <trkpt lat="43.377879" lon="16.604837">
        <ele>4.955857</ele>
        <time>2026-08-04T13:31:28.936Z</time>
      </trkpt>
      <trkpt lat="43.376794" lon="16.604953">
        <ele>3.568288</ele>
        <time>2026-08-04T13:31:47.501Z</time>
      </trkpt>
      <trkpt lat="43.376492" lon="16.605100">
        <ele>3.159843</ele>
        <time>2026-08-04T13:31:53.303Z</time>
      </trkpt>
      <trkpt lat="43.375794" lon="16.605559">
        <ele>3.016929</ele>
        <time>2026-08-04T13:32:06.830Z</time>
      </trkpt>
      <trkpt lat="43.375749" lon="16.605664">
        <ele>3.003779</ele>
        <time>2026-08-04T13:32:08.339Z</time>
      </trkpt>
      <trkpt lat="43.375752" lon="16.605818">
        <ele>2.987158</ele>
        <time>2026-08-04T13:32:10.235Z</time>
      </trkpt>
      <trkpt lat="43.375836" lon="16.606046">
        <ele>2.959580</ele>
        <time>2026-08-04T13:32:13.408Z</time>
      </trkpt>
      <trkpt lat="43.376055" lon="16.605959">
        <ele>2.925747</ele>
        <time>2026-08-04T13:32:17.428Z</time>
      </trkpt>
      <trkpt lat="43.376179" lon="16.605908">
        <ele>2.906537</ele>
        <time>2026-08-04T13:32:19.843Z</time>
      </trkpt>
      <trkpt lat="43.376638" lon="16.605972">
        <ele>2.962457</ele>
        <time>2026-08-04T13:32:29.598Z</time>
      </trkpt>
      <trkpt lat="43.376875" lon="16.606032">
        <ele>3.119892</ele>
        <time>2026-08-04T13:32:35.045Z</time>
      </trkpt>
      <trkpt lat="43.377180" lon="16.606189">
        <ele>3.332643</ele>
        <time>2026-08-04T13:32:41.942Z</time>
      </trkpt>
      <trkpt lat="43.377336" lon="16.606290">
        <ele>3.445281</ele>
        <time>2026-08-04T13:32:45.536Z</time>
      </trkpt>
      <trkpt lat="43.377628" lon="16.606800">
        <ele>3.753569</ele>
        <time>2026-08-04T13:32:54.967Z</time>
      </trkpt>
      <trkpt lat="43.377752" lon="16.606873">
        <ele>3.841685</ele>
        <time>2026-08-04T13:32:57.536Z</time>
      </trkpt>
      <trkpt lat="43.377832" lon="16.606885">
        <ele>3.894260</ele>
        <time>2026-08-04T13:32:59.039Z</time>
      </trkpt>
      <trkpt lat="43.378466" lon="16.606666">
        <ele>4.663485</ele>
        <time>2026-08-04T13:33:10.713Z</time>
      </trkpt>
      <trkpt lat="43.379208" lon="16.606430">
        <ele>5.758064</ele>
        <time>2026-08-04T13:33:24.424Z</time>
      </trkpt>
      <trkpt lat="43.379576" lon="16.606344">
        <ele>6.294555</ele>
        <time>2026-08-04T13:33:33.550Z</time>
      </trkpt>
      <trkpt lat="43.379751" lon="16.606367">
        <ele>6.547222</ele>
        <time>2026-08-04T13:33:38.387Z</time>
      </trkpt>
      <trkpt lat="43.379852" lon="16.606449">
        <ele>6.891389</ele>
        <time>2026-08-04T13:33:41.685Z</time>
      </trkpt>
      <trkpt lat="43.379927" lon="16.606666">
        <ele>7.608985</ele>
        <time>2026-08-04T13:33:46.693Z</time>
      </trkpt>
      <trkpt lat="43.379941" lon="16.606870">
        <ele>8.220926</ele>
        <time>2026-08-04T13:33:51.052Z</time>
      </trkpt>
      <trkpt lat="43.379874" lon="16.607435">
        <ele>9.930568</ele>
        <time>2026-08-04T13:34:03.269Z</time>
      </trkpt>
      <trkpt lat="43.379855" lon="16.607635">
        <ele>10.532935</ele>
        <time>2026-08-04T13:34:07.472Z</time>
      </trkpt>
      <trkpt lat="43.379824" lon="16.607971">
        <ele>11.544428</ele>
        <time>2026-08-04T13:34:14.357Z</time>
      </trkpt>
      <trkpt lat="43.379784" lon="16.608317">
        <ele>12.590724</ele>
        <time>2026-08-04T13:34:21.122Z</time>
      </trkpt>
      <trkpt lat="43.379772" lon="16.608523">
        <ele>13.207902</ele>
        <time>2026-08-04T13:34:24.938Z</time>
      </trkpt>
      <trkpt lat="43.379723" lon="16.608943">
        <ele>13.919688</ele>
        <time>2026-08-04T13:34:31.971Z</time>
      </trkpt>
      <trkpt lat="43.379717" lon="16.608990">
        <ele>13.891552</ele>
        <time>2026-08-04T13:34:32.653Z</time>
      </trkpt>
      <trkpt lat="43.379644" lon="16.609598">
        <ele>13.528212</ele>
        <time>2026-08-04T13:34:40.516Z</time>
      </trkpt>
      <trkpt lat="43.379544" lon="16.610336">
        <ele>13.085584</ele>
        <time>2026-08-04T13:34:48.985Z</time>
      </trkpt>
      <trkpt lat="43.379454" lon="16.611111">
        <ele>12.622840</ele>
        <time>2026-08-04T13:34:57.692Z</time>
      </trkpt>
      <trkpt lat="43.379338" lon="16.612171">
        <ele>12.122561</ele>
        <time>2026-08-04T13:35:10.599Z</time>
      </trkpt>
      <trkpt lat="43.379070" lon="16.614258">
        <ele>11.806800</ele>
        <time>2026-08-04T13:35:56.555Z</time>
      </trkpt>
      <trkpt lat="43.378915" lon="16.614684">
        <ele>12.102593</ele>
        <time>2026-08-04T13:36:06.919Z</time>
      </trkpt>
      <trkpt lat="43.378709" lon="16.615027">
        <ele>12.378859</ele>
        <time>2026-08-04T13:36:16.816Z</time>
      </trkpt>
      <trkpt lat="43.378391" lon="16.615388">
        <ele>12.731047</ele>
        <time>2026-08-04T13:36:29.623Z</time>
      </trkpt>
      <trkpt lat="43.378160" lon="16.615576">
        <ele>12.960320</ele>
        <time>2026-08-04T13:36:38.162Z</time>
      </trkpt>
      <trkpt lat="43.377586" lon="16.615945">
        <ele>14.335824</ele>
        <time>2026-08-04T13:36:57.840Z</time>
      </trkpt>
      <trkpt lat="43.377210" lon="16.616301">
        <ele>15.340287</ele>
        <time>2026-08-04T13:37:12.166Z</time>
      </trkpt>
      <trkpt lat="43.377191" lon="16.616424">
        <ele>15.541427</ele>
        <time>2026-08-04T13:37:15.085Z</time>
      </trkpt>
      <trkpt lat="43.377212" lon="16.616532">
        <ele>15.720254</ele>
        <time>2026-08-04T13:37:17.666Z</time>
      </trkpt>
      <trkpt lat="43.377454" lon="16.617045">
        <ele>16.698499</ele>
        <time>2026-08-04T13:37:31.804Z</time>
      </trkpt>
      <trkpt lat="43.377530" lon="16.617309">
        <ele>17.213178</ele>
        <time>2026-08-04T13:37:38.341Z</time>
      </trkpt>
      <trkpt lat="43.377598" lon="16.617782">
        <ele>18.194327</ele>
        <time>2026-08-04T13:37:49.334Z</time>
      </trkpt>
      <trkpt lat="43.377592" lon="16.618057">
        <ele>18.754173</ele>
        <time>2026-08-04T13:37:55.733Z</time>
      </trkpt>
      <trkpt lat="43.377505" lon="16.618357">
        <ele>19.411437</ele>
        <time>2026-08-04T13:38:03.495Z</time>
      </trkpt>
      <trkpt lat="43.377051" lon="16.619214">
        <ele>21.569383</ele>
        <time>2026-08-04T13:38:28.634Z</time>
      </trkpt>
      <trkpt lat="43.376625" lon="16.619671">
        <ele>23.020453</ele>
        <time>2026-08-04T13:38:45.427Z</time>
      </trkpt>
      <trkpt lat="43.376247" lon="16.619880">
        <ele>24.098333</ele>
        <time>2026-08-04T13:38:58.052Z</time>
      </trkpt>
      <trkpt lat="43.376089" lon="16.619954">
        <ele>24.539938</ele>
        <time>2026-08-04T13:39:03.274Z</time>
      </trkpt>
      <trkpt lat="43.375889" lon="16.619988">
        <ele>25.073134</ele>
        <time>2026-08-04T13:39:09.575Z</time>
      </trkpt>
      <trkpt lat="43.375633" lon="16.619928">
        <ele>25.760232</ele>
        <time>2026-08-04T13:39:17.869Z</time>
      </trkpt>
      <trkpt lat="43.375334" lon="16.619645">
        <ele>26.720481</ele>
        <time>2026-08-04T13:39:29.841Z</time>
      </trkpt>
      <trkpt lat="43.374510" lon="16.619018">
        <ele>30.903481</ele>
        <time>2026-08-04T13:40:03.183Z</time>
      </trkpt>
      <trkpt lat="43.373556" lon="16.618375">
        <ele>34.946905</ele>
        <time>2026-08-04T13:40:39.718Z</time>
      </trkpt>
      <trkpt lat="43.373462" lon="16.618375">
        <ele>35.051279</ele>
        <time>2026-08-04T13:40:42.705Z</time>
      </trkpt>
      <trkpt lat="43.373356" lon="16.618452">
        <ele>35.184378</ele>
        <time>2026-08-04T13:40:46.511Z</time>
      </trkpt>
      <trkpt lat="43.373312" lon="16.618632">
        <ele>35.337653</ele>
        <time>2026-08-04T13:40:50.854Z</time>
      </trkpt>
      <trkpt lat="43.373338" lon="16.618835">
        <ele>35.504022</ele>
        <time>2026-08-04T13:40:55.509Z</time>
      </trkpt>
      <trkpt lat="43.373634" lon="16.620069">
        <ele>36.552828</ele>
        <time>2026-08-04T13:41:23.721Z</time>
      </trkpt>
      <trkpt lat="43.373641" lon="16.620366">
        <ele>36.576465</ele>
        <time>2026-08-04T13:41:30.169Z</time>
      </trkpt>
      <trkpt lat="43.373572" lon="16.620579">
        <ele>36.220226</ele>
        <time>2026-08-04T13:41:35.305Z</time>
      </trkpt>
      <trkpt lat="43.373331" lon="16.621040">
        <ele>35.352762</ele>
        <time>2026-08-04T13:41:47.619Z</time>
      </trkpt>
      <trkpt lat="43.373240" lon="16.621284">
        <ele>34.933815</ele>
        <time>2026-08-04T13:41:53.430Z</time>
      </trkpt>
      <trkpt lat="43.373234" lon="16.621419">
        <ele>34.727197</ele>
        <time>2026-08-04T13:41:56.076Z</time>
      </trkpt>
      <trkpt lat="43.373264" lon="16.621536">
        <ele>34.537667</ele>
        <time>2026-08-04T13:41:58.462Z</time>
      </trkpt>
      <trkpt lat="43.373377" lon="16.621723">
        <ele>34.166175</ele>
        <time>2026-08-04T13:42:02.979Z</time>
      </trkpt>
      <trkpt lat="43.373452" lon="16.621809">
        <ele>33.960981</ele>
        <time>2026-08-04T13:42:05.506Z</time>
      </trkpt>
      <trkpt lat="43.373941" lon="16.622129">
        <ele>32.648886</ele>
        <time>2026-08-04T13:42:19.356Z</time>
      </trkpt>
      <trkpt lat="43.374320" lon="16.622338">
        <ele>30.491023</ele>
        <time>2026-08-04T13:42:25.229Z</time>
      </trkpt>
      <trkpt lat="43.374825" lon="16.622556">
        <ele>27.693892</ele>
        <time>2026-08-04T13:42:32.464Z</time>
      </trkpt>
      <trkpt lat="43.375075" lon="16.622742">
        <ele>26.191864</ele>
        <time>2026-08-04T13:42:36.338Z</time>
      </trkpt>
      <trkpt lat="43.375307" lon="16.622914">
        <ele>24.799093</ele>
        <time>2026-08-04T13:42:40.001Z</time>
      </trkpt>
      <trkpt lat="43.375494" lon="16.623172">
        <ele>23.396474</ele>
        <time>2026-08-04T13:42:43.798Z</time>
      </trkpt>
      <trkpt lat="43.375968" lon="16.623857">
        <ele>19.430063</ele>
        <time>2026-08-04T13:42:53.546Z</time>
      </trkpt>
      <trkpt lat="43.376360" lon="16.624518">
        <ele>15.852337</ele>
        <time>2026-08-04T13:43:02.245Z</time>
      </trkpt>
      <trkpt lat="43.376588" lon="16.624975">
        <ele>13.527734</ele>
        <time>2026-08-04T13:43:07.664Z</time>
      </trkpt>
      <trkpt lat="43.376610" lon="16.625068">
        <ele>13.117576</ele>
        <time>2026-08-04T13:43:08.605Z</time>
      </trkpt>
      <trkpt lat="43.376620" lon="16.625309">
        <ele>12.176462</ele>
        <time>2026-08-04T13:43:10.932Z</time>
      </trkpt>
      <trkpt lat="43.376676" lon="16.625371">
        <ele>11.792844</ele>
        <time>2026-08-04T13:43:11.874Z</time>
      </trkpt>
      <trkpt lat="43.376618" lon="16.625525">
        <ele>11.120028</ele>
        <time>2026-08-04T13:43:13.459Z</time>
      </trkpt>
      <trkpt lat="43.376387" lon="16.626262">
        <ele>8.006631</ele>
        <time>2026-08-04T13:43:20.908Z</time>
      </trkpt>
      <trkpt lat="43.376366" lon="16.626322">
        <ele>7.748305</ele>
        <time>2026-08-04T13:43:21.535Z</time>
      </trkpt>
      <trkpt lat="43.376335" lon="16.626441">
        <ele>7.257936</ele>
        <time>2026-08-04T13:43:22.758Z</time>
      </trkpt>
      <trkpt lat="43.376308" lon="16.626542">
        <ele>6.840486</ele>
        <time>2026-08-04T13:43:23.788Z</time>
      </trkpt>
      <trkpt lat="43.376238" lon="16.626660">
        <ele>6.249650</ele>
        <time>2026-08-04T13:43:25.267Z</time>
      </trkpt>
      <trkpt lat="43.376208" lon="16.627097">
        <ele>4.546919</ele>
        <time>2026-08-04T13:43:29.582Z</time>
      </trkpt>
      <trkpt lat="43.376204" lon="16.627291">
        <ele>3.794062</ele>
        <time>2026-08-04T13:43:31.564Z</time>
      </trkpt>
      <trkpt lat="43.376306" lon="16.627989">
        <ele>3.214801</ele>
        <time>2026-08-04T13:43:39.968Z</time>
      </trkpt>
      <trkpt lat="43.376571" lon="16.628152">
        <ele>3.060911</ele>
        <time>2026-08-04T13:43:45.366Z</time>
      </trkpt>
      <trkpt lat="43.376768" lon="16.628370">
        <ele>2.926881</ele>
        <time>2026-08-04T13:43:50.367Z</time>
      </trkpt>
      <trkpt lat="43.376827" lon="16.628658">
        <ele>2.811580</ele>
        <time>2026-08-04T13:43:54.620Z</time>
      </trkpt>
      <trkpt lat="43.376870" lon="16.628719">
        <ele>2.778836</ele>
        <time>2026-08-04T13:43:55.813Z</time>
      </trkpt>
      <trkpt lat="43.376902" lon="16.628750">
        <ele>2.758087</ele>
        <time>2026-08-04T13:43:56.590Z</time>
      </trkpt>
      <trkpt lat="43.377068" lon="16.628641">
        <ele>2.660574</ele>
        <time>2026-08-04T13:44:00.021Z</time>
      </trkpt>
      <trkpt lat="43.377316" lon="16.628641">
        <ele>2.529098</ele>
        <time>2026-08-04T13:44:04.781Z</time>
      </trkpt>
      <trkpt lat="43.377715" lon="16.628758">
        <ele>2.415543</ele>
        <time>2026-08-04T13:44:12.856Z</time>
      </trkpt>
      <trkpt lat="43.378091" lon="16.628885">
        <ele>2.321752</ele>
        <time>2026-08-04T13:44:19.662Z</time>
      </trkpt>
      <trkpt lat="43.378149" lon="16.628959">
        <ele>2.302590</ele>
        <time>2026-08-04T13:44:21.008Z</time>
      </trkpt>
      <trkpt lat="43.378093" lon="16.629452">
        <ele>2.214731</ele>
        <time>2026-08-04T13:44:27.238Z</time>
      </trkpt>
      <trkpt lat="43.378114" lon="16.629802">
        <ele>2.152895</ele>
        <time>2026-08-04T13:44:31.598Z</time>
      </trkpt>
      <trkpt lat="43.378123" lon="16.630172">
        <ele>2.087711</ele>
        <time>2026-08-04T13:44:36.321Z</time>
      </trkpt>
      <trkpt lat="43.378121" lon="16.630243">
        <ele>2.075200</ele>
        <time>2026-08-04T13:44:37.247Z</time>
      </trkpt>
      <trkpt lat="43.378107" lon="16.630315">
        <ele>2.093284</ele>
        <time>2026-08-04T13:44:38.236Z</time>
      </trkpt>
      <trkpt lat="43.378076" lon="16.630398">
        <ele>2.199443</ele>
        <time>2026-08-04T13:44:39.491Z</time>
      </trkpt>
      <trkpt lat="43.378032" lon="16.630425">
        <ele>2.274849</ele>
        <time>2026-08-04T13:44:40.418Z</time>
      </trkpt>
      <trkpt lat="43.377948" lon="16.630449">
        <ele>2.409127</ele>
        <time>2026-08-04T13:44:42.100Z</time>
      </trkpt>
      <trkpt lat="43.377842" lon="16.630480">
        <ele>2.578740</ele>
        <time>2026-08-04T13:44:44.213Z</time>
      </trkpt>
      <trkpt lat="43.377825" lon="16.630485">
        <ele>2.605949</ele>
        <time>2026-08-04T13:44:44.570Z</time>
      </trkpt>
      <trkpt lat="43.377472" lon="16.630511">
        <ele>3.159239</ele>
        <time>2026-08-04T13:44:51.731Z</time>
      </trkpt>
      <trkpt lat="43.376935" lon="16.630564">
        <ele>4.001887</ele>
        <time>2026-08-04T13:45:03.988Z</time>
      </trkpt>
      <trkpt lat="43.376704" lon="16.630707">
        <ele>4.398352</ele>
        <time>2026-08-04T13:45:09.997Z</time>
      </trkpt>
      <trkpt lat="43.376653" lon="16.630923">
        <ele>4.656721</ele>
        <time>2026-08-04T13:45:13.887Z</time>
      </trkpt>
      <trkpt lat="43.376642" lon="16.631164">
        <ele>4.960034</ele>
        <time>2026-08-04T13:45:18.121Z</time>
      </trkpt>
      <trkpt lat="43.376691" lon="16.631531">
        <ele>5.627269</ele>
        <time>2026-08-04T13:45:24.758Z</time>
      </trkpt>
      <trkpt lat="43.376847" lon="16.631898">
        <ele>6.387503</ele>
        <time>2026-08-04T13:45:32.122Z</time>
      </trkpt>
      <trkpt lat="43.376922" lon="16.632209">
        <ele>6.973428</ele>
        <time>2026-08-04T13:45:37.563Z</time>
      </trkpt>
      <trkpt lat="43.376922" lon="16.632443">
        <ele>7.391856</ele>
        <time>2026-08-04T13:45:41.459Z</time>
      </trkpt>
      <trkpt lat="43.376841" lon="16.632864">
        <ele>8.170595</ele>
        <time>2026-08-04T13:45:48.645Z</time>
      </trkpt>
      <trkpt lat="43.376739" lon="16.633378">
        <ele>9.123347</ele>
        <time>2026-08-04T13:45:57.498Z</time>
      </trkpt>
      <trkpt lat="43.376671" lon="16.633569">
        <ele>9.403951</ele>
        <time>2026-08-04T13:46:01.185Z</time>
      </trkpt>
      <trkpt lat="43.376436" lon="16.634220">
        <ele>10.047010</ele>
        <time>2026-08-04T13:46:13.896Z</time>
      </trkpt>
      <trkpt lat="43.376311" lon="16.634870">
        <ele>10.641857</ele>
        <time>2026-08-04T13:46:24.809Z</time>
      </trkpt>
      <trkpt lat="43.376343" lon="16.635146">
        <ele>10.889123</ele>
        <time>2026-08-04T13:46:29.071Z</time>
      </trkpt>
      <trkpt lat="43.376555" lon="16.635769">
        <ele>11.493882</ele>
        <time>2026-08-04T13:46:38.019Z</time>
      </trkpt>
      <trkpt lat="43.376775" lon="16.636552">
        <ele>10.909985</ele>
        <time>2026-08-04T13:46:47.676Z</time>
      </trkpt>
      <trkpt lat="43.376770" lon="16.636879">
        <ele>10.682488</ele>
        <time>2026-08-04T13:46:51.279Z</time>
      </trkpt>
      <trkpt lat="43.376695" lon="16.637145">
        <ele>10.484036</ele>
        <time>2026-08-04T13:46:54.411Z</time>
      </trkpt>
      <trkpt lat="43.376608" lon="16.637351">
        <ele>10.318320</ele>
        <time>2026-08-04T13:46:57.048Z</time>
      </trkpt>
      <trkpt lat="43.376415" lon="16.637583">
        <ele>10.073064</ele>
        <time>2026-08-04T13:47:01.208Z</time>
      </trkpt>
      <trkpt lat="43.375853" lon="16.638072">
        <ele>10.787671</ele>
        <time>2026-08-04T13:47:14.458Z</time>
      </trkpt>
      <trkpt lat="43.375242" lon="16.638656">
        <ele>12.924364</ele>
        <time>2026-08-04T13:47:34.356Z</time>
      </trkpt>
      <trkpt lat="43.374980" lon="16.638896">
        <ele>13.828355</ele>
        <time>2026-08-04T13:47:42.085Z</time>
      </trkpt>
      <trkpt lat="43.374936" lon="16.638937">
        <ele>13.980978</ele>
        <time>2026-08-04T13:47:43.418Z</time>
      </trkpt>
      <trkpt lat="43.374774" lon="16.639085">
        <ele>14.539476</ele>
        <time>2026-08-04T13:47:48.078Z</time>
      </trkpt>
      <trkpt lat="43.374705" lon="16.639214">
        <ele>14.873825</ele>
        <time>2026-08-04T13:47:50.947Z</time>
      </trkpt>
      <trkpt lat="43.374677" lon="16.639354">
        <ele>15.089500</ele>
        <time>2026-08-04T13:47:53.486Z</time>
      </trkpt>
      <trkpt lat="43.374705" lon="16.639497">
        <ele>15.284567</ele>
        <time>2026-08-04T13:47:56.127Z</time>
      </trkpt>
      <trkpt lat="43.374986" lon="16.639926">
        <ele>16.045204</ele>
        <time>2026-08-04T13:48:06.628Z</time>
      </trkpt>
      <trkpt lat="43.375109" lon="16.640188">
        <ele>16.456016</ele>
        <time>2026-08-04T13:48:11.911Z</time>
      </trkpt>
      <trkpt lat="43.375288" lon="16.640863">
        <ele>17.402409</ele>
        <time>2026-08-04T13:48:21.814Z</time>
      </trkpt>
      <trkpt lat="43.375436" lon="16.641573">
        <ele>18.284800</ele>
        <time>2026-08-04T13:48:34.102Z</time>
      </trkpt>
      <trkpt lat="43.375753" lon="16.642846">
        <ele>19.146114</ele>
        <time>2026-08-04T13:48:56.104Z</time>
      </trkpt>
      <trkpt lat="43.375776" lon="16.643179">
        <ele>19.360220</ele>
        <time>2026-08-04T13:49:01.153Z</time>
      </trkpt>
      <trkpt lat="43.375651" lon="16.643587">
        <ele>19.643623</ele>
        <time>2026-08-04T13:49:08.184Z</time>
      </trkpt>
      <trkpt lat="43.375410" lon="16.643962">
        <ele>19.867492</ele>
        <time>2026-08-04T13:49:16.588Z</time>
      </trkpt>
      <trkpt lat="43.375043" lon="16.644423">
        <ele>20.071558</ele>
        <time>2026-08-04T13:49:28.292Z</time>
      </trkpt>
      <trkpt lat="43.374778" lon="16.644810">
        <ele>20.230250</ele>
        <time>2026-08-04T13:49:37.220Z</time>
      </trkpt>
      <trkpt lat="43.374661" lon="16.645249">
        <ele>20.369810</ele>
        <time>2026-08-04T13:49:44.549Z</time>
      </trkpt>
      <trkpt lat="43.374622" lon="16.645786">
        <ele>20.434933</ele>
        <time>2026-08-04T13:49:52.162Z</time>
      </trkpt>
      <trkpt lat="43.374637" lon="16.646301">
        <ele>18.978376</ele>
        <time>2026-08-04T13:49:58.683Z</time>
      </trkpt>
      <trkpt lat="43.375004" lon="16.647599">
        <ele>15.042504</ele>
        <time>2026-08-04T13:50:14.458Z</time>
      </trkpt>
      <trkpt lat="43.375082" lon="16.648168">
        <ele>13.380381</ele>
        <time>2026-08-04T13:50:20.672Z</time>
      </trkpt>
      <trkpt lat="43.375129" lon="16.648747">
        <ele>11.387789</ele>
        <time>2026-08-04T13:50:26.861Z</time>
      </trkpt>
      <trkpt lat="43.374973" lon="16.649198">
        <ele>9.679543</ele>
        <time>2026-08-04T13:50:32.181Z</time>
      </trkpt>
      <trkpt lat="43.374708" lon="16.649477">
        <ele>8.109400</ele>
        <time>2026-08-04T13:50:37.178Z</time>
      </trkpt>
      <trkpt lat="43.374255" lon="16.649638">
        <ele>5.907909</ele>
        <time>2026-08-04T13:50:44.454Z</time>
      </trkpt>
      <trkpt lat="43.373865" lon="16.649691">
        <ele>5.160859</ele>
        <time>2026-08-04T13:50:50.988Z</time>
      </trkpt>
      <trkpt lat="43.372543" lon="16.649480">
        <ele>5.755954</ele>
        <time>2026-08-04T13:51:19.914Z</time>
      </trkpt>
      <trkpt lat="43.372395" lon="16.649501">
        <ele>5.822483</ele>
        <time>2026-08-04T13:51:23.870Z</time>
      </trkpt>
      <trkpt lat="43.372223" lon="16.649737">
        <ele>6.154070</ele>
        <time>2026-08-04T13:51:30.449Z</time>
      </trkpt>
      <trkpt lat="43.372117" lon="16.650076">
        <ele>6.711117</ele>
        <time>2026-08-04T13:51:37.794Z</time>
      </trkpt>
      <trkpt lat="43.372083" lon="16.650285">
        <ele>7.034402</ele>
        <time>2026-08-04T13:51:41.994Z</time>
      </trkpt>
      <trkpt lat="43.372138" lon="16.650564">
        <ele>7.470759</ele>
        <time>2026-08-04T13:51:47.575Z</time>
      </trkpt>
      <trkpt lat="43.372430" lon="16.651118">
        <ele>8.503709</ele>
        <time>2026-08-04T13:52:00.116Z</time>
      </trkpt>
      <trkpt lat="43.372563" lon="16.651279">
        <ele>8.871593</ele>
        <time>2026-08-04T13:52:04.317Z</time>
      </trkpt>
      <trkpt lat="43.372781" lon="16.651451">
        <ele>9.393452</ele>
        <time>2026-08-04T13:52:09.868Z</time>
      </trkpt>
      <trkpt lat="43.373374" lon="16.651751">
        <ele>9.086736</ele>
        <time>2026-08-04T13:52:21.284Z</time>
      </trkpt>
      <trkpt lat="43.374391" lon="16.652183">
        <ele>8.046025</ele>
        <time>2026-08-04T13:52:40.432Z</time>
      </trkpt>
      <trkpt lat="43.374805" lon="16.652495">
        <ele>8.228275</ele>
        <time>2026-08-04T13:52:50.160Z</time>
      </trkpt>
      <trkpt lat="43.374973" lon="16.652706">
        <ele>8.552798</ele>
        <time>2026-08-04T13:52:55.057Z</time>
      </trkpt>
      <trkpt lat="43.375121" lon="16.652996">
        <ele>8.920238</ele>
        <time>2026-08-04T13:53:00.822Z</time>
      </trkpt>
      <trkpt lat="43.375132" lon="16.653707">
        <ele>9.657688</ele>
        <time>2026-08-04T13:53:13.226Z</time>
      </trkpt>
      <trkpt lat="43.375023" lon="16.654201">
        <ele>10.193031</ele>
        <time>2026-08-04T13:53:22.610Z</time>
      </trkpt>
      <trkpt lat="43.374797" lon="16.654598">
        <ele>10.794409</ele>
        <time>2026-08-04T13:53:31.965Z</time>
      </trkpt>
      <trkpt lat="43.374423" lon="16.655005">
        <ele>11.650496</ele>
        <time>2026-08-04T13:53:44.364Z</time>
      </trkpt>
      <trkpt lat="43.374337" lon="16.655155">
        <ele>11.899798</ele>
        <time>2026-08-04T13:53:47.981Z</time>
      </trkpt>
      <trkpt lat="43.374528" lon="16.655839">
        <ele>12.855972</ele>
        <time>2026-08-04T13:54:01.273Z</time>
      </trkpt>
      <trkpt lat="43.374593" lon="16.656151">
        <ele>13.279503</ele>
        <time>2026-08-04T13:54:06.469Z</time>
      </trkpt>
      <trkpt lat="43.374604" lon="16.656354">
        <ele>13.545140</ele>
        <time>2026-08-04T13:54:09.417Z</time>
      </trkpt>
      <trkpt lat="43.374568" lon="16.656747">
        <ele>12.910111</ele>
        <time>2026-08-04T13:54:14.673Z</time>
      </trkpt>
      <trkpt lat="43.374507" lon="16.657120">
        <ele>12.043170</ele>
        <time>2026-08-04T13:54:19.325Z</time>
      </trkpt>
      <trkpt lat="43.374371" lon="16.657674">
        <ele>10.717234</ele>
        <time>2026-08-04T13:54:26.080Z</time>
      </trkpt>
      <trkpt lat="43.374328" lon="16.658063">
        <ele>9.825011</ele>
        <time>2026-08-04T13:54:30.551Z</time>
      </trkpt>
      <trkpt lat="43.374156" lon="16.658661">
        <ele>8.366706</ele>
        <time>2026-08-04T13:54:37.785Z</time>
      </trkpt>
      <trkpt lat="43.374003" lon="16.658950">
        <ele>7.838045</ele>
        <time>2026-08-04T13:54:41.854Z</time>
      </trkpt>
      <trkpt lat="43.373822" lon="16.659211">
        <ele>7.506521</ele>
        <time>2026-08-04T13:54:46.031Z</time>
      </trkpt>
      <trkpt lat="43.373625" lon="16.659441">
        <ele>7.179840</ele>
        <time>2026-08-04T13:54:50.221Z</time>
      </trkpt>
      <trkpt lat="43.373355" lon="16.659698">
        <ele>6.764721</ele>
        <time>2026-08-04T13:54:55.744Z</time>
      </trkpt>
      <trkpt lat="43.372793" lon="16.660059">
        <ele>5.980517</ele>
        <time>2026-08-04T13:55:08.956Z</time>
      </trkpt>
      <trkpt lat="43.372473" lon="16.660194">
        <ele>6.279125</ele>
        <time>2026-08-04T13:55:17.280Z</time>
      </trkpt>
      <trkpt lat="43.372238" lon="16.660323">
        <ele>7.120537</ele>
        <time>2026-08-04T13:55:23.981Z</time>
      </trkpt>
      <trkpt lat="43.372147" lon="16.660445">
        <ele>7.543094</ele>
        <time>2026-08-04T13:55:27.441Z</time>
      </trkpt>
      <trkpt lat="43.372114" lon="16.660645">
        <ele>8.038861</ele>
        <time>2026-08-04T13:55:31.569Z</time>
      </trkpt>
      <trkpt lat="43.372179" lon="16.660828">
        <ele>8.531221</ele>
        <time>2026-08-04T13:55:35.744Z</time>
      </trkpt>
      <trkpt lat="43.372391" lon="16.661181">
        <ele>9.638103</ele>
        <time>2026-08-04T13:55:45.419Z</time>
      </trkpt>
      <trkpt lat="43.372657" lon="16.661793">
        <ele>11.361798</ele>
        <time>2026-08-04T13:55:59.897Z</time>
      </trkpt>
      <trkpt lat="43.372834" lon="16.662547">
        <ele>11.425547</ele>
        <time>2026-08-04T13:56:13.143Z</time>
      </trkpt>
      <trkpt lat="43.372883" lon="16.663081">
        <ele>11.161867</ele>
        <time>2026-08-04T13:56:20.467Z</time>
      </trkpt>
      <trkpt lat="43.372668" lon="16.663717">
        <ele>10.818248</ele>
        <time>2026-08-04T13:56:29.223Z</time>
      </trkpt>
      <trkpt lat="43.372286" lon="16.664232">
        <ele>10.351747</ele>
        <time>2026-08-04T13:56:38.570Z</time>
      </trkpt>
      <trkpt lat="43.371911" lon="16.664511">
        <ele>9.613587</ele>
        <time>2026-08-04T13:56:46.520Z</time>
      </trkpt>
      <trkpt lat="43.370890" lon="16.664972">
        <ele>7.753006</ele>
        <time>2026-08-04T13:57:05.677Z</time>
      </trkpt>
      <trkpt lat="43.370328" lon="16.665101">
        <ele>6.836115</ele>
        <time>2026-08-04T13:57:16.056Z</time>
      </trkpt>
      <trkpt lat="43.369875" lon="16.665101">
        <ele>6.136494</ele>
        <time>2026-08-04T13:57:23.999Z</time>
      </trkpt>
      <trkpt lat="43.369605" lon="16.665118">
        <ele>5.719064</ele>
        <time>2026-08-04T13:57:28.415Z</time>
      </trkpt>
      <trkpt lat="43.369333" lon="16.665136">
        <ele>5.298497</ele>
        <time>2026-08-04T13:57:32.719Z</time>
      </trkpt>
      <trkpt lat="43.369191" lon="16.665385">
        <ele>4.943186</ele>
        <time>2026-08-04T13:57:36.495Z</time>
      </trkpt>
      <trkpt lat="43.368998" lon="16.666143">
        <ele>4.661554</ele>
        <time>2026-08-04T13:57:48.499Z</time>
      </trkpt>
      <trkpt lat="43.369049" lon="16.666437">
        <ele>4.677773</ele>
        <time>2026-08-04T13:57:52.406Z</time>
      </trkpt>
      <trkpt lat="43.369067" lon="16.666730">
        <ele>4.693551</ele>
        <time>2026-08-04T13:57:56.495Z</time>
      </trkpt>
      <trkpt lat="43.369049" lon="16.666437">
        <ele>4.709330</ele>
        <time>2026-08-04T13:58:00.308Z</time>
      </trkpt>
      <trkpt lat="43.368998" lon="16.666143">
        <ele>4.725549</ele>
        <time>2026-08-04T13:58:04.543Z</time>
      </trkpt>
      <trkpt lat="43.369191" lon="16.665385">
        <ele>4.823713</ele>
        <time>2026-08-04T13:58:15.405Z</time>
      </trkpt>
      <trkpt lat="43.369333" lon="16.665136">
        <ele>5.199220</ele>
        <time>2026-08-04T13:58:20.793Z</time>
      </trkpt>
      <trkpt lat="43.369605" lon="16.665118">
        <ele>5.643693</ele>
        <time>2026-08-04T13:58:27.390Z</time>
      </trkpt>
      <trkpt lat="43.369875" lon="16.665101">
        <ele>6.084849</ele>
        <time>2026-08-04T13:58:33.745Z</time>
      </trkpt>
      <trkpt lat="43.370328" lon="16.665101">
        <ele>6.824238</ele>
        <time>2026-08-04T13:58:44.705Z</time>
      </trkpt>
      <trkpt lat="43.370890" lon="16.664972">
        <ele>7.757886</ele>
        <time>2026-08-04T13:58:58.038Z</time>
      </trkpt>
      <trkpt lat="43.371911" lon="16.664511">
        <ele>9.634509</ele>
        <time>2026-08-04T13:59:23.694Z</time>
      </trkpt>
      <trkpt lat="43.372286" lon="16.664232">
        <ele>10.379034</ele>
        <time>2026-08-04T13:59:33.537Z</time>
      </trkpt>
      <trkpt lat="43.372668" lon="16.663717">
        <ele>10.917637</ele>
        <time>2026-08-04T13:59:46.510Z</time>
      </trkpt>
      <trkpt lat="43.372883" lon="16.663081">
        <ele>11.059201</ele>
        <time>2026-08-04T13:59:59.069Z</time>
      </trkpt>
      <trkpt lat="43.372834" lon="16.662547">
        <ele>11.167832</ele>
        <time>2026-08-04T14:00:08.077Z</time>
      </trkpt>
      <trkpt lat="43.372657" lon="16.661793">
        <ele>11.327748</ele>
        <time>2026-08-04T14:00:18.902Z</time>
      </trkpt>
      <trkpt lat="43.372391" lon="16.661181">
        <ele>9.819031</ele>
        <time>2026-08-04T14:00:26.937Z</time>
      </trkpt>
      <trkpt lat="43.372179" lon="16.660828">
        <ele>8.730997</ele>
        <time>2026-08-04T14:00:31.993Z</time>
      </trkpt>
      <trkpt lat="43.372114" lon="16.660645">
        <ele>8.247021</ele>
        <time>2026-08-04T14:00:34.272Z</time>
      </trkpt>
      <trkpt lat="43.372147" lon="16.660445">
        <ele>7.759696</ele>
        <time>2026-08-04T14:00:36.588Z</time>
      </trkpt>
      <trkpt lat="43.372238" lon="16.660323">
        <ele>7.344335</ele>
        <time>2026-08-04T14:00:38.581Z</time>
      </trkpt>
      <trkpt lat="43.372473" lon="16.660194">
        <ele>6.517250</ele>
        <time>2026-08-04T14:00:42.641Z</time>
      </trkpt>
      <trkpt lat="43.372793" lon="16.660059">
        <ele>5.484366</ele>
        <time>2026-08-04T14:00:48.330Z</time>
      </trkpt>
      <trkpt lat="43.373355" lon="16.659698">
        <ele>6.591807</ele>
        <time>2026-08-04T14:01:00.670Z</time>
      </trkpt>
      <trkpt lat="43.373625" lon="16.659441">
        <ele>7.178031</ele>
        <time>2026-08-04T14:01:08.888Z</time>
      </trkpt>
      <trkpt lat="43.373822" lon="16.659211">
        <ele>7.639364</ele>
        <time>2026-08-04T14:01:15.655Z</time>
      </trkpt>
      <trkpt lat="43.374003" lon="16.658950">
        <ele>8.107537</ele>
        <time>2026-08-04T14:01:22.661Z</time>
      </trkpt>
      <trkpt lat="43.374156" lon="16.658661">
        <ele>8.571552</ele>
        <time>2026-08-04T14:01:29.797Z</time>
      </trkpt>
      <trkpt lat="43.374328" lon="16.658063">
        <ele>9.823309</ele>
        <time>2026-08-04T14:01:42.888Z</time>
      </trkpt>
      <trkpt lat="43.374371" lon="16.657674">
        <ele>10.624944</ele>
        <time>2026-08-04T14:01:50.756Z</time>
      </trkpt>
      <trkpt lat="43.374507" lon="16.657120">
        <ele>11.816255</ele>
        <time>2026-08-04T14:02:02.202Z</time>
      </trkpt>
      <trkpt lat="43.374568" lon="16.656747">
        <ele>12.595174</ele>
        <time>2026-08-04T14:02:09.203Z</time>
      </trkpt>
      <trkpt lat="43.374604" lon="16.656354">
        <ele>13.402176</ele>
        <time>2026-08-04T14:02:15.934Z</time>
      </trkpt>
      <trkpt lat="43.374593" lon="16.656151">
        <ele>13.640115</ele>
        <time>2026-08-04T14:02:19.075Z</time>
      </trkpt>
      <trkpt lat="43.374528" lon="16.655839">
        <ele>13.148528</ele>
        <time>2026-08-04T14:02:23.672Z</time>
      </trkpt>
      <trkpt lat="43.374337" lon="16.655155">
        <ele>12.038711</ele>
        <time>2026-08-04T14:02:32.675Z</time>
      </trkpt>
      <trkpt lat="43.374423" lon="16.655005">
        <ele>11.749350</ele>
        <time>2026-08-04T14:02:34.934Z</time>
      </trkpt>
      <trkpt lat="43.374797" lon="16.654598">
        <ele>10.755701</ele>
        <time>2026-08-04T14:02:42.718Z</time>
      </trkpt>
      <trkpt lat="43.375023" lon="16.654201">
        <ele>9.991942</ele>
        <time>2026-08-04T14:02:48.788Z</time>
      </trkpt>
      <trkpt lat="43.375132" lon="16.653707">
        <ele>9.553495</ele>
        <time>2026-08-04T14:02:55.116Z</time>
      </trkpt>
      <trkpt lat="43.375121" lon="16.652996">
        <ele>8.964711</ele>
        <time>2026-08-04T14:03:04.270Z</time>
      </trkpt>
      <trkpt lat="43.374973" lon="16.652706">
        <ele>8.671345</ele>
        <time>2026-08-04T14:03:09.230Z</time>
      </trkpt>
      <trkpt lat="43.374805" lon="16.652495">
        <ele>8.412243</ele>
        <time>2026-08-04T14:03:13.732Z</time>
      </trkpt>
      <trkpt lat="43.374391" lon="16.652183">
        <ele>7.955053</ele>
        <time>2026-08-04T14:03:23.223Z</time>
      </trkpt>
      <trkpt lat="43.373374" lon="16.651751">
        <ele>8.941857</ele>
        <time>2026-08-04T14:03:48.439Z</time>
      </trkpt>
      <trkpt lat="43.372781" lon="16.651451">
        <ele>9.527636</ele>
        <time>2026-08-04T14:04:03.338Z</time>
      </trkpt>
      <trkpt lat="43.372563" lon="16.651279">
        <ele>9.155245</ele>
        <time>2026-08-04T14:04:08.233Z</time>
      </trkpt>
      <trkpt lat="43.372430" lon="16.651118">
        <ele>8.748460</ele>
        <time>2026-08-04T14:04:11.400Z</time>
      </trkpt>
      <trkpt lat="43.372138" lon="16.650564">
        <ele>7.606286</ele>
        <time>2026-08-04T14:04:19.762Z</time>
      </trkpt>
      <trkpt lat="43.372083" lon="16.650285">
        <ele>7.123788</ele>
        <time>2026-08-04T14:04:23.125Z</time>
      </trkpt>
      <trkpt lat="43.372117" lon="16.650076">
        <ele>6.766319</ele>
        <time>2026-08-04T14:04:25.581Z</time>
      </trkpt>
      <trkpt lat="43.372223" lon="16.649737">
        <ele>6.150369</ele>
        <time>2026-08-04T14:04:29.788Z</time>
      </trkpt>
      <trkpt lat="43.372395" lon="16.649501">
        <ele>5.592572</ele>
        <time>2026-08-04T14:04:33.621Z</time>
      </trkpt>
      <trkpt lat="43.372543" lon="16.649480">
        <ele>5.458153</ele>
        <time>2026-08-04T14:04:36.010Z</time>
      </trkpt>
      <trkpt lat="43.373865" lon="16.649691">
        <ele>5.482095</ele>
        <time>2026-08-04T14:05:02.180Z</time>
      </trkpt>
      <trkpt lat="43.374255" lon="16.649638">
        <ele>5.556823</ele>
        <time>2026-08-04T14:05:12.105Z</time>
      </trkpt>
      <trkpt lat="43.374708" lon="16.649477">
        <ele>7.882439</ele>
        <time>2026-08-04T14:05:25.051Z</time>
      </trkpt>
      <trkpt lat="43.374973" lon="16.649198">
        <ele>9.541109</ele>
        <time>2026-08-04T14:05:35.037Z</time>
      </trkpt>
      <trkpt lat="43.375129" lon="16.648747">
        <ele>11.345671</ele>
        <time>2026-08-04T14:05:46.435Z</time>
      </trkpt>
      <trkpt lat="43.375082" lon="16.648168">
        <ele>13.450609</ele>
        <time>2026-08-04T14:05:59.896Z</time>
      </trkpt>
      <trkpt lat="43.375004" lon="16.647599">
        <ele>15.214669</ele>
        <time>2026-08-04T14:06:12.869Z</time>
      </trkpt>
      <trkpt lat="43.374637" lon="16.646301">
        <ele>18.764326</ele>
        <time>2026-08-04T14:06:40.900Z</time>
      </trkpt>
      <trkpt lat="43.374622" lon="16.645786">
        <ele>20.077956</ele>
        <time>2026-08-04T14:06:50.014Z</time>
      </trkpt>
      <trkpt lat="43.374661" lon="16.645249">
        <ele>20.607834</ele>
        <time>2026-08-04T14:06:58.690Z</time>
      </trkpt>
      <trkpt lat="43.374778" lon="16.644810">
        <ele>20.395038</ele>
        <time>2026-08-04T14:07:05.419Z</time>
      </trkpt>
      <trkpt lat="43.375043" lon="16.644423">
        <ele>20.153070</ele>
        <time>2026-08-04T14:07:12.629Z</time>
      </trkpt>
      <trkpt lat="43.375410" lon="16.643962">
        <ele>19.841919</ele>
        <time>2026-08-04T14:07:21.623Z</time>
      </trkpt>
      <trkpt lat="43.375651" lon="16.643587">
        <ele>19.614118</ele>
        <time>2026-08-04T14:07:28.457Z</time>
      </trkpt>
      <trkpt lat="43.375776" lon="16.643179">
        <ele>19.338229</ele>
        <time>2026-08-04T14:07:34.755Z</time>
      </trkpt>
      <trkpt lat="43.375753" lon="16.642846">
        <ele>19.128572</ele>
        <time>2026-08-04T14:07:39.634Z</time>
      </trkpt>
      <trkpt lat="43.375436" lon="16.641573">
        <ele>18.285155</ele>
        <time>2026-08-04T14:07:58.414Z</time>
      </trkpt>
      <trkpt lat="43.375288" lon="16.640863">
        <ele>17.499174</ele>
        <time>2026-08-04T14:08:08.546Z</time>
      </trkpt>
      <trkpt lat="43.375109" lon="16.640188">
        <ele>16.434027</ele>
        <time>2026-08-04T14:08:17.902Z</time>
      </trkpt>
      <trkpt lat="43.374986" lon="16.639926">
        <ele>15.971666</ele>
        <time>2026-08-04T14:08:21.309Z</time>
      </trkpt>
      <trkpt lat="43.374705" lon="16.639497">
        <ele>15.115585</ele>
        <time>2026-08-04T14:08:27.260Z</time>
      </trkpt>
      <trkpt lat="43.374677" lon="16.639354">
        <ele>14.896040</ele>
        <time>2026-08-04T14:08:28.811Z</time>
      </trkpt>
      <trkpt lat="43.374705" lon="16.639214">
        <ele>14.680786</ele>
        <time>2026-08-04T14:08:30.351Z</time>
      </trkpt>
      <trkpt lat="43.374774" lon="16.639085">
        <ele>14.443356</ele>
        <time>2026-08-04T14:08:32.012Z</time>
      </trkpt>
      <trkpt lat="43.374936" lon="16.638937">
        <ele>13.948651</ele>
        <time>2026-08-04T14:08:34.867Z</time>
      </trkpt>
      <trkpt lat="43.374980" lon="16.638896">
        <ele>13.809345</ele>
        <time>2026-08-04T14:08:35.611Z</time>
      </trkpt>
      <trkpt lat="43.375242" lon="16.638656">
        <ele>12.984239</ele>
        <time>2026-08-04T14:08:40.141Z</time>
      </trkpt>
      <trkpt lat="43.375853" lon="16.638072">
        <ele>11.033997</ele>
        <time>2026-08-04T14:08:50.270Z</time>
      </trkpt>
      <trkpt lat="43.376415" lon="16.637583">
        <ele>9.830996</ele>
        <time>2026-08-04T14:09:01.870Z</time>
      </trkpt>
      <trkpt lat="43.376608" lon="16.637351">
        <ele>10.102086</ele>
        <time>2026-08-04T14:09:07.491Z</time>
      </trkpt>
      <trkpt lat="43.376695" lon="16.637145">
        <ele>10.285257</ele>
        <time>2026-08-04T14:09:11.482Z</time>
      </trkpt>
      <trkpt lat="43.376770" lon="16.636879">
        <ele>10.504612</ele>
        <time>2026-08-04T14:09:16.294Z</time>
      </trkpt>
      <trkpt lat="43.376775" lon="16.636552">
        <ele>10.756072</ele>
        <time>2026-08-04T14:09:21.804Z</time>
      </trkpt>
      <trkpt lat="43.376555" lon="16.635769">
        <ele>11.401472</ele>
        <time>2026-08-04T14:09:35.306Z</time>
      </trkpt>
      <trkpt lat="43.376343" lon="16.635146">
        <ele>11.085368</ele>
        <time>2026-08-04T14:09:44.792Z</time>
      </trkpt>
      <trkpt lat="43.376311" lon="16.634870">
        <ele>10.784620</ele>
        <time>2026-08-04T14:09:48.229Z</time>
      </trkpt>
      <trkpt lat="43.376436" lon="16.634220">
        <ele>10.061113</ele>
        <time>2026-08-04T14:09:55.904Z</time>
      </trkpt>
      <trkpt lat="43.376671" lon="16.633569">
        <ele>9.278965</ele>
        <time>2026-08-04T14:10:03.629Z</time>
      </trkpt>
      <trkpt lat="43.376739" lon="16.633378">
        <ele>9.050108</ele>
        <time>2026-08-04T14:10:05.909Z</time>
      </trkpt>
      <trkpt lat="43.376841" lon="16.632864">
        <ele>8.181366</ele>
        <time>2026-08-04T14:10:11.842Z</time>
      </trkpt>
      <trkpt lat="43.376922" lon="16.632443">
        <ele>7.397173</ele>
        <time>2026-08-04T14:10:16.718Z</time>
      </trkpt>
      <trkpt lat="43.376922" lon="16.632209">
        <ele>6.975816</ele>
        <time>2026-08-04T14:10:19.329Z</time>
      </trkpt>
      <trkpt lat="43.376847" lon="16.631898">
        <ele>6.385787</ele>
        <time>2026-08-04T14:10:22.969Z</time>
      </trkpt>
      <trkpt lat="43.376691" lon="16.631531">
        <ele>5.620230</ele>
        <time>2026-08-04T14:10:27.535Z</time>
      </trkpt>
      <trkpt lat="43.376642" lon="16.631164">
        <ele>4.948323</ele>
        <time>2026-08-04T14:10:31.437Z</time>
      </trkpt>
      <trkpt lat="43.376653" lon="16.630923">
        <ele>4.513504</ele>
        <time>2026-08-04T14:10:34.013Z</time>
      </trkpt>
      <trkpt lat="43.376704" lon="16.630707">
        <ele>4.269421</ele>
        <time>2026-08-04T14:10:36.457Z</time>
      </trkpt>
      <trkpt lat="43.376935" lon="16.630564">
        <ele>3.933321</ele>
        <time>2026-08-04T14:10:40.219Z</time>
      </trkpt>
      <trkpt lat="43.377472" lon="16.630511">
        <ele>3.218974</ele>
        <time>2026-08-04T14:10:48.501Z</time>
      </trkpt>
      <trkpt lat="43.377825" lon="16.630485">
        <ele>2.749926</ele>
        <time>2026-08-04T14:10:54.608Z</time>
      </trkpt>
      <trkpt lat="43.377842" lon="16.630480">
        <ele>2.726860</ele>
        <time>2026-08-04T14:10:54.920Z</time>
      </trkpt>
      <trkpt lat="43.377948" lon="16.630449">
        <ele>2.583072</ele>
        <time>2026-08-04T14:10:56.831Z</time>
      </trkpt>
      <trkpt lat="43.378032" lon="16.630425">
        <ele>2.469239</ele>
        <time>2026-08-04T14:10:58.338Z</time>
      </trkpt>
      <trkpt lat="43.378076" lon="16.630398">
        <ele>2.405314</ele>
        <time>2026-08-04T14:10:59.197Z</time>
      </trkpt>
      <trkpt lat="43.378107" lon="16.630315">
        <ele>2.315319</ele>
        <time>2026-08-04T14:11:00.428Z</time>
      </trkpt>
      <trkpt lat="43.378121" lon="16.630243">
        <ele>2.243440</ele>
        <time>2026-08-04T14:11:01.408Z</time>
      </trkpt>
      <trkpt lat="43.378123" lon="16.630172">
        <ele>2.174916</ele>
        <time>2026-08-04T14:11:02.403Z</time>
      </trkpt>
      <trkpt lat="43.378114" lon="16.629802">
        <ele>2.115377</ele>
        <time>2026-08-04T14:11:07.708Z</time>
      </trkpt>
      <trkpt lat="43.378093" lon="16.629452">
        <ele>2.171580</ele>
        <time>2026-08-04T14:11:12.988Z</time>
      </trkpt>
      <trkpt lat="43.378149" lon="16.628959">
        <ele>2.251437</ele>
        <time>2026-08-04T14:11:20.421Z</time>
      </trkpt>
      <trkpt lat="43.378091" lon="16.628885">
        <ele>2.268853</ele>
        <time>2026-08-04T14:11:22.033Z</time>
      </trkpt>
      <trkpt lat="43.377715" lon="16.628758">
        <ele>2.354101</ele>
        <time>2026-08-04T14:11:29.650Z</time>
      </trkpt>
      <trkpt lat="43.377316" lon="16.628641">
        <ele>2.443927</ele>
        <time>2026-08-04T14:11:36.814Z</time>
      </trkpt>
      <trkpt lat="43.377068" lon="16.628641">
        <ele>2.578599</ele>
        <time>2026-08-04T14:11:41.211Z</time>
      </trkpt>
      <trkpt lat="43.376902" lon="16.628750">
        <ele>2.729152</ele>
        <time>2026-08-04T14:11:44.540Z</time>
      </trkpt>
      <trkpt lat="43.376870" lon="16.628719">
        <ele>2.761185</ele>
        <time>2026-08-04T14:11:45.241Z</time>
      </trkpt>
      <trkpt lat="43.376827" lon="16.628658">
        <ele>2.811740</ele>
        <time>2026-08-04T14:11:46.318Z</time>
      </trkpt>
      <trkpt lat="43.376768" lon="16.628370">
        <ele>2.989754</ele>
        <time>2026-08-04T14:11:50.155Z</time>
      </trkpt>
      <trkpt lat="43.376571" lon="16.628152">
        <ele>3.196685</ele>
        <time>2026-08-04T14:11:54.576Z</time>
      </trkpt>
      <trkpt lat="43.376306" lon="16.627989">
        <ele>3.434279</ele>
        <time>2026-08-04T14:11:59.815Z</time>
      </trkpt>
      <trkpt lat="43.376204" lon="16.627291">
        <ele>3.857852</ele>
        <time>2026-08-04T14:12:11.157Z</time>
      </trkpt>
      <trkpt lat="43.376208" lon="16.627097">
        <ele>4.163341</ele>
        <time>2026-08-04T14:12:14.728Z</time>
      </trkpt>
      <trkpt lat="43.376238" lon="16.626660">
        <ele>5.972376</ele>
        <time>2026-08-04T14:12:23.375Z</time>
      </trkpt>
      <trkpt lat="43.376308" lon="16.626542">
        <ele>6.600099</ele>
        <time>2026-08-04T14:12:26.434Z</time>
      </trkpt>
      <trkpt lat="43.376335" lon="16.626441">
        <ele>7.043612</ele>
        <time>2026-08-04T14:12:28.669Z</time>
      </trkpt>
      <trkpt lat="43.376366" lon="16.626322">
        <ele>7.564595</ele>
        <time>2026-08-04T14:12:31.243Z</time>
      </trkpt>
      <trkpt lat="43.376387" lon="16.626262">
        <ele>7.839049</ele>
        <time>2026-08-04T14:12:32.676Z</time>
      </trkpt>
      <trkpt lat="43.376618" lon="16.625525">
        <ele>11.146819</ele>
        <time>2026-08-04T14:12:50.831Z</time>
      </trkpt>
      <trkpt lat="43.376676" lon="16.625371">
        <ele>11.861640</ele>
        <time>2026-08-04T14:12:55.010Z</time>
      </trkpt>
      <trkpt lat="43.376620" lon="16.625309">
        <ele>12.269208</ele>
        <time>2026-08-04T14:12:57.548Z</time>
      </trkpt>
      <trkpt lat="43.376610" lon="16.625068">
        <ele>13.264058</ele>
        <time>2026-08-04T14:13:03.626Z</time>
      </trkpt>
      <trkpt lat="43.376588" lon="16.624975">
        <ele>13.667127</ele>
        <time>2026-08-04T14:13:06.036Z</time>
      </trkpt>
      <trkpt lat="43.376360" lon="16.624518">
        <ele>15.949870</ele>
        <time>2026-08-04T14:13:19.238Z</time>
      </trkpt>
      <trkpt lat="43.375968" lon="16.623857">
        <ele>19.462495</ele>
        <time>2026-08-04T14:13:37.290Z</time>
      </trkpt>
      <trkpt lat="43.375494" lon="16.623172">
        <ele>23.356733</ele>
        <time>2026-08-04T14:13:56.886Z</time>
      </trkpt>
      <trkpt lat="43.375307" lon="16.622914">
        <ele>24.809984</ele>
        <time>2026-08-04T14:14:04.305Z</time>
      </trkpt>
      <trkpt lat="43.375075" lon="16.622742">
        <ele>26.170162</ele>
        <time>2026-08-04T14:14:12.124Z</time>
      </trkpt>
      <trkpt lat="43.374825" lon="16.622556">
        <ele>27.637039</ele>
        <time>2026-08-04T14:14:21.121Z</time>
      </trkpt>
      <trkpt lat="43.374320" lon="16.622338">
        <ele>30.368711</ele>
        <time>2026-08-04T14:14:37.636Z</time>
      </trkpt>
      <trkpt lat="43.373941" lon="16.622129">
        <ele>32.476075</ele>
        <time>2026-08-04T14:14:48.946Z</time>
      </trkpt>
      <trkpt lat="43.373452" lon="16.621809">
        <ele>34.178989</ele>
        <time>2026-08-04T14:15:06.573Z</time>
      </trkpt>
      <trkpt lat="43.373377" lon="16.621723">
        <ele>34.351304</ele>
        <time>2026-08-04T14:15:09.757Z</time>
      </trkpt>
      <trkpt lat="43.373264" lon="16.621536">
        <ele>34.663269</ele>
        <time>2026-08-04T14:15:15.517Z</time>
      </trkpt>
      <trkpt lat="43.373234" lon="16.621419">
        <ele>34.822430</ele>
        <time>2026-08-04T14:15:18.380Z</time>
      </trkpt>
      <trkpt lat="43.373240" lon="16.621284">
        <ele>34.995941</ele>
        <time>2026-08-04T14:15:21.497Z</time>
      </trkpt>
      <trkpt lat="43.373331" lon="16.621040">
        <ele>35.347758</ele>
        <time>2026-08-04T14:15:27.627Z</time>
      </trkpt>
      <trkpt lat="43.373572" lon="16.620579">
        <ele>36.076224</ele>
        <time>2026-08-04T14:15:40.118Z</time>
      </trkpt>
      <trkpt lat="43.373641" lon="16.620366">
        <ele>36.375381</ele>
        <time>2026-08-04T14:15:45.195Z</time>
      </trkpt>
      <trkpt lat="43.373634" lon="16.620069">
        <ele>36.756592</ele>
        <time>2026-08-04T14:15:51.763Z</time>
      </trkpt>
      <trkpt lat="43.373338" lon="16.618835">
        <ele>35.407879</ele>
        <time>2026-08-04T14:16:20.353Z</time>
      </trkpt>
      <trkpt lat="43.373312" lon="16.618632">
        <ele>35.185356</ele>
        <time>2026-08-04T14:16:24.537Z</time>
      </trkpt>
      <trkpt lat="43.373356" lon="16.618452">
        <ele>34.980345</ele>
        <time>2026-08-04T14:16:28.277Z</time>
      </trkpt>
      <trkpt lat="43.373462" lon="16.618375">
        <ele>34.802322</ele>
        <time>2026-08-04T14:16:31.472Z</time>
      </trkpt>
      <trkpt lat="43.373556" lon="16.618375">
        <ele>34.662719</ele>
        <time>2026-08-04T14:16:33.937Z</time>
      </trkpt>
      <trkpt lat="43.374510" lon="16.619018">
        <ele>31.022721</ele>
        <time>2026-08-04T14:16:59.921Z</time>
      </trkpt>
      <trkpt lat="43.375334" lon="16.619645">
        <ele>26.823515</ele>
        <time>2026-08-04T14:17:22.479Z</time>
      </trkpt>
      <trkpt lat="43.375633" lon="16.619928">
        <ele>25.590873</ele>
        <time>2026-08-04T14:17:31.681Z</time>
      </trkpt>
      <trkpt lat="43.375889" lon="16.619988">
        <ele>24.935564</ele>
        <time>2026-08-04T14:17:38.499Z</time>
      </trkpt>
      <trkpt lat="43.376089" lon="16.619954">
        <ele>24.427037</ele>
        <time>2026-08-04T14:17:43.999Z</time>
      </trkpt>
      <trkpt lat="43.376247" lon="16.619880">
        <ele>24.005863</ele>
        <time>2026-08-04T14:17:48.677Z</time>
      </trkpt>
      <trkpt lat="43.376625" lon="16.619671">
        <ele>22.977853</ele>
        <time>2026-08-04T14:18:00.150Z</time>
      </trkpt>
      <trkpt lat="43.377051" lon="16.619214">
        <ele>21.614693</ele>
        <time>2026-08-04T14:18:15.237Z</time>
      </trkpt>
      <trkpt lat="43.377505" lon="16.618357">
        <ele>19.458317</ele>
        <time>2026-08-04T14:18:34.932Z</time>
      </trkpt>
      <trkpt lat="43.377592" lon="16.618057">
        <ele>18.799493</ele>
        <time>2026-08-04T14:18:40.874Z</time>
      </trkpt>
      <trkpt lat="43.377598" lon="16.617782">
        <ele>18.238317</ele>
        <time>2026-08-04T14:18:46.104Z</time>
      </trkpt>
      <trkpt lat="43.377530" lon="16.617309">
        <ele>17.254839</ele>
        <time>2026-08-04T14:18:55.671Z</time>
      </trkpt>
      <trkpt lat="43.377454" lon="16.617045">
        <ele>16.675654</ele>
        <time>2026-08-04T14:19:01.215Z</time>
      </trkpt>
      <trkpt lat="43.377212" lon="16.616532">
        <ele>15.690786</ele>
        <time>2026-08-04T14:19:12.944Z</time>
      </trkpt>
      <trkpt lat="43.377191" lon="16.616424">
        <ele>15.518227</ele>
        <time>2026-08-04T14:19:15.121Z</time>
      </trkpt>
      <trkpt lat="43.377210" lon="16.616301">
        <ele>15.324138</ele>
        <time>2026-08-04T14:19:17.553Z</time>
      </trkpt>
      <trkpt lat="43.377586" lon="16.615945">
        <ele>14.354884</ele>
        <time>2026-08-04T14:19:29.898Z</time>
      </trkpt>
      <trkpt lat="43.378160" lon="16.615576">
        <ele>13.009475</ele>
        <time>2026-08-04T14:19:47.663Z</time>
      </trkpt>
      <trkpt lat="43.378391" lon="16.615388">
        <ele>12.606852</ele>
        <time>2026-08-04T14:19:54.785Z</time>
      </trkpt>
      <trkpt lat="43.378709" lon="16.615027">
        <ele>12.320919</ele>
        <time>2026-08-04T14:20:06.317Z</time>
      </trkpt>
      <trkpt lat="43.378915" lon="16.614684">
        <ele>12.096626</ele>
        <time>2026-08-04T14:20:15.913Z</time>
      </trkpt>
      <trkpt lat="43.379070" lon="16.614258">
        <ele>11.856479</ele>
        <time>2026-08-04T14:20:26.238Z</time>
      </trkpt>
      <trkpt lat="43.379338" lon="16.612171">
        <ele>12.159843</ele>
        <time>2026-08-04T14:21:12.303Z</time>
      </trkpt>
      <trkpt lat="43.379454" lon="16.611111">
        <ele>12.755600</ele>
        <time>2026-08-04T14:21:29.021Z</time>
      </trkpt>
      <trkpt lat="43.379544" lon="16.610336">
        <ele>13.052330</ele>
        <time>2026-08-04T14:21:42.117Z</time>
      </trkpt>
      <trkpt lat="43.379644" lon="16.609598">
        <ele>13.314762</ele>
        <time>2026-08-04T14:21:54.438Z</time>
      </trkpt>
      <trkpt lat="43.379717" lon="16.608990">
        <ele>13.530184</ele>
        <time>2026-08-04T14:22:03.253Z</time>
      </trkpt>
      <trkpt lat="43.379723" lon="16.608943">
        <ele>13.546865</ele>
        <time>2026-08-04T14:22:03.876Z</time>
      </trkpt>
      <trkpt lat="43.379772" lon="16.608523">
        <ele>13.551481</ele>
        <time>2026-08-04T14:22:08.628Z</time>
      </trkpt>
      <trkpt lat="43.379784" lon="16.608317">
        <ele>12.909678</ele>
        <time>2026-08-04T14:22:10.732Z</time>
      </trkpt>
      <trkpt lat="43.379824" lon="16.607971">
        <ele>11.821635</ele>
        <time>2026-08-04T14:22:14.210Z</time>
      </trkpt>
      <trkpt lat="43.379855" lon="16.607635">
        <ele>10.769784</ele>
        <time>2026-08-04T14:22:17.490Z</time>
      </trkpt>
      <trkpt lat="43.379874" lon="16.607435">
        <ele>10.143383</ele>
        <time>2026-08-04T14:22:19.417Z</time>
      </trkpt>
      <trkpt lat="43.379941" lon="16.606870">
        <ele>8.365526</ele>
        <time>2026-08-04T14:22:24.844Z</time>
      </trkpt>
      <trkpt lat="43.379927" lon="16.606666">
        <ele>7.729169</ele>
        <time>2026-08-04T14:22:26.787Z</time>
      </trkpt>
      <trkpt lat="43.379852" lon="16.606449">
        <ele>6.982941</ele>
        <time>2026-08-04T14:22:29.091Z</time>
      </trkpt>
      <trkpt lat="43.379751" lon="16.606367">
        <ele>6.481848</ele>
        <time>2026-08-04T14:22:30.651Z</time>
      </trkpt>
      <trkpt lat="43.379576" lon="16.606344">
        <ele>5.927460</ele>
        <time>2026-08-04T14:22:33.003Z</time>
      </trkpt>
      <trkpt lat="43.379208" lon="16.606430">
        <ele>5.517095</ele>
        <time>2026-08-04T14:22:38.397Z</time>
      </trkpt>
      <trkpt lat="43.378466" lon="16.606666">
        <ele>4.679843</ele>
        <time>2026-08-04T14:22:52.672Z</time>
      </trkpt>
      <trkpt lat="43.377832" lon="16.606885">
        <ele>3.982039</ele>
        <time>2026-08-04T14:23:05.123Z</time>
      </trkpt>
      <trkpt lat="43.377752" lon="16.606873">
        <ele>3.925886</ele>
        <time>2026-08-04T14:23:06.581Z</time>
      </trkpt>
      <trkpt lat="43.377628" lon="16.606800">
        <ele>3.831774</ele>
        <time>2026-08-04T14:23:08.970Z</time>
      </trkpt>
      <trkpt lat="43.377336" lon="16.606290">
        <ele>3.502506</ele>
        <time>2026-08-04T14:23:17.205Z</time>
      </trkpt>
      <trkpt lat="43.377180" lon="16.606189">
        <ele>3.382203</ele>
        <time>2026-08-04T14:23:20.119Z</time>
      </trkpt>
      <trkpt lat="43.376875" lon="16.606032">
        <ele>3.154974</ele>
        <time>2026-08-04T14:23:25.597Z</time>
      </trkpt>
      <trkpt lat="43.376638" lon="16.605972">
        <ele>2.986825</ele>
        <time>2026-08-04T14:23:29.337Z</time>
      </trkpt>
      <trkpt lat="43.376179" lon="16.605908">
        <ele>2.799650</ele>
        <time>2026-08-04T14:23:37.048Z</time>
      </trkpt>
      <trkpt lat="43.376055" lon="16.605959">
        <ele>2.833147</ele>
        <time>2026-08-04T14:23:39.380Z</time>
      </trkpt>
      <trkpt lat="43.375836" lon="16.606046">
        <ele>2.892144</ele>
        <time>2026-08-04T14:23:43.885Z</time>
      </trkpt>
      <trkpt lat="43.375752" lon="16.605818">
        <ele>2.940232</ele>
        <time>2026-08-04T14:23:47.701Z</time>
      </trkpt>
      <trkpt lat="43.375749" lon="16.605664">
        <ele>2.969214</ele>
        <time>2026-08-04T14:23:50.048Z</time>
      </trkpt>
      <trkpt lat="43.375794" lon="16.605559">
        <ele>2.992145</ele>
        <time>2026-08-04T14:23:51.876Z</time>
      </trkpt>
      <trkpt lat="43.376492" lon="16.605100">
        <ele>3.192376</ele>
        <time>2026-08-04T14:24:07.268Z</time>
      </trkpt>
      <trkpt lat="43.376794" lon="16.604953">
        <ele>3.489060</ele>
        <time>2026-08-04T14:24:13.165Z</time>
      </trkpt>
      <trkpt lat="43.377879" lon="16.604837">
        <ele>5.063625</ele>
        <time>2026-08-04T14:24:35.693Z</time>
      </trkpt>
      <trkpt lat="43.378064" lon="16.604724">
        <ele>5.356485</ele>
        <time>2026-08-04T14:24:40.412Z</time>
      </trkpt>
      <trkpt lat="43.378389" lon="16.604388">
        <ele>5.980758</ele>
        <time>2026-08-04T14:24:50.264Z</time>
      </trkpt>
      <trkpt lat="43.378585" lon="16.604137">
        <ele>6.491244</ele>
        <time>2026-08-04T14:24:56.861Z</time>
      </trkpt>
      <trkpt lat="43.378798" lon="16.603783">
        <ele>7.128046</ele>
        <time>2026-08-04T14:25:05.127Z</time>
      </trkpt>
      <trkpt lat="43.378948" lon="16.603335">
        <ele>7.811528</ele>
        <time>2026-08-04T14:25:13.462Z</time>
      </trkpt>
      <trkpt lat="43.379014" lon="16.602873">
        <ele>8.463955</ele>
        <time>2026-08-04T14:25:20.908Z</time>
      </trkpt>
      <trkpt lat="43.379005" lon="16.602598">
        <ele>8.845400</ele>
        <time>2026-08-04T14:25:25.056Z</time>
      </trkpt>
      <trkpt lat="43.378963" lon="16.602273">
        <ele>9.274025</ele>
        <time>2026-08-04T14:25:29.418Z</time>
      </trkpt>
      <trkpt lat="43.378859" lon="16.601865">
        <ele>9.469088</ele>
        <time>2026-08-04T14:25:34.959Z</time>
      </trkpt>
      <trkpt lat="43.378667" lon="16.601358">
        <ele>9.727009</ele>
        <time>2026-08-04T14:25:42.509Z</time>
      </trkpt>
      <trkpt lat="43.378493" lon="16.600896">
        <ele>9.961764</ele>
        <time>2026-08-04T14:25:50.186Z</time>
      </trkpt>
      <trkpt lat="43.378284" lon="16.600565">
        <ele>10.159578</ele>
        <time>2026-08-04T14:25:57.108Z</time>
      </trkpt>
      <trkpt lat="43.377979" lon="16.600170">
        <ele>10.313900</ele>
        <time>2026-08-04T14:26:06.147Z</time>
      </trkpt>
      <trkpt lat="43.377742" lon="16.599801">
        <ele>9.990041</ele>
        <time>2026-08-04T14:26:13.385Z</time>
      </trkpt>
      <trkpt lat="43.377645" lon="16.599603">
        <ele>9.833002</ele>
        <time>2026-08-04T14:26:16.836Z</time>
      </trkpt>
      <trkpt lat="43.377586" lon="16.599370">
        <ele>9.670728</ele>
        <time>2026-08-04T14:26:20.212Z</time>
      </trkpt>
      <trkpt lat="43.377574" lon="16.599033">
        <ele>9.448822</ele>
        <time>2026-08-04T14:26:24.566Z</time>
      </trkpt>
      <trkpt lat="43.377520" lon="16.598577">
        <ele>9.144963</ele>
        <time>2026-08-04T14:26:30.129Z</time>
      </trkpt>
      <trkpt lat="43.377056" lon="16.597206">
        <ele>6.649767</ele>
        <time>2026-08-04T14:26:45.613Z</time>
      </trkpt>
      <trkpt lat="43.377005" lon="16.597060">
        <ele>6.276240</ele>
        <time>2026-08-04T14:26:47.228Z</time>
      </trkpt>
      <trkpt lat="43.376997" lon="16.596843">
        <ele>5.775209</ele>
        <time>2026-08-04T14:26:49.407Z</time>
      </trkpt>
      <trkpt lat="43.377057" lon="16.596622">
        <ele>5.231209</ele>
        <time>2026-08-04T14:26:51.800Z</time>
      </trkpt>
      <trkpt lat="43.377182" lon="16.596460">
        <ele>4.686407</ele>
        <time>2026-08-04T14:26:54.252Z</time>
      </trkpt>
      <trkpt lat="43.377323" lon="16.596391">
        <ele>4.211630</ele>
        <time>2026-08-04T14:26:56.433Z</time>
      </trkpt>
      <trkpt lat="43.377471" lon="16.596394">
        <ele>3.742049</ele>
        <time>2026-08-04T14:26:58.612Z</time>
      </trkpt>
      <trkpt lat="43.377656" lon="16.596543">
        <ele>3.061965</ele>
        <time>2026-08-04T14:27:01.841Z</time>
      </trkpt>
      <trkpt lat="43.377998" lon="16.596926">
        <ele>2.933288</ele>
        <time>2026-08-04T14:27:08.745Z</time>
      </trkpt>
      <trkpt lat="43.378463" lon="16.597630">
        <ele>2.759081</ele>
        <time>2026-08-04T14:27:22.317Z</time>
      </trkpt>
      <trkpt lat="43.378726" lon="16.597822">
        <ele>2.684066</ele>
        <time>2026-08-04T14:27:28.342Z</time>
      </trkpt>
      <trkpt lat="43.379155" lon="16.598582">
        <ele>3.301150</ele>
        <time>2026-08-04T14:27:41.487Z</time>
      </trkpt>
      <trkpt lat="43.379510" lon="16.599047">
        <ele>4.374560</ele>
        <time>2026-08-04T14:27:52.224Z</time>
      </trkpt>
      <trkpt lat="43.379788" lon="16.599340">
        <ele>5.141464</ele>
        <time>2026-08-04T14:28:00.856Z</time>
      </trkpt>
      <trkpt lat="43.379970" lon="16.599472">
        <ele>5.592021</ele>
        <time>2026-08-04T14:28:06.037Z</time>
      </trkpt>
      <trkpt lat="43.380143" lon="16.599529">
        <ele>5.981594</ele>
        <time>2026-08-04T14:28:10.501Z</time>
      </trkpt>
      <trkpt lat="43.380208" lon="16.599512">
        <ele>6.126489</ele>
        <time>2026-08-04T14:28:12.169Z</time>
      </trkpt>
      <trkpt lat="43.380267" lon="16.599480">
        <ele>6.265373</ele>
        <time>2026-08-04T14:28:13.783Z</time>
      </trkpt>
      <trkpt lat="43.380408" lon="16.599275">
        <ele>6.655870</ele>
        <time>2026-08-04T14:28:19.005Z</time>
      </trkpt>
      <trkpt lat="43.380510" lon="16.598950">
        <ele>7.041364</ele>
        <time>2026-08-04T14:28:25.552Z</time>
      </trkpt>
      <trkpt lat="43.381338" lon="16.595017">
        <ele>9.914952</ele>
        <time>2026-08-04T14:29:26.553Z</time>
      </trkpt>
      <trkpt lat="43.381384" lon="16.594490">
        <ele>9.908194</ele>
        <time>2026-08-04T14:29:33.151Z</time>
      </trkpt>
      <trkpt lat="43.381380" lon="16.594258">
        <ele>9.696847</ele>
        <time>2026-08-04T14:29:36.023Z</time>
      </trkpt>
      <trkpt lat="43.381340" lon="16.593970">
        <ele>9.429812</ele>
        <time>2026-08-04T14:29:39.631Z</time>
      </trkpt>
      <trkpt lat="43.381286" lon="16.593773">
        <ele>9.238064</ele>
        <time>2026-08-04T14:29:42.179Z</time>
      </trkpt>
      <trkpt lat="43.380919" lon="16.593004">
        <ele>8.400227</ele>
        <time>2026-08-04T14:29:52.780Z</time>
      </trkpt>
      <trkpt lat="43.380882" lon="16.592880">
        <ele>8.278149</ele>
        <time>2026-08-04T14:29:54.324Z</time>
      </trkpt>
      <trkpt lat="43.380872" lon="16.592666">
        <ele>8.082851</ele>
        <time>2026-08-04T14:29:56.781Z</time>
      </trkpt>
      <trkpt lat="43.380867" lon="16.592535">
        <ele>7.963381</ele>
        <time>2026-08-04T14:29:58.302Z</time>
      </trkpt>
      <trkpt lat="43.380932" lon="16.591856">
        <ele>7.658622</ele>
        <time>2026-08-04T14:30:06.489Z</time>
      </trkpt>
      <trkpt lat="43.380929" lon="16.591669">
        <ele>7.609432</ele>
        <time>2026-08-04T14:30:08.806Z</time>
      </trkpt>
      <trkpt lat="43.380892" lon="16.591543">
        <ele>7.573694</ele>
        <time>2026-08-04T14:30:10.503Z</time>
      </trkpt>
      <trkpt lat="43.380847" lon="16.591445">
        <ele>7.543209</ele>
        <time>2026-08-04T14:30:11.958Z</time>
      </trkpt>
      <trkpt lat="43.380755" lon="16.591345">
        <ele>7.500786</ele>
        <time>2026-08-04T14:30:14.001Z</time>
      </trkpt>
      <trkpt lat="43.380343" lon="16.591111">
        <ele>7.339508</ele>
        <time>2026-08-04T14:30:22.045Z</time>
      </trkpt>
      <trkpt lat="43.380257" lon="16.590974">
        <ele>7.291901</ele>
        <time>2026-08-04T14:30:24.618Z</time>
      </trkpt>
      <trkpt lat="43.380253" lon="16.590795">
        <ele>7.244804</ele>
        <time>2026-08-04T14:30:27.236Z</time>
      </trkpt>
      <trkpt lat="43.380293" lon="16.590636">
        <ele>7.200556</ele>
        <time>2026-08-04T14:30:29.726Z</time>
      </trkpt>
      <trkpt lat="43.380623" lon="16.589823">
        <ele>7.035314</ele>
        <time>2026-08-04T14:30:43.383Z</time>
      </trkpt>
      <trkpt lat="43.380742" lon="16.589377">
        <ele>6.965155</ele>
        <time>2026-08-04T14:30:49.636Z</time>
      </trkpt>
      <trkpt lat="43.380769" lon="16.589156">
        <ele>6.932062</ele>
        <time>2026-08-04T14:30:52.475Z</time>
      </trkpt>
      <trkpt lat="43.380766" lon="16.588971">
        <ele>6.904736</ele>
        <time>2026-08-04T14:30:54.782Z</time>
      </trkpt>
      <trkpt lat="43.380759" lon="16.588646">
        <ele>6.856722</ele>
        <time>2026-08-04T14:30:58.808Z</time>
      </trkpt>
      <trkpt lat="43.380727" lon="16.588403">
        <ele>6.820254</ele>
        <time>2026-08-04T14:31:01.833Z</time>
      </trkpt>
      <trkpt lat="43.380674" lon="16.588209">
        <ele>6.789649</ele>
        <time>2026-08-04T14:31:04.396Z</time>
      </trkpt>
      <trkpt lat="43.380467" lon="16.587919">
        <ele>6.935089</ele>
        <time>2026-08-04T14:31:09.482Z</time>
      </trkpt>
      <trkpt lat="43.380357" lon="16.587839">
        <ele>7.032770</ele>
        <time>2026-08-04T14:31:11.712Z</time>
      </trkpt>
      <trkpt lat="43.379822" lon="16.587742">
        <ele>7.456421</ele>
        <time>2026-08-04T14:31:22.201Z</time>
      </trkpt>
      <trkpt lat="43.379649" lon="16.587581">
        <ele>7.620393</ele>
        <time>2026-08-04T14:31:26.648Z</time>
      </trkpt>
      <trkpt lat="43.379610" lon="16.587491">
        <ele>7.680183</ele>
        <time>2026-08-04T14:31:28.347Z</time>
      </trkpt>
      <trkpt lat="43.379583" lon="16.587345">
        <ele>7.766147</ele>
        <time>2026-08-04T14:31:30.756Z</time>
      </trkpt>
      <trkpt lat="43.379622" lon="16.587086">
        <ele>7.917075</ele>
        <time>2026-08-04T14:31:35.130Z</time>
      </trkpt>
      <trkpt lat="43.379911" lon="16.586512">
        <ele>8.226025</ele>
        <time>2026-08-04T14:31:46.546Z</time>
      </trkpt>
      <trkpt lat="43.380037" lon="16.586198">
        <ele>8.291473</ele>
        <time>2026-08-04T14:31:52.313Z</time>
      </trkpt>
      <trkpt lat="43.380135" lon="16.585801">
        <ele>8.367979</ele>
        <time>2026-08-04T14:31:58.755Z</time>
      </trkpt>
      <trkpt lat="43.380578" lon="16.583355">
        <ele>7.200407</ele>
        <time>2026-08-04T14:32:30.444Z</time>
      </trkpt>
      <trkpt lat="43.380600" lon="16.583129">
        <ele>6.890123</ele>
        <time>2026-08-04T14:32:32.976Z</time>
      </trkpt>
      <trkpt lat="43.380581" lon="16.582686">
        <ele>6.286245</ele>
        <time>2026-08-04T14:32:37.800Z</time>
      </trkpt>
      <trkpt lat="43.380516" lon="16.582426">
        <ele>5.912094</ele>
        <time>2026-08-04T14:32:40.744Z</time>
      </trkpt>
      <trkpt lat="43.380106" lon="16.581159">
        <ele>4.183486</ele>
        <time>2026-08-04T14:32:55.369Z</time>
      </trkpt>
      <trkpt lat="43.379962" lon="16.580401">
        <ele>3.253437</ele>
        <time>2026-08-04T14:33:03.971Z</time>
      </trkpt>
      <trkpt lat="43.379962" lon="16.580208">
        <ele>3.024327</ele>
        <time>2026-08-04T14:33:06.209Z</time>
      </trkpt>
      <trkpt lat="43.380217" lon="16.578975">
        <ele>3.883975</ele>
        <time>2026-08-04T14:33:25.301Z</time>
      </trkpt>
      <trkpt lat="43.380336" lon="16.578675">
        <ele>4.645557</ele>
        <time>2026-08-04T14:33:31.374Z</time>
      </trkpt>
      <trkpt lat="43.380435" lon="16.578516">
        <ele>5.112098</ele>
        <time>2026-08-04T14:33:35.190Z</time>
      </trkpt>
      <trkpt lat="43.380797" lon="16.578183">
        <ele>6.447167</ele>
        <time>2026-08-04T14:33:46.611Z</time>
      </trkpt>
      <trkpt lat="43.381055" lon="16.577944">
        <ele>7.400750</ele>
        <time>2026-08-04T14:33:55.177Z</time>
      </trkpt>
      <trkpt lat="43.381167" lon="16.577803">
        <ele>7.875650</ele>
        <time>2026-08-04T14:33:59.444Z</time>
      </trkpt>
      <trkpt lat="43.381235" lon="16.577614">
        <ele>8.553008</ele>
        <time>2026-08-04T14:34:03.710Z</time>
      </trkpt>
      <trkpt lat="43.381262" lon="16.577406">
        <ele>9.231655</ele>
        <time>2026-08-04T14:34:07.901Z</time>
      </trkpt>
      <trkpt lat="43.381214" lon="16.576945">
        <ele>10.727457</ele>
        <time>2026-08-04T14:34:17.039Z</time>
      </trkpt>
      <trkpt lat="43.381093" lon="16.576673">
        <ele>11.751750</ele>
        <time>2026-08-04T14:34:23.341Z</time>
      </trkpt>
      <trkpt lat="43.380711" lon="16.575965">
        <ele>14.583903</ele>
        <time>2026-08-04T14:34:40.487Z</time>
      </trkpt>
      <trkpt lat="43.380535" lon="16.575650">
        <ele>15.824755</ele>
        <time>2026-08-04T14:34:48.098Z</time>
      </trkpt>
      <trkpt lat="43.380456" lon="16.575288">
        <ele>16.396019</ele>
        <time>2026-08-04T14:34:55.157Z</time>
      </trkpt>
      <trkpt lat="43.380443" lon="16.574280">
        <ele>17.919765</ele>
        <time>2026-08-04T14:35:12.906Z</time>
      </trkpt>
      <trkpt lat="43.380415" lon="16.572401">
        <ele>18.998968</ele>
        <time>2026-08-04T14:35:39.180Z</time>
      </trkpt>
      <trkpt lat="43.380389" lon="16.572027">
        <ele>18.751428</ele>
        <time>2026-08-04T14:35:43.741Z</time>
      </trkpt>
      <trkpt lat="43.380539" lon="16.571947">
        <ele>18.605593</ele>
        <time>2026-08-04T14:35:48.278Z</time>
      </trkpt>
      <trkpt lat="43.380389" lon="16.572027">
        <ele>18.459757</ele>
        <time>2026-08-04T14:35:52.791Z</time>
      </trkpt>
      <trkpt lat="43.380110" lon="16.570890">
        <ele>17.874625</ele>
        <time>2026-08-04T14:36:06.474Z</time>
      </trkpt>
      <trkpt lat="43.380110" lon="16.570564">
        <ele>17.848416</ele>
        <time>2026-08-04T14:36:10.499Z</time>
      </trkpt>
      <trkpt lat="43.380184" lon="16.570281">
        <ele>17.824237</ele>
        <time>2026-08-04T14:36:14.130Z</time>
      </trkpt>
      <trkpt lat="43.380309" lon="16.570032">
        <ele>17.799908</ele>
        <time>2026-08-04T14:36:17.932Z</time>
      </trkpt>
      <trkpt lat="43.380864" lon="16.569388">
        <ele>17.719601</ele>
        <time>2026-08-04T14:36:32.528Z</time>
      </trkpt>
      <trkpt lat="43.380995" lon="16.569139">
        <ele>17.889330</ele>
        <time>2026-08-04T14:36:37.529Z</time>
      </trkpt>
      <trkpt lat="43.381075" lon="16.568812">
        <ele>18.438482</ele>
        <time>2026-08-04T14:36:43.325Z</time>
      </trkpt>
      <trkpt lat="43.381105" lon="16.568474">
        <ele>18.980443</ele>
        <time>2026-08-04T14:36:49.034Z</time>
      </trkpt>
      <trkpt lat="43.381037" lon="16.567328">
        <ele>20.810499</ele>
        <time>2026-08-04T14:37:08.584Z</time>
      </trkpt>
      <trkpt lat="43.380967" lon="16.566899">
        <ele>21.510296</ele>
        <time>2026-08-04T14:37:16.103Z</time>
      </trkpt>
      <trkpt lat="43.380686" lon="16.565635">
        <ele>23.367351</ele>
        <time>2026-08-04T14:37:37.931Z</time>
      </trkpt>
      <trkpt lat="43.380430" lon="16.564544">
        <ele>24.963628</ele>
        <time>2026-08-04T14:37:56.513Z</time>
      </trkpt>
      <trkpt lat="43.380184" lon="16.563432">
        <ele>25.634717</ele>
        <time>2026-08-04T14:38:14.733Z</time>
      </trkpt>
      <trkpt lat="43.380066" lon="16.562608">
        <ele>26.062233</ele>
        <time>2026-08-04T14:38:27.832Z</time>
      </trkpt>
      <trkpt lat="43.380021" lon="16.562125">
        <ele>26.310113</ele>
        <time>2026-08-04T14:38:34.350Z</time>
      </trkpt>
      <trkpt lat="43.380039" lon="16.561998">
        <ele>26.182624</ele>
        <time>2026-08-04T14:38:35.937Z</time>
      </trkpt>
      <trkpt lat="43.380089" lon="16.561806">
        <ele>25.555813</ele>
        <time>2026-08-04T14:38:38.347Z</time>
      </trkpt>
      <trkpt lat="43.380275" lon="16.561331">
        <ele>23.897599</ele>
        <time>2026-08-04T14:38:44.118Z</time>
      </trkpt>
      <trkpt lat="43.380347" lon="16.561256">
        <ele>23.515735</ele>
        <time>2026-08-04T14:38:45.368Z</time>
      </trkpt>
      <trkpt lat="43.380465" lon="16.561267">
        <ele>23.015629</ele>
        <time>2026-08-04T14:38:46.985Z</time>
      </trkpt>
      <trkpt lat="43.380563" lon="16.561176">
        <ele>22.515693</ele>
        <time>2026-08-04T14:38:48.578Z</time>
      </trkpt>
      <trkpt lat="43.380648" lon="16.561208">
        <ele>22.143059</ele>
        <time>2026-08-04T14:38:49.749Z</time>
      </trkpt>
      <trkpt lat="43.381103" lon="16.561497">
        <ele>20.023981</ele>
        <time>2026-08-04T14:38:56.269Z</time>
      </trkpt>
      <trkpt lat="43.381291" lon="16.561580">
        <ele>19.189103</ele>
        <time>2026-08-04T14:38:58.782Z</time>
      </trkpt>
      <trkpt lat="43.381630" lon="16.561663">
        <ele>17.425267</ele>
        <time>2026-08-04T14:39:03.126Z</time>
      </trkpt>
      <trkpt lat="43.382043" lon="16.561632">
        <ele>15.143113</ele>
        <time>2026-08-04T14:39:08.418Z</time>
      </trkpt>
      <trkpt lat="43.382341" lon="16.561546">
        <ele>13.463092</ele>
        <time>2026-08-04T14:39:12.382Z</time>
      </trkpt>
      <trkpt lat="43.382546" lon="16.561436">
        <ele>12.249016</ele>
        <time>2026-08-04T14:39:15.276Z</time>
      </trkpt>
      <trkpt lat="43.382648" lon="16.561357">
        <ele>11.603185</ele>
        <time>2026-08-04T14:39:16.828Z</time>
      </trkpt>
      <trkpt lat="43.382837" lon="16.561188">
        <ele>10.359494</ele>
        <time>2026-08-04T14:39:19.847Z</time>
      </trkpt>
      <trkpt lat="43.383233" lon="16.560678">
        <ele>8.085757</ele>
        <time>2026-08-04T14:39:27.299Z</time>
      </trkpt>
      <trkpt lat="43.383460" lon="16.560197">
        <ele>6.924771</ele>
        <time>2026-08-04T14:39:33.227Z</time>
      </trkpt>
      <trkpt lat="43.383617" lon="16.559864">
        <ele>6.121246</ele>
        <time>2026-08-04T14:39:37.453Z</time>
      </trkpt>
      <trkpt lat="43.383809" lon="16.559456">
        <ele>5.137294</ele>
        <time>2026-08-04T14:39:42.791Z</time>
      </trkpt>
      <trkpt lat="43.384050" lon="16.558938">
        <ele>3.892234</ele>
        <time>2026-08-04T14:39:49.854Z</time>
      </trkpt>
      <trkpt lat="43.384098" lon="16.558834">
        <ele>3.734885</ele>
        <time>2026-08-04T14:39:51.351Z</time>
      </trkpt>
      <trkpt lat="43.384194" lon="16.558613">
        <ele>3.502631</ele>
        <time>2026-08-04T14:39:54.487Z</time>
      </trkpt>
      <trkpt lat="43.384535" lon="16.557821">
        <ele>2.672231</ele>
        <time>2026-08-04T14:40:05.579Z</time>
      </trkpt>
      <trkpt lat="43.384677" lon="16.557550">
        <ele>2.370858</ele>
        <time>2026-08-04T14:40:09.527Z</time>
      </trkpt>
      <trkpt lat="43.385021" lon="16.556724">
        <ele>1.565244</ele>
        <time>2026-08-04T14:40:21.212Z</time>
      </trkpt>
      <trkpt lat="43.385191" lon="16.556226">
        <ele>1.479345</ele>
        <time>2026-08-04T14:40:28.266Z</time>
      </trkpt>
      <trkpt lat="43.385235" lon="16.556041">
        <ele>1.448955</ele>
        <time>2026-08-04T14:40:30.739Z</time>
      </trkpt>
      <trkpt lat="43.385323" lon="16.555660">
        <ele>1.386541</ele>
        <time>2026-08-04T14:40:35.850Z</time>
      </trkpt>
      <trkpt lat="43.385319" lon="16.555441">
        <ele>1.352340</ele>
        <time>2026-08-04T14:40:38.687Z</time>
      </trkpt>
      <trkpt lat="43.385258" lon="16.555271">
        <ele>1.322740</ele>
        <time>2026-08-04T14:40:41.170Z</time>
      </trkpt>
      <trkpt lat="43.385124" lon="16.555150">
        <ele>1.288309</ele>
        <time>2026-08-04T14:40:44.165Z</time>
      </trkpt>
      <trkpt lat="43.384684" lon="16.554749">
        <ele>1.190075</ele>
        <time>2026-08-04T14:41:20.880Z</time>
      </trkpt>
      <trkpt lat="43.384630" lon="16.554704">
        <ele>1.190159</ele>
        <time>2026-08-04T14:41:25.242Z</time>
      </trkpt>
      <trkpt lat="43.384307" lon="16.554435">
        <ele>1.190662</ele>
        <time>2026-08-04T14:41:51.519Z</time>
      </trkpt>
      <trkpt lat="43.384121" lon="16.554280">
        <ele>1.190952</ele>
        <time>2026-08-04T14:42:06.617Z</time>
      </trkpt>
      <trkpt lat="43.383818" lon="16.554028">
        <ele>1.191423</ele>
        <time>2026-08-04T14:42:31.219Z</time>
      </trkpt>
      <trkpt lat="43.383869" lon="16.553888">
        <ele>1.191575</ele>
        <time>2026-08-04T14:42:39.115Z</time>
      </trkpt>
      <trkpt lat="43.384037" lon="16.553393">
        <ele>1.192104</ele>
        <time>2026-08-04T14:43:06.737Z</time>
      </trkpt>
      <trkpt lat="43.384617" lon="16.553394">
        <ele>1.465944</ele>
        <time>2026-08-04T14:43:47.032Z</time>
      </trkpt>
      <trkpt lat="43.384619" lon="16.553335">
        <ele>1.497304</ele>
        <time>2026-08-04T14:43:49.979Z</time>
      </trkpt>
      <trkpt lat="43.384688" lon="16.552277">
        <ele>2.061313</ele>
        <time>2026-08-04T14:44:43.674Z</time>
      </trkpt>
      <trkpt lat="43.384758" lon="16.551322">
        <ele>2.617367</ele>
        <time>2026-08-04T14:45:32.119Z</time>
      </trkpt>
      <trkpt lat="43.384821" lon="16.551033">
        <ele>2.892830</ele>
        <time>2026-08-04T14:45:47.395Z</time>
      </trkpt>
      <trkpt lat="43.384838" lon="16.550979">
        <ele>2.946557</ele>
        <time>2026-08-04T14:45:50.364Z</time>
      </trkpt>
      <trkpt lat="43.384880" lon="16.550848">
        <ele>3.077277</ele>
        <time>2026-08-04T14:45:57.564Z</time>
      </trkpt>
      <trkpt lat="43.384988" lon="16.550512">
        <ele>3.412698</ele>
        <time>2026-08-04T14:46:16.150Z</time>
      </trkpt>
      <trkpt lat="43.385016" lon="16.550391">
        <ele>3.528632</ele>
        <time>2026-08-04T14:46:18.137Z</time>
      </trkpt>
      <trkpt lat="43.385042" lon="16.550161">
        <ele>3.741140</ele>
        <time>2026-08-04T14:46:21.774Z</time>
      </trkpt>
      <trkpt lat="43.385115" lon="16.549301">
        <ele>4.531630</ele>
        <time>2026-08-04T14:46:35.256Z</time>
      </trkpt>
      <trkpt lat="43.385218" lon="16.548586">
        <ele>4.765938</ele>
        <time>2026-08-04T14:46:46.562Z</time>
      </trkpt>
      <trkpt lat="43.385306" lon="16.547678">
        <ele>4.765938</ele>
        <time>2026-08-04T14:46:59.495Z</time>
      </trkpt>
      <trkpt lat="43.385278" lon="16.547548">
        <ele>4.765938</ele>
        <time>2026-08-04T14:47:01.289Z</time>
      </trkpt>
      <trkpt lat="43.385252" lon="16.547430">
        <ele>4.765938</ele>
        <time>2026-08-04T14:47:02.925Z</time>
      </trkpt>
    </trkseg>
  </trk>
</gpx>