<?xml version='1.0' encoding='UTF-8'?>
<gpx version="1.1" creator="https://www.komoot.de" xmlns="http://www.topografix.com/GPX/1/1" xmlns:xsi="http://www.w3.org/2001/XMLSchema-instance" xsi:schemaLocation="http://www.topografix.com/GPX/1/1 http://www.topografix.com/GPX/1/1/gpx.xsd">
  <metadata>
    <name>Supetar-Vidova Gora- Škrip loop</name>
    <author>
      <link href="https://www.komoot.de">
        <text>komoot</text>
        <type>text/html</type>
      </link>
    </author>
  </metadata>
  <wpt lat="43.372656" lon="16.552128">
    <name>Olive Tree Pathway</name>
    <sym>Flag, Blue</sym>
  </wpt>
  <wpt lat="43.287570" lon="16.617685">
    <name>Golubija Jama</name>
    <sym>Flag, Blue</sym>
  </wpt>
  <wpt lat="43.278926" lon="16.620077">
    <name>View of Zlatni Rat and Bol from Vidova Gora</name>
    <sym>Flag, Blue</sym>
  </wpt>
  <trk>
    <name>Supetar-Vidova Gora- Škrip loop</name>
    <type>mtb</type>
    <trkseg>
      <trkpt lat="43.385252" lon="16.547430">
        <ele>11.991111</ele>
        <time>2026-08-04T12:52:32.032Z</time>
      </trkpt>
      <trkpt lat="43.385183" lon="16.547112">
        <ele>11.991111</ele>
        <time>2026-08-04T12:52:41.034Z</time>
      </trkpt>
      <trkpt lat="43.385158" lon="16.546996">
        <ele>11.991111</ele>
        <time>2026-08-04T12:52:44.503Z</time>
      </trkpt>
      <trkpt lat="43.384831" lon="16.547020">
        <ele>11.991111</ele>
        <time>2026-08-04T12:52:59.153Z</time>
      </trkpt>
      <trkpt lat="43.384501" lon="16.547020">
        <ele>12.690389</ele>
        <time>2026-08-04T12:53:15.943Z</time>
      </trkpt>
      <trkpt lat="43.383987" lon="16.546771">
        <ele>17.057132</ele>
        <time>2026-08-04T12:53:48.017Z</time>
      </trkpt>
      <trkpt lat="43.383690" lon="16.546746">
        <ele>19.441580</ele>
        <time>2026-08-04T12:54:06.332Z</time>
      </trkpt>
      <trkpt lat="43.382182" lon="16.546455">
        <ele>32.248447</ele>
        <time>2026-08-04T12:55:44.710Z</time>
      </trkpt>
      <trkpt lat="43.381518" lon="16.546316">
        <ele>38.251351</ele>
        <time>2026-08-04T12:56:28.505Z</time>
      </trkpt>
      <trkpt lat="43.381517" lon="16.546409">
        <ele>38.855532</ele>
        <time>2026-08-04T12:56:32.733Z</time>
      </trkpt>
      <trkpt lat="43.381222" lon="16.546398">
        <ele>41.493112</ele>
        <time>2026-08-04T12:56:52.015Z</time>
      </trkpt>
      <trkpt lat="43.380999" lon="16.546319">
        <ele>43.664254</ele>
        <time>2026-08-04T12:57:07.310Z</time>
      </trkpt>
      <trkpt lat="43.380619" lon="16.546259">
        <ele>47.443649</ele>
        <time>2026-08-04T12:57:32.791Z</time>
      </trkpt>
      <trkpt lat="43.380295" lon="16.546246">
        <ele>50.646429</ele>
        <time>2026-08-04T12:57:55.124Z</time>
      </trkpt>
      <trkpt lat="43.380006" lon="16.546191">
        <ele>53.529204</ele>
        <time>2026-08-04T12:58:15.965Z</time>
      </trkpt>
      <trkpt lat="43.379925" lon="16.546018">
        <ele>55.007097</ele>
        <time>2026-08-04T12:58:26.790Z</time>
      </trkpt>
      <trkpt lat="43.379686" lon="16.545533">
        <ele>59.215276</ele>
        <time>2026-08-04T12:59:03.206Z</time>
      </trkpt>
      <trkpt lat="43.379394" lon="16.545096">
        <ele>63.265278</ele>
        <time>2026-08-04T12:59:40.070Z</time>
      </trkpt>
      <trkpt lat="43.378911" lon="16.544586">
        <ele>68.883847</ele>
        <time>2026-08-04T13:00:29.033Z</time>
      </trkpt>
      <trkpt lat="43.378659" lon="16.544255">
        <ele>72.098967</ele>
        <time>2026-08-04T13:00:55.103Z</time>
      </trkpt>
      <trkpt lat="43.378003" lon="16.543767">
        <ele>78.137375</ele>
        <time>2026-08-04T13:01:49.943Z</time>
      </trkpt>
      <trkpt lat="43.377881" lon="16.543753">
        <ele>78.819755</ele>
        <time>2026-08-04T13:01:58.564Z</time>
      </trkpt>
      <trkpt lat="43.377300" lon="16.543686">
        <ele>82.069563</ele>
        <time>2026-08-04T13:02:38.204Z</time>
      </trkpt>
      <trkpt lat="43.377008" lon="16.543705">
        <ele>83.698969</ele>
        <time>2026-08-04T13:02:56.149Z</time>
      </trkpt>
      <trkpt lat="43.376778" lon="16.543601">
        <ele>85.048437</ele>
        <time>2026-08-04T13:03:09.251Z</time>
      </trkpt>
      <trkpt lat="43.376439" lon="16.543331">
        <ele>86.939066</ele>
        <time>2026-08-04T13:03:26.345Z</time>
      </trkpt>
      <trkpt lat="43.376108" lon="16.543244">
        <ele>87.271140</ele>
        <time>2026-08-04T13:03:36.954Z</time>
      </trkpt>
      <trkpt lat="43.375832" lon="16.543250">
        <ele>87.543150</ele>
        <time>2026-08-04T13:03:44.914Z</time>
      </trkpt>
      <trkpt lat="43.375374" lon="16.543501">
        <ele>88.028964</ele>
        <time>2026-08-04T13:03:59.598Z</time>
      </trkpt>
      <trkpt lat="43.375160" lon="16.543664">
        <ele>88.270007</ele>
        <time>2026-08-04T13:04:07.152Z</time>
      </trkpt>
      <trkpt lat="43.374929" lon="16.543835">
        <ele>88.528500</ele>
        <time>2026-08-04T13:04:16.781Z</time>
      </trkpt>
      <trkpt lat="43.374879" lon="16.544166">
        <ele>89.756029</ele>
        <time>2026-08-04T13:04:28.416Z</time>
      </trkpt>
      <trkpt lat="43.374755" lon="16.544481">
        <ele>92.084545</ele>
        <time>2026-08-04T13:04:43.480Z</time>
      </trkpt>
      <trkpt lat="43.374596" lon="16.544761">
        <ele>94.394134</ele>
        <time>2026-08-04T13:05:01.653Z</time>
      </trkpt>
      <trkpt lat="43.374498" lon="16.545076">
        <ele>96.621339</ele>
        <time>2026-08-04T13:05:21.656Z</time>
      </trkpt>
      <trkpt lat="43.374505" lon="16.545315">
        <ele>98.176132</ele>
        <time>2026-08-04T13:05:36.661Z</time>
      </trkpt>
      <trkpt lat="43.374468" lon="16.545718">
        <ele>100.816501</ele>
        <time>2026-08-04T13:06:03.013Z</time>
      </trkpt>
      <trkpt lat="43.374353" lon="16.546236">
        <ele>104.337123</ele>
        <time>2026-08-04T13:06:40.196Z</time>
      </trkpt>
      <trkpt lat="43.374223" lon="16.546690">
        <ele>108.712634</ele>
        <time>2026-08-04T13:07:15.095Z</time>
      </trkpt>
      <trkpt lat="43.374133" lon="16.547015">
        <ele>111.953597</ele>
        <time>2026-08-04T13:07:40.617Z</time>
      </trkpt>
      <trkpt lat="43.374085" lon="16.547383">
        <ele>115.437705</ele>
        <time>2026-08-04T13:08:07.677Z</time>
      </trkpt>
      <trkpt lat="43.373981" lon="16.547688">
        <ele>118.577146</ele>
        <time>2026-08-04T13:08:31.495Z</time>
      </trkpt>
      <trkpt lat="43.373976" lon="16.547942">
        <ele>120.945004</ele>
        <time>2026-08-04T13:08:49.351Z</time>
      </trkpt>
      <trkpt lat="43.373844" lon="16.548319">
        <ele>124.844550</ele>
        <time>2026-08-04T13:09:18.597Z</time>
      </trkpt>
      <trkpt lat="43.373740" lon="16.548900">
        <ele>130.098415</ele>
        <time>2026-08-04T13:09:59.486Z</time>
      </trkpt>
      <trkpt lat="43.373694" lon="16.549138">
        <ele>132.112100</ele>
        <time>2026-08-04T13:10:15.995Z</time>
      </trkpt>
      <trkpt lat="43.373615" lon="16.549823">
        <ele>137.783237</ele>
        <time>2026-08-04T13:11:01.433Z</time>
      </trkpt>
      <trkpt lat="43.373468" lon="16.550330">
        <ele>142.246482</ele>
        <time>2026-08-04T13:11:36.495Z</time>
      </trkpt>
      <trkpt lat="43.373064" lon="16.551156">
        <ele>149.696326</ele>
        <time>2026-08-04T13:12:37.709Z</time>
      </trkpt>
      <trkpt lat="43.372849" lon="16.551447">
        <ele>152.096943</ele>
        <time>2026-08-04T13:13:01.014Z</time>
      </trkpt>
      <trkpt lat="43.372688" lon="16.551619">
        <ele>153.719412</ele>
        <time>2026-08-04T13:13:16.109Z</time>
      </trkpt>
      <trkpt lat="43.372684" lon="16.552128">
        <ele>156.664481</ele>
        <time>2026-08-04T13:13:42.120Z</time>
      </trkpt>
      <trkpt lat="43.372683" lon="16.552166">
        <ele>156.884479</ele>
        <time>2026-08-04T13:13:43.989Z</time>
      </trkpt>
      <trkpt lat="43.371766" lon="16.552589">
        <ele>164.009062</ele>
        <time>2026-08-04T13:14:46.138Z</time>
      </trkpt>
      <trkpt lat="43.371445" lon="16.552758">
        <ele>166.044835</ele>
        <time>2026-08-04T13:15:07.459Z</time>
      </trkpt>
      <trkpt lat="43.371034" lon="16.553048">
        <ele>168.780741</ele>
        <time>2026-08-04T13:15:35.649Z</time>
      </trkpt>
      <trkpt lat="43.370721" lon="16.553193">
        <ele>170.736948</ele>
        <time>2026-08-04T13:15:55.413Z</time>
      </trkpt>
      <trkpt lat="43.370623" lon="16.553268">
        <ele>171.401183</ele>
        <time>2026-08-04T13:16:02.020Z</time>
      </trkpt>
      <trkpt lat="43.370537" lon="16.553293">
        <ele>171.921813</ele>
        <time>2026-08-04T13:16:07.284Z</time>
      </trkpt>
      <trkpt lat="43.369923" lon="16.553739">
        <ele>176.532641</ele>
        <time>2026-08-04T13:16:49.362Z</time>
      </trkpt>
      <trkpt lat="43.369758" lon="16.553919">
        <ele>177.984361</ele>
        <time>2026-08-04T13:17:02.268Z</time>
      </trkpt>
      <trkpt lat="43.369720" lon="16.553960">
        <ele>178.317286</ele>
        <time>2026-08-04T13:17:05.151Z</time>
      </trkpt>
      <trkpt lat="43.369402" lon="16.554328">
        <ele>181.182020</ele>
        <time>2026-08-04T13:17:31.004Z</time>
      </trkpt>
      <trkpt lat="43.369207" lon="16.554501">
        <ele>182.781614</ele>
        <time>2026-08-04T13:17:46.407Z</time>
      </trkpt>
      <trkpt lat="43.369085" lon="16.554648">
        <ele>183.899657</ele>
        <time>2026-08-04T13:17:58.028Z</time>
      </trkpt>
      <trkpt lat="43.368401" lon="16.555070">
        <ele>191.164770</ele>
        <time>2026-08-04T13:18:58.867Z</time>
      </trkpt>
      <trkpt lat="43.368198" lon="16.555356">
        <ele>194.311469</ele>
        <time>2026-08-04T13:19:21.368Z</time>
      </trkpt>
      <trkpt lat="43.367988" lon="16.555753">
        <ele>198.176591</ele>
        <time>2026-08-04T13:19:49.572Z</time>
      </trkpt>
      <trkpt lat="43.367552" lon="16.556231">
        <ele>204.214193</ele>
        <time>2026-08-04T13:20:34.708Z</time>
      </trkpt>
      <trkpt lat="43.367075" lon="16.556750">
        <ele>210.393320</ele>
        <time>2026-08-04T13:21:28.470Z</time>
      </trkpt>
      <trkpt lat="43.366483" lon="16.557201">
        <ele>217.218715</ele>
        <time>2026-08-04T13:22:23.024Z</time>
      </trkpt>
      <trkpt lat="43.366389" lon="16.557308">
        <ele>218.449307</ele>
        <time>2026-08-04T13:22:32.426Z</time>
      </trkpt>
      <trkpt lat="43.366280" lon="16.557555">
        <ele>220.567923</ele>
        <time>2026-08-04T13:22:48.485Z</time>
      </trkpt>
      <trkpt lat="43.365898" lon="16.557695">
        <ele>224.494162</ele>
        <time>2026-08-04T13:23:18.889Z</time>
      </trkpt>
      <trkpt lat="43.365779" lon="16.557660">
        <ele>225.673006</ele>
        <time>2026-08-04T13:23:28.486Z</time>
      </trkpt>
      <trkpt lat="43.365490" lon="16.557757">
        <ele>228.554767</ele>
        <time>2026-08-04T13:23:52.142Z</time>
      </trkpt>
      <trkpt lat="43.365079" lon="16.557747">
        <ele>232.536861</ele>
        <time>2026-08-04T13:24:25.113Z</time>
      </trkpt>
      <trkpt lat="43.364704" lon="16.557738">
        <ele>236.170143</ele>
        <time>2026-08-04T13:24:55.545Z</time>
      </trkpt>
      <trkpt lat="43.364305" lon="16.557778">
        <ele>240.045619</ele>
        <time>2026-08-04T13:25:28.305Z</time>
      </trkpt>
      <trkpt lat="43.363581" lon="16.557941">
        <ele>246.830492</ele>
        <time>2026-08-04T13:26:30.512Z</time>
      </trkpt>
      <trkpt lat="43.363300" lon="16.558081">
        <ele>249.586861</ele>
        <time>2026-08-04T13:26:56.039Z</time>
      </trkpt>
      <trkpt lat="43.363096" lon="16.558429">
        <ele>252.584274</ele>
        <time>2026-08-04T13:27:22.150Z</time>
      </trkpt>
      <trkpt lat="43.363024" lon="16.558463">
        <ele>253.286357</ele>
        <time>2026-08-04T13:27:27.200Z</time>
      </trkpt>
      <trkpt lat="43.362689" lon="16.558481">
        <ele>256.378343</ele>
        <time>2026-08-04T13:27:47.309Z</time>
      </trkpt>
      <trkpt lat="43.362493" lon="16.558580">
        <ele>257.283280</ele>
        <time>2026-08-04T13:27:58.195Z</time>
      </trkpt>
      <trkpt lat="43.362446" lon="16.558561">
        <ele>257.374583</ele>
        <time>2026-08-04T13:28:00.621Z</time>
      </trkpt>
      <trkpt lat="43.362358" lon="16.559318">
        <ele>258.413366</ele>
        <time>2026-08-04T13:28:30.126Z</time>
      </trkpt>
      <trkpt lat="43.362408" lon="16.559593">
        <ele>258.797474</ele>
        <time>2026-08-04T13:28:38.763Z</time>
      </trkpt>
      <trkpt lat="43.362382" lon="16.560154">
        <ele>259.559185</ele>
        <time>2026-08-04T13:28:52.514Z</time>
      </trkpt>
      <trkpt lat="43.362388" lon="16.560528">
        <ele>260.066088</ele>
        <time>2026-08-04T13:29:00.082Z</time>
      </trkpt>
      <trkpt lat="43.362267" lon="16.560989">
        <ele>259.367350</ele>
        <time>2026-08-04T13:29:09.312Z</time>
      </trkpt>
      <trkpt lat="43.362108" lon="16.561259">
        <ele>258.021273</ele>
        <time>2026-08-04T13:29:15.612Z</time>
      </trkpt>
      <trkpt lat="43.362077" lon="16.561363">
        <ele>257.585825</ele>
        <time>2026-08-04T13:29:17.631Z</time>
      </trkpt>
      <trkpt lat="43.362224" lon="16.561471">
        <ele>256.697782</ele>
        <time>2026-08-04T13:29:21.694Z</time>
      </trkpt>
      <trkpt lat="43.362316" lon="16.561589">
        <ele>256.027483</ele>
        <time>2026-08-04T13:29:24.714Z</time>
      </trkpt>
      <trkpt lat="43.362428" lon="16.561809">
        <ele>254.987020</ele>
        <time>2026-08-04T13:29:29.348Z</time>
      </trkpt>
      <trkpt lat="43.362493" lon="16.561841">
        <ele>254.619144</ele>
        <time>2026-08-04T13:29:30.980Z</time>
      </trkpt>
      <trkpt lat="43.362873" lon="16.561723">
        <ele>252.543317</ele>
        <time>2026-08-04T13:29:39.898Z</time>
      </trkpt>
      <trkpt lat="43.363121" lon="16.561529">
        <ele>251.023062</ele>
        <time>2026-08-04T13:29:46.188Z</time>
      </trkpt>
      <trkpt lat="43.363532" lon="16.561568">
        <ele>250.364979</ele>
        <time>2026-08-04T13:29:55.339Z</time>
      </trkpt>
      <trkpt lat="43.363701" lon="16.561494">
        <ele>250.159216</ele>
        <time>2026-08-04T13:29:59.487Z</time>
      </trkpt>
      <trkpt lat="43.364366" lon="16.561646">
        <ele>249.377128</ele>
        <time>2026-08-04T13:30:17.198Z</time>
      </trkpt>
      <trkpt lat="43.362450" lon="16.562410">
        <ele>258.734474</ele>
        <time>2026-08-04T13:32:00.487Z</time>
      </trkpt>
      <trkpt lat="43.361011" lon="16.562940">
        <ele>271.879017</ele>
        <time>2026-08-04T13:33:39.510Z</time>
      </trkpt>
      <trkpt lat="43.358958" lon="16.563710">
        <ele>292.300042</ele>
        <time>2026-08-04T13:36:04.073Z</time>
      </trkpt>
      <trkpt lat="43.358539" lon="16.563893">
        <ele>296.572023</ele>
        <time>2026-08-04T13:36:33.663Z</time>
      </trkpt>
      <trkpt lat="43.358381" lon="16.563984">
        <ele>298.267326</ele>
        <time>2026-08-04T13:36:45.389Z</time>
      </trkpt>
      <trkpt lat="43.358138" lon="16.564222">
        <ele>301.219784</ele>
        <time>2026-08-04T13:37:05.783Z</time>
      </trkpt>
      <trkpt lat="43.358069" lon="16.564177">
        <ele>301.975564</ele>
        <time>2026-08-04T13:37:12.032Z</time>
      </trkpt>
      <trkpt lat="43.357988" lon="16.564170">
        <ele>302.778806</ele>
        <time>2026-08-04T13:37:18.576Z</time>
      </trkpt>
      <trkpt lat="43.357680" lon="16.564384">
        <ele>306.193986</ele>
        <time>2026-08-04T13:37:46.463Z</time>
      </trkpt>
      <trkpt lat="43.357452" lon="16.564461">
        <ele>308.517544</ele>
        <time>2026-08-04T13:38:05.186Z</time>
      </trkpt>
      <trkpt lat="43.357232" lon="16.564464">
        <ele>310.695000</ele>
        <time>2026-08-04T13:38:23.052Z</time>
      </trkpt>
      <trkpt lat="43.356875" lon="16.564642">
        <ele>314.552173</ele>
        <time>2026-08-04T13:38:54.951Z</time>
      </trkpt>
      <trkpt lat="43.356360" lon="16.564978">
        <ele>320.849842</ele>
        <time>2026-08-04T13:39:43.660Z</time>
      </trkpt>
      <trkpt lat="43.355682" lon="16.565076">
        <ele>328.381901</ele>
        <time>2026-08-04T13:40:45.142Z</time>
      </trkpt>
      <trkpt lat="43.355355" lon="16.565265">
        <ele>332.300795</ele>
        <time>2026-08-04T13:41:17.700Z</time>
      </trkpt>
      <trkpt lat="43.354992" lon="16.565366">
        <ele>335.621683</ele>
        <time>2026-08-04T13:41:50.732Z</time>
      </trkpt>
      <trkpt lat="43.354878" lon="16.565445">
        <ele>336.659380</ele>
        <time>2026-08-04T13:42:01.551Z</time>
      </trkpt>
      <trkpt lat="43.354182" lon="16.565496">
        <ele>342.325168</ele>
        <time>2026-08-04T13:42:54.781Z</time>
      </trkpt>
      <trkpt lat="43.353752" lon="16.565457">
        <ele>345.828218</ele>
        <time>2026-08-04T13:43:22.540Z</time>
      </trkpt>
      <trkpt lat="43.353451" lon="16.565247">
        <ele>348.326441</ele>
        <time>2026-08-04T13:43:41.475Z</time>
      </trkpt>
      <trkpt lat="43.353347" lon="16.565238">
        <ele>348.736459</ele>
        <time>2026-08-04T13:43:47.022Z</time>
      </trkpt>
      <trkpt lat="43.353233" lon="16.565142">
        <ele>349.262426</ele>
        <time>2026-08-04T13:43:52.319Z</time>
      </trkpt>
      <trkpt lat="43.353009" lon="16.564986">
        <ele>350.250366</ele>
        <time>2026-08-04T13:44:01.884Z</time>
      </trkpt>
      <trkpt lat="43.352708" lon="16.564601">
        <ele>351.867774</ele>
        <time>2026-08-04T13:44:17.944Z</time>
      </trkpt>
      <trkpt lat="43.352431" lon="16.564038">
        <ele>353.812656</ele>
        <time>2026-08-04T13:44:37.569Z</time>
      </trkpt>
      <trkpt lat="43.352189" lon="16.563706">
        <ele>355.157634</ele>
        <time>2026-08-04T13:44:50.309Z</time>
      </trkpt>
      <trkpt lat="43.351900" lon="16.563561">
        <ele>354.880492</ele>
        <time>2026-08-04T13:45:00.080Z</time>
      </trkpt>
      <trkpt lat="43.351323" lon="16.563642">
        <ele>354.321174</ele>
        <time>2026-08-04T13:45:13.775Z</time>
      </trkpt>
      <trkpt lat="43.350394" lon="16.563828">
        <ele>353.292898</ele>
        <time>2026-08-04T13:45:27.374Z</time>
      </trkpt>
      <trkpt lat="43.350154" lon="16.563865">
        <ele>351.812200</ele>
        <time>2026-08-04T13:45:30.512Z</time>
      </trkpt>
      <trkpt lat="43.349928" lon="16.563843">
        <ele>350.423089</ele>
        <time>2026-08-04T13:45:33.423Z</time>
      </trkpt>
      <trkpt lat="43.349720" lon="16.563747">
        <ele>349.077897</ele>
        <time>2026-08-04T13:45:36.221Z</time>
      </trkpt>
      <trkpt lat="43.349050" lon="16.563291">
        <ele>344.494443</ele>
        <time>2026-08-04T13:45:45.672Z</time>
      </trkpt>
      <trkpt lat="43.348883" lon="16.563217">
        <ele>343.418695</ele>
        <time>2026-08-04T13:45:47.890Z</time>
      </trkpt>
      <trkpt lat="43.348748" lon="16.563205">
        <ele>342.589259</ele>
        <time>2026-08-04T13:45:49.618Z</time>
      </trkpt>
      <trkpt lat="43.348296" lon="16.563256">
        <ele>339.772292</ele>
        <time>2026-08-04T13:45:55.416Z</time>
      </trkpt>
      <trkpt lat="43.347901" lon="16.563265">
        <ele>337.316301</ele>
        <time>2026-08-04T13:46:00.488Z</time>
      </trkpt>
      <trkpt lat="43.347173" lon="16.563073">
        <ele>332.707950</ele>
        <time>2026-08-04T13:46:10.020Z</time>
      </trkpt>
      <trkpt lat="43.346110" lon="16.562793">
        <ele>327.063692</ele>
        <time>2026-08-04T13:46:24.173Z</time>
      </trkpt>
      <trkpt lat="43.345816" lon="16.562722">
        <ele>325.591283</ele>
        <time>2026-08-04T13:46:28.140Z</time>
      </trkpt>
      <trkpt lat="43.344408" lon="16.562385">
        <ele>321.119454</ele>
        <time>2026-08-04T13:46:47.984Z</time>
      </trkpt>
      <trkpt lat="43.344129" lon="16.562318">
        <ele>320.666322</ele>
        <time>2026-08-04T13:46:52.347Z</time>
      </trkpt>
      <trkpt lat="43.343297" lon="16.562069">
        <ele>319.863922</ele>
        <time>2026-08-04T13:47:09.696Z</time>
      </trkpt>
      <trkpt lat="43.343123" lon="16.561906">
        <ele>320.603246</ele>
        <time>2026-08-04T13:47:16.740Z</time>
      </trkpt>
      <trkpt lat="43.342967" lon="16.561923">
        <ele>321.152760</ele>
        <time>2026-08-04T13:47:22.903Z</time>
      </trkpt>
      <trkpt lat="43.342473" lon="16.561752">
        <ele>322.941571</ele>
        <time>2026-08-04T13:47:45.185Z</time>
      </trkpt>
      <trkpt lat="43.342224" lon="16.561718">
        <ele>323.820239</ele>
        <time>2026-08-04T13:47:57.132Z</time>
      </trkpt>
      <trkpt lat="43.342111" lon="16.561735">
        <ele>324.219408</ele>
        <time>2026-08-04T13:48:02.545Z</time>
      </trkpt>
      <trkpt lat="43.341943" lon="16.561864">
        <ele>324.895096</ele>
        <time>2026-08-04T13:48:11.528Z</time>
      </trkpt>
      <trkpt lat="43.341724" lon="16.562233">
        <ele>325.584415</ele>
        <time>2026-08-04T13:48:26.183Z</time>
      </trkpt>
      <trkpt lat="43.341568" lon="16.562413">
        <ele>325.107582</ele>
        <time>2026-08-04T13:48:32.674Z</time>
      </trkpt>
      <trkpt lat="43.341487" lon="16.562456">
        <ele>324.904281</ele>
        <time>2026-08-04T13:48:34.784Z</time>
      </trkpt>
      <trkpt lat="43.341406" lon="16.562447">
        <ele>324.714006</ele>
        <time>2026-08-04T13:48:36.505Z</time>
      </trkpt>
      <trkpt lat="43.340957" lon="16.562198">
        <ele>323.580413</ele>
        <time>2026-08-04T13:48:44.277Z</time>
      </trkpt>
      <trkpt lat="43.340666" lon="16.562182">
        <ele>322.898510</ele>
        <time>2026-08-04T13:48:48.542Z</time>
      </trkpt>
      <trkpt lat="43.340517" lon="16.561790">
        <ele>322.145305</ele>
        <time>2026-08-04T13:48:53.127Z</time>
      </trkpt>
      <trkpt lat="43.340494" lon="16.561733">
        <ele>322.034301</ele>
        <time>2026-08-04T13:48:53.764Z</time>
      </trkpt>
      <trkpt lat="43.340420" lon="16.561486">
        <ele>321.572173</ele>
        <time>2026-08-04T13:48:56.407Z</time>
      </trkpt>
      <trkpt lat="43.340413" lon="16.561366">
        <ele>321.033099</ele>
        <time>2026-08-04T13:48:57.589Z</time>
      </trkpt>
      <trkpt lat="43.340443" lon="16.561268">
        <ele>320.556976</ele>
        <time>2026-08-04T13:48:58.599Z</time>
      </trkpt>
      <trkpt lat="43.340721" lon="16.561050">
        <ele>318.586536</ele>
        <time>2026-08-04T13:49:02.779Z</time>
      </trkpt>
      <trkpt lat="43.340997" lon="16.560807">
        <ele>316.568687</ele>
        <time>2026-08-04T13:49:07.114Z</time>
      </trkpt>
      <trkpt lat="43.341013" lon="16.560791">
        <ele>316.446877</ele>
        <time>2026-08-04T13:49:07.392Z</time>
      </trkpt>
      <trkpt lat="43.341212" lon="16.559864">
        <ele>312.118860</ele>
        <time>2026-08-04T13:49:16.816Z</time>
      </trkpt>
      <trkpt lat="43.341206" lon="16.559718">
        <ele>311.464053</ele>
        <time>2026-08-04T13:49:18.234Z</time>
      </trkpt>
      <trkpt lat="43.340790" lon="16.560169">
        <ele>308.392724</ele>
        <time>2026-08-04T13:49:25.076Z</time>
      </trkpt>
      <trkpt lat="43.340521" lon="16.560428">
        <ele>306.537635</ele>
        <time>2026-08-04T13:49:29.267Z</time>
      </trkpt>
      <trkpt lat="43.340282" lon="16.560636">
        <ele>304.939813</ele>
        <time>2026-08-04T13:49:32.968Z</time>
      </trkpt>
      <trkpt lat="43.339783" lon="16.560997">
        <ele>301.754604</ele>
        <time>2026-08-04T13:49:40.376Z</time>
      </trkpt>
      <trkpt lat="43.339646" lon="16.561151">
        <ele>300.754980</ele>
        <time>2026-08-04T13:49:42.687Z</time>
      </trkpt>
      <trkpt lat="43.338978" lon="16.562250">
        <ele>297.519413</ele>
        <time>2026-08-04T13:49:56.563Z</time>
      </trkpt>
      <trkpt lat="43.338442" lon="16.563083">
        <ele>295.159214</ele>
        <time>2026-08-04T13:50:09.942Z</time>
      </trkpt>
      <trkpt lat="43.338349" lon="16.563171">
        <ele>295.412183</ele>
        <time>2026-08-04T13:50:12.380Z</time>
      </trkpt>
      <trkpt lat="43.337847" lon="16.563738">
        <ele>297.584081</ele>
        <time>2026-08-04T13:50:31.460Z</time>
      </trkpt>
      <trkpt lat="43.336663" lon="16.564847">
        <ele>302.889902</ele>
        <time>2026-08-04T13:51:35.354Z</time>
      </trkpt>
      <trkpt lat="43.336366" lon="16.565188">
        <ele>304.713903</ele>
        <time>2026-08-04T13:51:52.540Z</time>
      </trkpt>
      <trkpt lat="43.335510" lon="16.565632">
        <ele>309.026604</ele>
        <time>2026-08-04T13:52:30.593Z</time>
      </trkpt>
      <trkpt lat="43.334672" lon="16.566533">
        <ele>313.885732</ele>
        <time>2026-08-04T13:53:14.220Z</time>
      </trkpt>
      <trkpt lat="43.333970" lon="16.567310">
        <ele>317.958349</ele>
        <time>2026-08-04T13:53:52.792Z</time>
      </trkpt>
      <trkpt lat="43.333562" lon="16.567717">
        <ele>319.956809</ele>
        <time>2026-08-04T13:54:14.690Z</time>
      </trkpt>
      <trkpt lat="43.333286" lon="16.567993">
        <ele>321.309857</ele>
        <time>2026-08-04T13:54:28.893Z</time>
      </trkpt>
      <trkpt lat="43.333126" lon="16.568213">
        <ele>322.206989</ele>
        <time>2026-08-04T13:54:37.184Z</time>
      </trkpt>
      <trkpt lat="43.332783" lon="16.569121">
        <ele>325.176287</ele>
        <time>2026-08-04T13:55:03.051Z</time>
      </trkpt>
      <trkpt lat="43.332788" lon="16.568880">
        <ele>325.923572</ele>
        <time>2026-08-04T13:55:11.413Z</time>
      </trkpt>
      <trkpt lat="43.332825" lon="16.568682">
        <ele>326.557203</ele>
        <time>2026-08-04T13:55:18.623Z</time>
      </trkpt>
      <trkpt lat="43.332825" lon="16.568631">
        <ele>326.715278</ele>
        <time>2026-08-04T13:55:20.410Z</time>
      </trkpt>
      <trkpt lat="43.332825" lon="16.568682">
        <ele>326.873353</ele>
        <time>2026-08-04T13:55:22.224Z</time>
      </trkpt>
      <trkpt lat="43.332788" lon="16.568880">
        <ele>327.506984</ele>
        <time>2026-08-04T13:55:29.563Z</time>
      </trkpt>
      <trkpt lat="43.332783" lon="16.569121">
        <ele>328.254268</ele>
        <time>2026-08-04T13:55:38.338Z</time>
      </trkpt>
      <trkpt lat="43.332090" lon="16.571199">
        <ele>336.021523</ele>
        <time>2026-08-04T13:56:51.748Z</time>
      </trkpt>
      <trkpt lat="43.331951" lon="16.571468">
        <ele>337.296009</ele>
        <time>2026-08-04T13:57:03.212Z</time>
      </trkpt>
      <trkpt lat="43.331809" lon="16.571590">
        <ele>338.185169</ele>
        <time>2026-08-04T13:57:11.090Z</time>
      </trkpt>
      <trkpt lat="43.331447" lon="16.571795">
        <ele>340.264099</ele>
        <time>2026-08-04T13:57:28.983Z</time>
      </trkpt>
      <trkpt lat="43.331199" lon="16.571939">
        <ele>341.693630</ele>
        <time>2026-08-04T13:57:41.285Z</time>
      </trkpt>
      <trkpt lat="43.331052" lon="16.572123">
        <ele>342.745704</ele>
        <time>2026-08-04T13:57:50.530Z</time>
      </trkpt>
      <trkpt lat="43.330922" lon="16.572175">
        <ele>343.460542</ele>
        <time>2026-08-04T13:57:57.097Z</time>
      </trkpt>
      <trkpt lat="43.330795" lon="16.572160">
        <ele>344.133548</ele>
        <time>2026-08-04T13:58:03.312Z</time>
      </trkpt>
      <trkpt lat="43.330548" lon="16.571932">
        <ele>345.704367</ele>
        <time>2026-08-04T13:58:18.001Z</time>
      </trkpt>
      <trkpt lat="43.330496" lon="16.572004">
        <ele>346.094035</ele>
        <time>2026-08-04T13:58:21.581Z</time>
      </trkpt>
      <trkpt lat="43.330294" lon="16.572273">
        <ele>347.578891</ele>
        <time>2026-08-04T13:58:34.397Z</time>
      </trkpt>
      <trkpt lat="43.330197" lon="16.572837">
        <ele>349.804704</ele>
        <time>2026-08-04T13:58:52.457Z</time>
      </trkpt>
      <trkpt lat="43.330207" lon="16.573010">
        <ele>350.471221</ele>
        <time>2026-08-04T13:58:57.995Z</time>
      </trkpt>
      <trkpt lat="43.330287" lon="16.573207">
        <ele>351.337735</ele>
        <time>2026-08-04T13:59:05.376Z</time>
      </trkpt>
      <trkpt lat="43.330343" lon="16.573350">
        <ele>352.050367</ele>
        <time>2026-08-04T13:59:10.845Z</time>
      </trkpt>
      <trkpt lat="43.330395" lon="16.573495">
        <ele>352.831641</ele>
        <time>2026-08-04T13:59:16.171Z</time>
      </trkpt>
      <trkpt lat="43.330401" lon="16.573768">
        <ele>354.151569</ele>
        <time>2026-08-04T13:59:25.950Z</time>
      </trkpt>
      <trkpt lat="43.330445" lon="16.573908">
        <ele>354.888596</ele>
        <time>2026-08-04T13:59:31.582Z</time>
      </trkpt>
      <trkpt lat="43.330402" lon="16.573982">
        <ele>355.346312</ele>
        <time>2026-08-04T13:59:35.354Z</time>
      </trkpt>
      <trkpt lat="43.330385" lon="16.574038">
        <ele>355.639565</ele>
        <time>2026-08-04T13:59:37.658Z</time>
      </trkpt>
      <trkpt lat="43.330418" lon="16.574935">
        <ele>359.980031</ele>
        <time>2026-08-04T14:00:11.116Z</time>
      </trkpt>
      <trkpt lat="43.330418" lon="16.575355">
        <ele>362.009762</ele>
        <time>2026-08-04T14:00:28.161Z</time>
      </trkpt>
      <trkpt lat="43.330424" lon="16.575523">
        <ele>362.822632</ele>
        <time>2026-08-04T14:00:35.463Z</time>
      </trkpt>
      <trkpt lat="43.330387" lon="16.575606">
        <ele>363.293077</ele>
        <time>2026-08-04T14:00:39.571Z</time>
      </trkpt>
      <trkpt lat="43.329935" lon="16.575682">
        <ele>366.938907</ele>
        <time>2026-08-04T14:01:08.992Z</time>
      </trkpt>
      <trkpt lat="43.329600" lon="16.575953">
        <ele>370.103675</ele>
        <time>2026-08-04T14:01:36.898Z</time>
      </trkpt>
      <trkpt lat="43.329843" lon="16.576071">
        <ele>372.201985</ele>
        <time>2026-08-04T14:01:51.420Z</time>
      </trkpt>
      <trkpt lat="43.330035" lon="16.576237">
        <ele>374.048706</ele>
        <time>2026-08-04T14:02:02.726Z</time>
      </trkpt>
      <trkpt lat="43.330198" lon="16.576445">
        <ele>375.859476</ele>
        <time>2026-08-04T14:02:14.261Z</time>
      </trkpt>
      <trkpt lat="43.330248" lon="16.576674">
        <ele>377.275527</ele>
        <time>2026-08-04T14:02:24.020Z</time>
      </trkpt>
      <trkpt lat="43.330310" lon="16.576753">
        <ele>377.963816</ele>
        <time>2026-08-04T14:02:28.927Z</time>
      </trkpt>
      <trkpt lat="43.330821" lon="16.576722">
        <ele>383.975396</ele>
        <time>2026-08-04T14:03:03.515Z</time>
      </trkpt>
      <trkpt lat="43.330808" lon="16.576854">
        <ele>385.136304</ele>
        <time>2026-08-04T14:03:10.848Z</time>
      </trkpt>
      <trkpt lat="43.330779" lon="16.576907">
        <ele>385.714305</ele>
        <time>2026-08-04T14:03:14.423Z</time>
      </trkpt>
      <trkpt lat="43.330787" lon="16.577031">
        <ele>386.799238</ele>
        <time>2026-08-04T14:03:21.348Z</time>
      </trkpt>
      <trkpt lat="43.330895" lon="16.577268">
        <ele>389.236596</ele>
        <time>2026-08-04T14:03:36.752Z</time>
      </trkpt>
      <trkpt lat="43.330898" lon="16.577356">
        <ele>390.004378</ele>
        <time>2026-08-04T14:03:41.621Z</time>
      </trkpt>
      <trkpt lat="43.330897" lon="16.577460">
        <ele>390.910841</ele>
        <time>2026-08-04T14:03:47.265Z</time>
      </trkpt>
      <trkpt lat="43.330465" lon="16.577996">
        <ele>397.883064</ele>
        <time>2026-08-04T14:04:40.572Z</time>
      </trkpt>
      <trkpt lat="43.329937" lon="16.578410">
        <ele>405.941228</ele>
        <time>2026-08-04T14:05:45.425Z</time>
      </trkpt>
      <trkpt lat="43.329705" lon="16.578592">
        <ele>409.600825</ele>
        <time>2026-08-04T14:06:11.729Z</time>
      </trkpt>
      <trkpt lat="43.329477" lon="16.578905">
        <ele>414.015311</ele>
        <time>2026-08-04T14:06:41.704Z</time>
      </trkpt>
      <trkpt lat="43.329060" lon="16.579087">
        <ele>420.009393</ele>
        <time>2026-08-04T14:07:18.786Z</time>
      </trkpt>
      <trkpt lat="43.328933" lon="16.579061">
        <ele>421.768531</ele>
        <time>2026-08-04T14:07:28.877Z</time>
      </trkpt>
      <trkpt lat="43.328725" lon="16.579203">
        <ele>424.675407</ele>
        <time>2026-08-04T14:07:46.286Z</time>
      </trkpt>
      <trkpt lat="43.328558" lon="16.579276">
        <ele>425.868802</ele>
        <time>2026-08-04T14:07:58.531Z</time>
      </trkpt>
      <trkpt lat="43.328238" lon="16.579542">
        <ele>428.415457</ele>
        <time>2026-08-04T14:08:26.939Z</time>
      </trkpt>
      <trkpt lat="43.327975" lon="16.579845">
        <ele>430.752328</ele>
        <time>2026-08-04T14:08:50.234Z</time>
      </trkpt>
      <trkpt lat="43.327723" lon="16.580039">
        <ele>432.719250</ele>
        <time>2026-08-04T14:09:07.411Z</time>
      </trkpt>
      <trkpt lat="43.327459" lon="16.579945">
        <ele>434.576441</ele>
        <time>2026-08-04T14:09:21.332Z</time>
      </trkpt>
      <trkpt lat="43.327248" lon="16.579811">
        <ele>436.159297</ele>
        <time>2026-08-04T14:09:32.489Z</time>
      </trkpt>
      <trkpt lat="43.327024" lon="16.579603">
        <ele>437.788806</ele>
        <time>2026-08-04T14:09:45.569Z</time>
      </trkpt>
      <trkpt lat="43.326821" lon="16.579508">
        <ele>439.020102</ele>
        <time>2026-08-04T14:09:56.504Z</time>
      </trkpt>
      <trkpt lat="43.326591" lon="16.579494">
        <ele>440.342031</ele>
        <time>2026-08-04T14:10:10.062Z</time>
      </trkpt>
      <trkpt lat="43.326391" lon="16.579641">
        <ele>441.644254</ele>
        <time>2026-08-04T14:10:23.844Z</time>
      </trkpt>
      <trkpt lat="43.326188" lon="16.580208">
        <ele>444.283897</ele>
        <time>2026-08-04T14:10:52.202Z</time>
      </trkpt>
      <trkpt lat="43.326109" lon="16.580353">
        <ele>445.040594</ele>
        <time>2026-08-04T14:11:00.854Z</time>
      </trkpt>
      <trkpt lat="43.325949" lon="16.580604">
        <ele>446.434586</ele>
        <time>2026-08-04T14:11:17.367Z</time>
      </trkpt>
      <trkpt lat="43.325771" lon="16.580796">
        <ele>447.908711</ele>
        <time>2026-08-04T14:11:33.399Z</time>
      </trkpt>
      <trkpt lat="43.325644" lon="16.580885">
        <ele>448.917311</ele>
        <time>2026-08-04T14:11:43.914Z</time>
      </trkpt>
      <trkpt lat="43.325472" lon="16.580923">
        <ele>450.149888</ele>
        <time>2026-08-04T14:11:56.555Z</time>
      </trkpt>
      <trkpt lat="43.325263" lon="16.580847">
        <ele>451.679502</ele>
        <time>2026-08-04T14:12:12.141Z</time>
      </trkpt>
      <trkpt lat="43.324994" lon="16.580921">
        <ele>453.620510</ele>
        <time>2026-08-04T14:12:30.341Z</time>
      </trkpt>
      <trkpt lat="43.323692" lon="16.582269">
        <ele>465.744399</ele>
        <time>2026-08-04T14:14:16.425Z</time>
      </trkpt>
      <trkpt lat="43.323066" lon="16.582791">
        <ele>471.487037</ele>
        <time>2026-08-04T14:15:09.565Z</time>
      </trkpt>
      <trkpt lat="43.322643" lon="16.583048">
        <ele>475.522822</ele>
        <time>2026-08-04T14:15:45.945Z</time>
      </trkpt>
      <trkpt lat="43.322389" lon="16.583334">
        <ele>478.906672</ele>
        <time>2026-08-04T14:16:12.828Z</time>
      </trkpt>
      <trkpt lat="43.321709" lon="16.584510">
        <ele>490.169709</ele>
        <time>2026-08-04T14:17:50.344Z</time>
      </trkpt>
      <trkpt lat="43.321638" lon="16.584976">
        <ele>492.803135</ele>
        <time>2026-08-04T14:18:19.455Z</time>
      </trkpt>
      <trkpt lat="43.321629" lon="16.585208">
        <ele>493.371134</ele>
        <time>2026-08-04T14:18:32.090Z</time>
      </trkpt>
      <trkpt lat="43.321557" lon="16.585300">
        <ele>493.701486</ele>
        <time>2026-08-04T14:18:38.943Z</time>
      </trkpt>
      <trkpt lat="43.321425" lon="16.585314">
        <ele>494.146388</ele>
        <time>2026-08-04T14:18:47.784Z</time>
      </trkpt>
      <trkpt lat="43.321327" lon="16.585209">
        <ele>494.563946</ele>
        <time>2026-08-04T14:18:55.424Z</time>
      </trkpt>
      <trkpt lat="43.321279" lon="16.584909">
        <ele>495.314918</ele>
        <time>2026-08-04T14:19:07.126Z</time>
      </trkpt>
      <trkpt lat="43.321171" lon="16.583717">
        <ele>498.251652</ele>
        <time>2026-08-04T14:19:32.158Z</time>
      </trkpt>
      <trkpt lat="43.321090" lon="16.583507">
        <ele>499.065775</ele>
        <time>2026-08-04T14:19:37.004Z</time>
      </trkpt>
      <trkpt lat="43.320839" lon="16.583100">
        <ele>501.063669</ele>
        <time>2026-08-04T14:19:51.008Z</time>
      </trkpt>
      <trkpt lat="43.320729" lon="16.583004">
        <ele>501.734312</ele>
        <time>2026-08-04T14:19:56.995Z</time>
      </trkpt>
      <trkpt lat="43.320629" lon="16.582976">
        <ele>502.259576</ele>
        <time>2026-08-04T14:20:02.232Z</time>
      </trkpt>
      <trkpt lat="43.320568" lon="16.582992">
        <ele>502.579205</ele>
        <time>2026-08-04T14:20:05.435Z</time>
      </trkpt>
      <trkpt lat="43.320065" lon="16.583223">
        <ele>505.308795</ele>
        <time>2026-08-04T14:20:38.269Z</time>
      </trkpt>
      <trkpt lat="43.319632" lon="16.583320">
        <ele>507.566825</ele>
        <time>2026-08-04T14:21:14.943Z</time>
      </trkpt>
      <trkpt lat="43.319491" lon="16.583401">
        <ele>508.927640</ele>
        <time>2026-08-04T14:21:30.017Z</time>
      </trkpt>
      <trkpt lat="43.319361" lon="16.583559">
        <ele>510.552030</ele>
        <time>2026-08-04T14:21:46.877Z</time>
      </trkpt>
      <trkpt lat="43.319249" lon="16.583753">
        <ele>512.238651</ele>
        <time>2026-08-04T14:22:03.205Z</time>
      </trkpt>
      <trkpt lat="43.319104" lon="16.584115">
        <ele>515.052920</ele>
        <time>2026-08-04T14:22:27.921Z</time>
      </trkpt>
      <trkpt lat="43.319066" lon="16.584372">
        <ele>516.838949</ele>
        <time>2026-08-04T14:22:42.632Z</time>
      </trkpt>
      <trkpt lat="43.319080" lon="16.584744">
        <ele>519.375773</ele>
        <time>2026-08-04T14:23:02.641Z</time>
      </trkpt>
      <trkpt lat="43.319117" lon="16.584977">
        <ele>520.999933</ele>
        <time>2026-08-04T14:23:15.139Z</time>
      </trkpt>
      <trkpt lat="43.319404" lon="16.585869">
        <ele>527.036461</ele>
        <time>2026-08-04T14:24:06.187Z</time>
      </trkpt>
      <trkpt lat="43.319473" lon="16.586233">
        <ele>529.106105</ele>
        <time>2026-08-04T14:24:25.383Z</time>
      </trkpt>
      <trkpt lat="43.319588" lon="16.586502">
        <ele>530.822790</ele>
        <time>2026-08-04T14:24:40.934Z</time>
      </trkpt>
      <trkpt lat="43.319915" lon="16.586819">
        <ele>533.848978</ele>
        <time>2026-08-04T14:25:08.191Z</time>
      </trkpt>
      <trkpt lat="43.319974" lon="16.586933">
        <ele>534.618732</ele>
        <time>2026-08-04T14:25:15.009Z</time>
      </trkpt>
      <trkpt lat="43.319976" lon="16.587178">
        <ele>535.966830</ele>
        <time>2026-08-04T14:25:27.186Z</time>
      </trkpt>
      <trkpt lat="43.319630" lon="16.587756">
        <ele>540.082408</ele>
        <time>2026-08-04T14:26:04.928Z</time>
      </trkpt>
      <trkpt lat="43.319227" lon="16.588559">
        <ele>545.442391</ele>
        <time>2026-08-04T14:26:55.830Z</time>
      </trkpt>
      <trkpt lat="43.318810" lon="16.589298">
        <ele>550.580978</ele>
        <time>2026-08-04T14:27:45.330Z</time>
      </trkpt>
      <trkpt lat="43.318453" lon="16.589742">
        <ele>552.888642</ele>
        <time>2026-08-04T14:28:16.403Z</time>
      </trkpt>
      <trkpt lat="43.318176" lon="16.590165">
        <ele>554.381833</ele>
        <time>2026-08-04T14:28:39.228Z</time>
      </trkpt>
      <trkpt lat="43.317720" lon="16.590791">
        <ele>556.706041</ele>
        <time>2026-08-04T14:29:07.785Z</time>
      </trkpt>
      <trkpt lat="43.317373" lon="16.591187">
        <ele>558.272952</ele>
        <time>2026-08-04T14:29:24.198Z</time>
      </trkpt>
      <trkpt lat="43.317269" lon="16.591339">
        <ele>558.630264</ele>
        <time>2026-08-04T14:29:29.475Z</time>
      </trkpt>
      <trkpt lat="43.317028" lon="16.591579">
        <ele>559.330744</ele>
        <time>2026-08-04T14:29:40.352Z</time>
      </trkpt>
      <trkpt lat="43.316401" lon="16.591801">
        <ele>560.854683</ele>
        <time>2026-08-04T14:29:59.588Z</time>
      </trkpt>
      <trkpt lat="43.315928" lon="16.592060">
        <ele>562.053074</ele>
        <time>2026-08-04T14:30:16.963Z</time>
      </trkpt>
      <trkpt lat="43.315724" lon="16.592218">
        <ele>562.936739</ele>
        <time>2026-08-04T14:30:25.373Z</time>
      </trkpt>
      <trkpt lat="43.315594" lon="16.592356">
        <ele>563.936160</ele>
        <time>2026-08-04T14:30:31.783Z</time>
      </trkpt>
      <trkpt lat="43.315036" lon="16.593040">
        <ele>568.485377</ele>
        <time>2026-08-04T14:31:07.558Z</time>
      </trkpt>
      <trkpt lat="43.314832" lon="16.593266">
        <ele>570.079611</ele>
        <time>2026-08-04T14:31:21.786Z</time>
      </trkpt>
      <trkpt lat="43.314482" lon="16.593575">
        <ele>572.610643</ele>
        <time>2026-08-04T14:31:45.859Z</time>
      </trkpt>
      <trkpt lat="43.314189" lon="16.593764">
        <ele>574.481858</ele>
        <time>2026-08-04T14:32:05.512Z</time>
      </trkpt>
      <trkpt lat="43.313507" lon="16.594003">
        <ele>578.425946</ele>
        <time>2026-08-04T14:32:46.258Z</time>
      </trkpt>
      <trkpt lat="43.313392" lon="16.594043">
        <ele>579.090703</ele>
        <time>2026-08-04T14:32:52.244Z</time>
      </trkpt>
      <trkpt lat="43.312394" lon="16.594492">
        <ele>583.680302</ele>
        <time>2026-08-04T14:33:30.048Z</time>
      </trkpt>
      <trkpt lat="43.311578" lon="16.594897">
        <ele>584.500997</ele>
        <time>2026-08-04T14:33:48.630Z</time>
      </trkpt>
      <trkpt lat="43.309587" lon="16.597036">
        <ele>585.332215</ele>
        <time>2026-08-04T14:34:37.847Z</time>
      </trkpt>
      <trkpt lat="43.308609" lon="16.597666">
        <ele>586.123837</ele>
        <time>2026-08-04T14:35:00.825Z</time>
      </trkpt>
      <trkpt lat="43.308455" lon="16.597765">
        <ele>586.248444</ele>
        <time>2026-08-04T14:35:04.725Z</time>
      </trkpt>
      <trkpt lat="43.308189" lon="16.597831">
        <ele>586.446549</ele>
        <time>2026-08-04T14:35:11.276Z</time>
      </trkpt>
      <trkpt lat="43.307752" lon="16.597819">
        <ele>587.327354</ele>
        <time>2026-08-04T14:35:22.988Z</time>
      </trkpt>
      <trkpt lat="43.307482" lon="16.597956">
        <ele>588.226570</ele>
        <time>2026-08-04T14:35:31.671Z</time>
      </trkpt>
      <trkpt lat="43.306964" lon="16.598371">
        <ele>590.099884</ele>
        <time>2026-08-04T14:35:52.338Z</time>
      </trkpt>
      <trkpt lat="43.306485" lon="16.598825">
        <ele>591.917839</ele>
        <time>2026-08-04T14:36:15.014Z</time>
      </trkpt>
      <trkpt lat="43.306094" lon="16.599256">
        <ele>594.763052</ele>
        <time>2026-08-04T14:36:37.029Z</time>
      </trkpt>
      <trkpt lat="43.305867" lon="16.599577">
        <ele>596.806247</ele>
        <time>2026-08-04T14:36:52.515Z</time>
      </trkpt>
      <trkpt lat="43.305783" lon="16.599685">
        <ele>597.527832</ele>
        <time>2026-08-04T14:36:58.163Z</time>
      </trkpt>
      <trkpt lat="43.305013" lon="16.601530">
        <ele>608.842958</ele>
        <time>2026-08-04T14:38:24.644Z</time>
      </trkpt>
      <trkpt lat="43.304833" lon="16.601721">
        <ele>610.882315</ele>
        <time>2026-08-04T14:38:39.209Z</time>
      </trkpt>
      <trkpt lat="43.304492" lon="16.601857">
        <ele>614.066393</ele>
        <time>2026-08-04T14:39:02.895Z</time>
      </trkpt>
      <trkpt lat="43.304198" lon="16.602376">
        <ele>618.358441</ele>
        <time>2026-08-04T14:39:36.259Z</time>
      </trkpt>
      <trkpt lat="43.303977" lon="16.602716">
        <ele>621.541134</ele>
        <time>2026-08-04T14:40:00.210Z</time>
      </trkpt>
      <trkpt lat="43.303777" lon="16.602840">
        <ele>623.748133</ele>
        <time>2026-08-04T14:40:16.335Z</time>
      </trkpt>
      <trkpt lat="43.303545" lon="16.602912">
        <ele>626.140495</ele>
        <time>2026-08-04T14:40:33.770Z</time>
      </trkpt>
      <trkpt lat="43.302241" lon="16.602905">
        <ele>638.959419</ele>
        <time>2026-08-04T14:42:03.986Z</time>
      </trkpt>
      <trkpt lat="43.302072" lon="16.602845">
        <ele>640.375658</ele>
        <time>2026-08-04T14:42:14.991Z</time>
      </trkpt>
      <trkpt lat="43.301672" lon="16.602484">
        <ele>644.258543</ele>
        <time>2026-08-04T14:42:44.806Z</time>
      </trkpt>
      <trkpt lat="43.301079" lon="16.602141">
        <ele>649.478851</ele>
        <time>2026-08-04T14:43:23.054Z</time>
      </trkpt>
      <trkpt lat="43.300735" lon="16.602030">
        <ele>652.332772</ele>
        <time>2026-08-04T14:43:41.880Z</time>
      </trkpt>
      <trkpt lat="43.300367" lon="16.602081">
        <ele>654.182551</ele>
        <time>2026-08-04T14:44:00.595Z</time>
      </trkpt>
      <trkpt lat="43.299922" lon="16.602190">
        <ele>656.443170</ele>
        <time>2026-08-04T14:44:22.161Z</time>
      </trkpt>
      <trkpt lat="43.299695" lon="16.602187">
        <ele>657.578495</ele>
        <time>2026-08-04T14:44:32.347Z</time>
      </trkpt>
      <trkpt lat="43.298780" lon="16.602064">
        <ele>661.626668</ele>
        <time>2026-08-04T14:45:07.162Z</time>
      </trkpt>
      <trkpt lat="43.298661" lon="16.602072">
        <ele>661.845708</ele>
        <time>2026-08-04T14:45:11.231Z</time>
      </trkpt>
      <trkpt lat="43.298394" lon="16.602190">
        <ele>662.361346</ele>
        <time>2026-08-04T14:45:20.423Z</time>
      </trkpt>
      <trkpt lat="43.298405" lon="16.602452">
        <ele>662.712492</ele>
        <time>2026-08-04T14:45:28.597Z</time>
      </trkpt>
      <trkpt lat="43.298394" lon="16.602190">
        <ele>663.063637</ele>
        <time>2026-08-04T14:45:36.538Z</time>
      </trkpt>
      <trkpt lat="43.297231" lon="16.602991">
        <ele>664.699365</ele>
        <time>2026-08-04T14:46:06.187Z</time>
      </trkpt>
      <trkpt lat="43.296681" lon="16.603523">
        <ele>664.825039</ele>
        <time>2026-08-04T14:46:19.555Z</time>
      </trkpt>
      <trkpt lat="43.296363" lon="16.603901">
        <ele>664.903605</ele>
        <time>2026-08-04T14:46:27.650Z</time>
      </trkpt>
      <trkpt lat="43.295757" lon="16.604613">
        <ele>664.633589</ele>
        <time>2026-08-04T14:46:42.318Z</time>
      </trkpt>
      <trkpt lat="43.295530" lon="16.605135">
        <ele>664.378847</ele>
        <time>2026-08-04T14:46:50.028Z</time>
      </trkpt>
      <trkpt lat="43.295336" lon="16.605716">
        <ele>664.111056</ele>
        <time>2026-08-04T14:46:57.899Z</time>
      </trkpt>
      <trkpt lat="43.295231" lon="16.606206">
        <ele>663.946493</ele>
        <time>2026-08-04T14:47:04.139Z</time>
      </trkpt>
      <trkpt lat="43.295061" lon="16.607287">
        <ele>664.787672</ele>
        <time>2026-08-04T14:47:19.374Z</time>
      </trkpt>
      <trkpt lat="43.294957" lon="16.607528">
        <ele>665.000773</ele>
        <time>2026-08-04T14:47:24.269Z</time>
      </trkpt>
      <trkpt lat="43.294079" lon="16.608349">
        <ele>666.861268</ele>
        <time>2026-08-04T14:47:57.796Z</time>
      </trkpt>
      <trkpt lat="43.293769" lon="16.608468">
        <ele>667.995619</ele>
        <time>2026-08-04T14:48:09.850Z</time>
      </trkpt>
      <trkpt lat="43.292897" lon="16.608584">
        <ele>671.083115</ele>
        <time>2026-08-04T14:48:42.991Z</time>
      </trkpt>
      <trkpt lat="43.292017" lon="16.608754">
        <ele>674.462932</ele>
        <time>2026-08-04T14:49:17.895Z</time>
      </trkpt>
      <trkpt lat="43.291569" lon="16.608860">
        <ele>676.255868</ele>
        <time>2026-08-04T14:49:36.056Z</time>
      </trkpt>
      <trkpt lat="43.291143" lon="16.609250">
        <ele>678.274883</ele>
        <time>2026-08-04T14:49:56.301Z</time>
      </trkpt>
      <trkpt lat="43.290921" lon="16.609608">
        <ele>679.564047</ele>
        <time>2026-08-04T14:50:09.504Z</time>
      </trkpt>
      <trkpt lat="43.290780" lon="16.610280">
        <ele>681.264232</ele>
        <time>2026-08-04T14:50:28.121Z</time>
      </trkpt>
      <trkpt lat="43.290621" lon="16.610838">
        <ele>682.721000</ele>
        <time>2026-08-04T14:50:43.402Z</time>
      </trkpt>
      <trkpt lat="43.290428" lon="16.611128">
        <ele>683.676271</ele>
        <time>2026-08-04T14:50:53.180Z</time>
      </trkpt>
      <trkpt lat="43.290314" lon="16.611227">
        <ele>684.126708</ele>
        <time>2026-08-04T14:50:57.760Z</time>
      </trkpt>
      <trkpt lat="43.289261" lon="16.612163">
        <ele>688.639071</ele>
        <time>2026-08-04T14:51:41.581Z</time>
      </trkpt>
      <trkpt lat="43.288865" lon="16.612588">
        <ele>690.493616</ele>
        <time>2026-08-04T14:52:00.822Z</time>
      </trkpt>
      <trkpt lat="43.288702" lon="16.612837">
        <ele>691.393232</ele>
        <time>2026-08-04T14:52:10.735Z</time>
      </trkpt>
      <trkpt lat="43.288603" lon="16.613076">
        <ele>692.272184</ele>
        <time>2026-08-04T14:52:19.137Z</time>
      </trkpt>
      <trkpt lat="43.288591" lon="16.613454">
        <ele>693.837312</ele>
        <time>2026-08-04T14:52:31.165Z</time>
      </trkpt>
      <trkpt lat="43.288640" lon="16.614612">
        <ele>698.635601</ele>
        <time>2026-08-04T14:53:11.627Z</time>
      </trkpt>
      <trkpt lat="43.288638" lon="16.614975">
        <ele>700.137235</ele>
        <time>2026-08-04T14:53:25.233Z</time>
      </trkpt>
      <trkpt lat="43.288597" lon="16.615273">
        <ele>701.391773</ele>
        <time>2026-08-04T14:53:36.692Z</time>
      </trkpt>
      <trkpt lat="43.288141" lon="16.616252">
        <ele>706.122639</ele>
        <time>2026-08-04T14:54:19.829Z</time>
      </trkpt>
      <trkpt lat="43.287664" lon="16.617094">
        <ele>710.453434</ele>
        <time>2026-08-04T14:54:55.762Z</time>
      </trkpt>
      <trkpt lat="43.287404" lon="16.617462">
        <ele>712.429231</ele>
        <time>2026-08-04T14:55:11.771Z</time>
      </trkpt>
      <trkpt lat="43.286966" lon="16.618080">
        <ele>715.030236</ele>
        <time>2026-08-04T14:55:36.642Z</time>
      </trkpt>
      <trkpt lat="43.286723" lon="16.618312">
        <ele>716.256121</ele>
        <time>2026-08-04T14:55:47.551Z</time>
      </trkpt>
      <trkpt lat="43.286548" lon="16.618398">
        <ele>717.026067</ele>
        <time>2026-08-04T14:55:54.500Z</time>
      </trkpt>
      <trkpt lat="43.285823" lon="16.618509">
        <ele>720.229098</ele>
        <time>2026-08-04T14:56:23.277Z</time>
      </trkpt>
      <trkpt lat="43.285411" lon="16.618603">
        <ele>722.620599</ele>
        <time>2026-08-04T14:56:41.163Z</time>
      </trkpt>
      <trkpt lat="43.285186" lon="16.618715">
        <ele>723.990964</ele>
        <time>2026-08-04T14:56:51.840Z</time>
      </trkpt>
      <trkpt lat="43.284973" lon="16.618869">
        <ele>725.369254</ele>
        <time>2026-08-04T14:57:03.103Z</time>
      </trkpt>
      <trkpt lat="43.284573" lon="16.619333">
        <ele>728.367109</ele>
        <time>2026-08-04T14:57:30.093Z</time>
      </trkpt>
      <trkpt lat="43.284336" lon="16.619565">
        <ele>730.039733</ele>
        <time>2026-08-04T14:57:46.184Z</time>
      </trkpt>
      <trkpt lat="43.284155" lon="16.619711">
        <ele>731.288316</ele>
        <time>2026-08-04T14:57:58.140Z</time>
      </trkpt>
      <trkpt lat="43.283580" lon="16.620054">
        <ele>735.017300</ele>
        <time>2026-08-04T14:58:34.212Z</time>
      </trkpt>
      <trkpt lat="43.283236" lon="16.620311">
        <ele>737.346653</ele>
        <time>2026-08-04T14:58:56.932Z</time>
      </trkpt>
      <trkpt lat="43.282360" lon="16.621271">
        <ele>742.896304</ele>
        <time>2026-08-04T14:59:33.701Z</time>
      </trkpt>
      <trkpt lat="43.282212" lon="16.621553">
        <ele>743.913135</ele>
        <time>2026-08-04T14:59:39.701Z</time>
      </trkpt>
      <trkpt lat="43.282118" lon="16.621866">
        <ele>744.903485</ele>
        <time>2026-08-04T14:59:47.801Z</time>
      </trkpt>
      <trkpt lat="43.281978" lon="16.621861">
        <ele>745.466174</ele>
        <time>2026-08-04T14:59:53.370Z</time>
      </trkpt>
      <trkpt lat="43.281919" lon="16.621841">
        <ele>745.710338</ele>
        <time>2026-08-04T14:59:55.932Z</time>
      </trkpt>
      <trkpt lat="43.281627" lon="16.621714">
        <ele>746.940955</ele>
        <time>2026-08-04T15:00:09.955Z</time>
      </trkpt>
      <trkpt lat="43.281574" lon="16.621610">
        <ele>747.312279</ele>
        <time>2026-08-04T15:00:14.411Z</time>
      </trkpt>
      <trkpt lat="43.281532" lon="16.621429">
        <ele>747.934988</ele>
        <time>2026-08-04T15:00:21.140Z</time>
      </trkpt>
      <trkpt lat="43.281536" lon="16.620646">
        <ele>752.477297</ele>
        <time>2026-08-04T15:00:56.403Z</time>
      </trkpt>
      <trkpt lat="43.281499" lon="16.620503">
        <ele>753.357680</ele>
        <time>2026-08-04T15:01:05.126Z</time>
      </trkpt>
      <trkpt lat="43.281307" lon="16.620219">
        <ele>755.606009</ele>
        <time>2026-08-04T15:01:30.041Z</time>
      </trkpt>
      <trkpt lat="43.280962" lon="16.619935">
        <ele>758.811003</ele>
        <time>2026-08-04T15:02:00.658Z</time>
      </trkpt>
      <trkpt lat="43.280884" lon="16.619871">
        <ele>759.534990</ele>
        <time>2026-08-04T15:02:06.152Z</time>
      </trkpt>
      <trkpt lat="43.280675" lon="16.619773">
        <ele>761.294766</ele>
        <time>2026-08-04T15:02:17.091Z</time>
      </trkpt>
      <trkpt lat="43.280445" lon="16.619804">
        <ele>762.011642</ele>
        <time>2026-08-04T15:02:24.988Z</time>
      </trkpt>
      <trkpt lat="43.280412" lon="16.619783">
        <ele>761.976833</ele>
        <time>2026-08-04T15:02:25.825Z</time>
      </trkpt>
      <trkpt lat="43.280355" lon="16.619711">
        <ele>761.902719</ele>
        <time>2026-08-04T15:02:27.306Z</time>
      </trkpt>
      <trkpt lat="43.280253" lon="16.619393">
        <ele>761.660591</ele>
        <time>2026-08-04T15:02:30.952Z</time>
      </trkpt>
      <trkpt lat="43.280190" lon="16.619306">
        <ele>761.575090</ele>
        <time>2026-08-04T15:02:32.115Z</time>
      </trkpt>
      <trkpt lat="43.280112" lon="16.619329">
        <ele>761.498735</ele>
        <time>2026-08-04T15:02:33.124Z</time>
      </trkpt>
      <trkpt lat="43.279816" lon="16.619623">
        <ele>761.149129</ele>
        <time>2026-08-04T15:02:37.976Z</time>
      </trkpt>
      <trkpt lat="43.279639" lon="16.619680">
        <ele>760.975129</ele>
        <time>2026-08-04T15:02:40.810Z</time>
      </trkpt>
      <trkpt lat="43.279467" lon="16.619918">
        <ele>760.741460</ele>
        <time>2026-08-04T15:02:44.894Z</time>
      </trkpt>
      <trkpt lat="43.279395" lon="16.619982">
        <ele>760.659379</ele>
        <time>2026-08-04T15:02:46.426Z</time>
      </trkpt>
      <trkpt lat="43.279316" lon="16.619948">
        <ele>760.580143</ele>
        <time>2026-08-04T15:02:47.856Z</time>
      </trkpt>
      <trkpt lat="43.279229" lon="16.619782">
        <ele>760.437622</ele>
        <time>2026-08-04T15:02:50.632Z</time>
      </trkpt>
      <trkpt lat="43.279316" lon="16.619948">
        <ele>760.513999</ele>
        <time>2026-08-04T15:02:53.623Z</time>
      </trkpt>
      <trkpt lat="43.279395" lon="16.619982">
        <ele>760.584721</ele>
        <time>2026-08-04T15:02:55.543Z</time>
      </trkpt>
      <trkpt lat="43.279467" lon="16.619918">
        <ele>760.657983</ele>
        <time>2026-08-04T15:02:57.414Z</time>
      </trkpt>
      <trkpt lat="43.279639" lon="16.619680">
        <ele>760.866544</ele>
        <time>2026-08-04T15:03:03.437Z</time>
      </trkpt>
      <trkpt lat="43.279816" lon="16.619623">
        <ele>761.021847</ele>
        <time>2026-08-04T15:03:08.659Z</time>
      </trkpt>
      <trkpt lat="43.280112" lon="16.619329">
        <ele>761.333888</ele>
        <time>2026-08-04T15:03:25.044Z</time>
      </trkpt>
      <trkpt lat="43.280190" lon="16.619306">
        <ele>761.402038</ele>
        <time>2026-08-04T15:03:29.205Z</time>
      </trkpt>
      <trkpt lat="43.280253" lon="16.619393">
        <ele>761.478352</ele>
        <time>2026-08-04T15:03:33.488Z</time>
      </trkpt>
      <trkpt lat="43.280355" lon="16.619711">
        <ele>761.694463</ele>
        <time>2026-08-04T15:03:42.372Z</time>
      </trkpt>
      <trkpt lat="43.280412" lon="16.619783">
        <ele>761.760614</ele>
        <time>2026-08-04T15:03:43.890Z</time>
      </trkpt>
      <trkpt lat="43.280445" lon="16.619804">
        <ele>761.791683</ele>
        <time>2026-08-04T15:03:44.524Z</time>
      </trkpt>
      <trkpt lat="43.280675" lon="16.619773">
        <ele>761.551069</ele>
        <time>2026-08-04T15:03:47.867Z</time>
      </trkpt>
      <trkpt lat="43.280884" lon="16.619871">
        <ele>759.764478</ele>
        <time>2026-08-04T15:03:50.725Z</time>
      </trkpt>
      <trkpt lat="43.280962" lon="16.619935">
        <ele>759.029460</ele>
        <time>2026-08-04T15:03:51.840Z</time>
      </trkpt>
      <trkpt lat="43.281307" lon="16.620219">
        <ele>755.775630</ele>
        <time>2026-08-04T15:03:56.562Z</time>
      </trkpt>
      <trkpt lat="43.281499" lon="16.620503">
        <ele>753.493042</ele>
        <time>2026-08-04T15:03:59.809Z</time>
      </trkpt>
      <trkpt lat="43.281536" lon="16.620646">
        <ele>752.599245</ele>
        <time>2026-08-04T15:04:01.093Z</time>
      </trkpt>
      <trkpt lat="43.281532" lon="16.621429">
        <ele>747.987723</ele>
        <time>2026-08-04T15:04:08.069Z</time>
      </trkpt>
      <trkpt lat="43.281574" lon="16.621610">
        <ele>747.141837</ele>
        <time>2026-08-04T15:04:09.866Z</time>
      </trkpt>
      <trkpt lat="43.281627" lon="16.621714">
        <ele>746.781037</ele>
        <time>2026-08-04T15:04:11.075Z</time>
      </trkpt>
      <trkpt lat="43.281919" lon="16.621841">
        <ele>745.585299</ele>
        <time>2026-08-04T15:04:15.109Z</time>
      </trkpt>
      <trkpt lat="43.281978" lon="16.621861">
        <ele>745.348054</ele>
        <time>2026-08-04T15:04:15.939Z</time>
      </trkpt>
      <trkpt lat="43.282118" lon="16.621866">
        <ele>744.801313</ele>
        <time>2026-08-04T15:04:17.860Z</time>
      </trkpt>
      <trkpt lat="43.282212" lon="16.621553">
        <ele>743.839032</ele>
        <time>2026-08-04T15:04:21.506Z</time>
      </trkpt>
      <trkpt lat="43.282360" lon="16.621271">
        <ele>742.851020</ele>
        <time>2026-08-04T15:04:25.807Z</time>
      </trkpt>
      <trkpt lat="43.283236" lon="16.620311">
        <ele>737.428413</ele>
        <time>2026-08-04T15:04:42.358Z</time>
      </trkpt>
      <trkpt lat="43.283580" lon="16.620054">
        <ele>735.055939</ele>
        <time>2026-08-04T15:04:47.219Z</time>
      </trkpt>
      <trkpt lat="43.284155" lon="16.619711">
        <ele>731.257924</ele>
        <time>2026-08-04T15:04:55.015Z</time>
      </trkpt>
      <trkpt lat="43.284336" lon="16.619565">
        <ele>729.986227</ele>
        <time>2026-08-04T15:04:57.635Z</time>
      </trkpt>
      <trkpt lat="43.284573" lon="16.619333">
        <ele>728.309470</ele>
        <time>2026-08-04T15:05:01.293Z</time>
      </trkpt>
      <trkpt lat="43.284973" lon="16.618869">
        <ele>725.356127</ele>
        <time>2026-08-04T15:05:07.979Z</time>
      </trkpt>
      <trkpt lat="43.285186" lon="16.618715">
        <ele>723.998303</ele>
        <time>2026-08-04T15:05:11.131Z</time>
      </trkpt>
      <trkpt lat="43.285411" lon="16.618603">
        <ele>722.648284</ele>
        <time>2026-08-04T15:05:14.312Z</time>
      </trkpt>
      <trkpt lat="43.285823" lon="16.618509">
        <ele>720.292293</ele>
        <time>2026-08-04T15:05:19.942Z</time>
      </trkpt>
      <trkpt lat="43.286548" lon="16.618398">
        <ele>716.992859</ele>
        <time>2026-08-04T15:05:30.022Z</time>
      </trkpt>
      <trkpt lat="43.286723" lon="16.618312">
        <ele>716.215592</ele>
        <time>2026-08-04T15:05:32.636Z</time>
      </trkpt>
      <trkpt lat="43.286966" lon="16.618080">
        <ele>714.978051</ele>
        <time>2026-08-04T15:05:36.830Z</time>
      </trkpt>
      <trkpt lat="43.287664" lon="16.617094">
        <ele>710.447326</ele>
        <time>2026-08-04T15:05:50.502Z</time>
      </trkpt>
      <trkpt lat="43.288141" lon="16.616252">
        <ele>706.102049</ele>
        <time>2026-08-04T15:06:00.733Z</time>
      </trkpt>
      <trkpt lat="43.288597" lon="16.615273">
        <ele>701.365857</ele>
        <time>2026-08-04T15:06:11.572Z</time>
      </trkpt>
      <trkpt lat="43.288638" lon="16.614975">
        <ele>700.121835</ele>
        <time>2026-08-04T15:06:14.391Z</time>
      </trkpt>
      <trkpt lat="43.288640" lon="16.614612">
        <ele>698.632788</ele>
        <time>2026-08-04T15:06:17.768Z</time>
      </trkpt>
      <trkpt lat="43.288591" lon="16.613454">
        <ele>693.874720</ele>
        <time>2026-08-04T15:06:28.776Z</time>
      </trkpt>
      <trkpt lat="43.288603" lon="16.613076">
        <ele>692.322712</ele>
        <time>2026-08-04T15:06:32.458Z</time>
      </trkpt>
      <trkpt lat="43.288702" lon="16.612837">
        <ele>691.341555</ele>
        <time>2026-08-04T15:06:35.165Z</time>
      </trkpt>
      <trkpt lat="43.288865" lon="16.612588">
        <ele>690.453811</ele>
        <time>2026-08-04T15:06:38.507Z</time>
      </trkpt>
      <trkpt lat="43.289261" lon="16.612163">
        <ele>688.623740</ele>
        <time>2026-08-04T15:06:45.520Z</time>
      </trkpt>
      <trkpt lat="43.290314" lon="16.611227">
        <ele>684.147212</ele>
        <time>2026-08-04T15:07:03.605Z</time>
      </trkpt>
      <trkpt lat="43.290428" lon="16.611128">
        <ele>683.700619</ele>
        <time>2026-08-04T15:07:05.566Z</time>
      </trkpt>
      <trkpt lat="43.290621" lon="16.610838">
        <ele>682.753499</ele>
        <time>2026-08-04T15:07:09.723Z</time>
      </trkpt>
      <trkpt lat="43.290780" lon="16.610280">
        <ele>681.309162</ele>
        <time>2026-08-04T15:07:16.004Z</time>
      </trkpt>
      <trkpt lat="43.290921" lon="16.609608">
        <ele>679.623486</ele>
        <time>2026-08-04T15:07:23.225Z</time>
      </trkpt>
      <trkpt lat="43.291143" lon="16.609250">
        <ele>678.584942</ele>
        <time>2026-08-04T15:07:28.008Z</time>
      </trkpt>
      <trkpt lat="43.291569" lon="16.608860">
        <ele>677.152351</ele>
        <time>2026-08-04T15:07:35.188Z</time>
      </trkpt>
      <trkpt lat="43.292017" lon="16.608754">
        <ele>675.880174</ele>
        <time>2026-08-04T15:07:41.812Z</time>
      </trkpt>
      <trkpt lat="43.291903" lon="16.608428">
        <ele>675.143476</ele>
        <time>2026-08-04T15:07:48.889Z</time>
      </trkpt>
      <trkpt lat="43.291683" lon="16.608098">
        <ele>674.231949</ele>
        <time>2026-08-04T15:07:57.959Z</time>
      </trkpt>
      <trkpt lat="43.291530" lon="16.607741">
        <ele>673.610296</ele>
        <time>2026-08-04T15:08:06.600Z</time>
      </trkpt>
      <trkpt lat="43.290780" lon="16.607276">
        <ele>672.058054</ele>
        <time>2026-08-04T15:08:29.995Z</time>
      </trkpt>
      <trkpt lat="43.290592" lon="16.606881">
        <ele>671.410012</ele>
        <time>2026-08-04T15:08:39.340Z</time>
      </trkpt>
      <trkpt lat="43.290361" lon="16.606582">
        <ele>670.811296</ele>
        <time>2026-08-04T15:08:47.885Z</time>
      </trkpt>
      <trkpt lat="43.290051" lon="16.606347">
        <ele>669.937503</ele>
        <time>2026-08-04T15:08:57.249Z</time>
      </trkpt>
      <trkpt lat="43.290009" lon="16.606261">
        <ele>669.740421</ele>
        <time>2026-08-04T15:08:59.211Z</time>
      </trkpt>
      <trkpt lat="43.289863" lon="16.605956">
        <ele>669.045742</ele>
        <time>2026-08-04T15:09:06.108Z</time>
      </trkpt>
      <trkpt lat="43.289739" lon="16.605844">
        <ele>668.657769</ele>
        <time>2026-08-04T15:09:09.988Z</time>
      </trkpt>
      <trkpt lat="43.289448" lon="16.605581">
        <ele>667.747113</ele>
        <time>2026-08-04T15:09:19.161Z</time>
      </trkpt>
      <trkpt lat="43.289341" lon="16.605252">
        <ele>667.061367</ele>
        <time>2026-08-04T15:09:26.236Z</time>
      </trkpt>
      <trkpt lat="43.289357" lon="16.604844">
        <ele>666.283809</ele>
        <time>2026-08-04T15:09:34.371Z</time>
      </trkpt>
      <trkpt lat="43.289230" lon="16.604391">
        <ele>665.104938</ele>
        <time>2026-08-04T15:09:43.840Z</time>
      </trkpt>
      <trkpt lat="43.289171" lon="16.603705">
        <ele>663.244738</ele>
        <time>2026-08-04T15:09:56.840Z</time>
      </trkpt>
      <trkpt lat="43.289219" lon="16.603211">
        <ele>661.902630</ele>
        <time>2026-08-04T15:10:05.974Z</time>
      </trkpt>
      <trkpt lat="43.289463" lon="16.602373">
        <ele>659.472112</ele>
        <time>2026-08-04T15:10:22.055Z</time>
      </trkpt>
      <trkpt lat="43.289527" lon="16.601759">
        <ele>657.351311</ele>
        <time>2026-08-04T15:10:32.950Z</time>
      </trkpt>
      <trkpt lat="43.289542" lon="16.601324">
        <ele>655.830676</ele>
        <time>2026-08-04T15:10:40.593Z</time>
      </trkpt>
      <trkpt lat="43.289684" lon="16.600871">
        <ele>654.108453</ele>
        <time>2026-08-04T15:10:49.298Z</time>
      </trkpt>
      <trkpt lat="43.289689" lon="16.600702">
        <ele>653.517853</ele>
        <time>2026-08-04T15:10:52.294Z</time>
      </trkpt>
      <trkpt lat="43.289621" lon="16.600216">
        <ele>651.789775</ele>
        <time>2026-08-04T15:11:01.094Z</time>
      </trkpt>
      <trkpt lat="43.289617" lon="16.600050">
        <ele>651.209820</ele>
        <time>2026-08-04T15:11:04.037Z</time>
      </trkpt>
      <trkpt lat="43.289687" lon="16.599753">
        <ele>649.991647</ele>
        <time>2026-08-04T15:11:09.560Z</time>
      </trkpt>
      <trkpt lat="43.289728" lon="16.599229">
        <ele>647.739492</ele>
        <time>2026-08-04T15:11:18.730Z</time>
      </trkpt>
      <trkpt lat="43.290033" lon="16.598819">
        <ele>645.234276</ele>
        <time>2026-08-04T15:11:28.732Z</time>
      </trkpt>
      <trkpt lat="43.290099" lon="16.598654">
        <ele>644.429719</ele>
        <time>2026-08-04T15:11:31.908Z</time>
      </trkpt>
      <trkpt lat="43.290085" lon="16.598450">
        <ele>643.554088</ele>
        <time>2026-08-04T15:11:35.331Z</time>
      </trkpt>
      <trkpt lat="43.289990" lon="16.598182">
        <ele>642.280239</ele>
        <time>2026-08-04T15:11:40.331Z</time>
      </trkpt>
      <trkpt lat="43.289862" lon="16.597685">
        <ele>640.049351</ele>
        <time>2026-08-04T15:11:49.137Z</time>
      </trkpt>
      <trkpt lat="43.289874" lon="16.597484">
        <ele>639.367984</ele>
        <time>2026-08-04T15:11:52.513Z</time>
      </trkpt>
      <trkpt lat="43.289823" lon="16.597244">
        <ele>638.523287</ele>
        <time>2026-08-04T15:11:56.721Z</time>
      </trkpt>
      <trkpt lat="43.289717" lon="16.597093">
        <ele>637.814535</ele>
        <time>2026-08-04T15:12:00.272Z</time>
      </trkpt>
      <trkpt lat="43.289460" lon="16.596244">
        <ele>634.707990</ele>
        <time>2026-08-04T15:12:16.414Z</time>
      </trkpt>
      <trkpt lat="43.289389" lon="16.596106">
        <ele>634.137041</ele>
        <time>2026-08-04T15:12:19.506Z</time>
      </trkpt>
      <trkpt lat="43.289128" lon="16.595944">
        <ele>632.807698</ele>
        <time>2026-08-04T15:12:26.888Z</time>
      </trkpt>
      <trkpt lat="43.288998" lon="16.595821">
        <ele>632.075042</ele>
        <time>2026-08-04T15:12:31.060Z</time>
      </trkpt>
      <trkpt lat="43.288883" lon="16.595627">
        <ele>631.522631</ele>
        <time>2026-08-04T15:12:35.936Z</time>
      </trkpt>
      <trkpt lat="43.288735" lon="16.595308">
        <ele>630.919960</ele>
        <time>2026-08-04T15:12:43.404Z</time>
      </trkpt>
      <trkpt lat="43.288693" lon="16.594928">
        <ele>630.307620</ele>
        <time>2026-08-04T15:12:51.122Z</time>
      </trkpt>
      <trkpt lat="43.288876" lon="16.594467">
        <ele>629.471059</ele>
        <time>2026-08-04T15:13:01.735Z</time>
      </trkpt>
      <trkpt lat="43.288952" lon="16.594105">
        <ele>628.870828</ele>
        <time>2026-08-04T15:13:09.311Z</time>
      </trkpt>
      <trkpt lat="43.288993" lon="16.593085">
        <ele>627.166950</ele>
        <time>2026-08-04T15:13:29.498Z</time>
      </trkpt>
      <trkpt lat="43.289056" lon="16.592978">
        <ele>626.919967</ele>
        <time>2026-08-04T15:13:32.189Z</time>
      </trkpt>
      <trkpt lat="43.289234" lon="16.592881">
        <ele>626.447845</ele>
        <time>2026-08-04T15:13:37.287Z</time>
      </trkpt>
      <trkpt lat="43.289533" lon="16.592264">
        <ele>625.117612</ele>
        <time>2026-08-04T15:13:51.630Z</time>
      </trkpt>
      <trkpt lat="43.289771" lon="16.591105">
        <ele>622.993197</ele>
        <time>2026-08-04T15:14:14.843Z</time>
      </trkpt>
      <trkpt lat="43.290017" lon="16.590325">
        <ele>621.590474</ele>
        <time>2026-08-04T15:14:31.378Z</time>
      </trkpt>
      <trkpt lat="43.290091" lon="16.590153">
        <ele>621.260781</ele>
        <time>2026-08-04T15:14:35.316Z</time>
      </trkpt>
      <trkpt lat="43.290250" lon="16.589980">
        <ele>620.800978</ele>
        <time>2026-08-04T15:14:40.802Z</time>
      </trkpt>
      <trkpt lat="43.290366" lon="16.589709">
        <ele>620.282205</ele>
        <time>2026-08-04T15:14:47.055Z</time>
      </trkpt>
      <trkpt lat="43.290507" lon="16.589155">
        <ele>619.325260</ele>
        <time>2026-08-04T15:14:58.771Z</time>
      </trkpt>
      <trkpt lat="43.290702" lon="16.588760">
        <ele>618.958648</ele>
        <time>2026-08-04T15:15:08.393Z</time>
      </trkpt>
      <trkpt lat="43.290701" lon="16.588614">
        <ele>618.846496</ele>
        <time>2026-08-04T15:15:11.373Z</time>
      </trkpt>
      <trkpt lat="43.290653" lon="16.588495">
        <ele>618.741992</ele>
        <time>2026-08-04T15:15:14.188Z</time>
      </trkpt>
      <trkpt lat="43.290357" lon="16.588222">
        <ele>618.365765</ele>
        <time>2026-08-04T15:15:24.481Z</time>
      </trkpt>
      <trkpt lat="43.290331" lon="16.588057">
        <ele>618.236088</ele>
        <time>2026-08-04T15:15:28.093Z</time>
      </trkpt>
      <trkpt lat="43.290325" lon="16.587816">
        <ele>618.050859</ele>
        <time>2026-08-04T15:15:33.290Z</time>
      </trkpt>
      <trkpt lat="43.290396" lon="16.587381">
        <ele>617.708424</ele>
        <time>2026-08-04T15:15:43.071Z</time>
      </trkpt>
      <trkpt lat="43.290557" lon="16.587192">
        <ele>617.484945</ele>
        <time>2026-08-04T15:15:49.613Z</time>
      </trkpt>
      <trkpt lat="43.290776" lon="16.587226">
        <ele>617.424916</ele>
        <time>2026-08-04T15:15:56.477Z</time>
      </trkpt>
      <trkpt lat="43.291007" lon="16.587164">
        <ele>617.408439</ele>
        <time>2026-08-04T15:16:03.885Z</time>
      </trkpt>
      <trkpt lat="43.291306" lon="16.587010">
        <ele>617.386084</ele>
        <time>2026-08-04T15:16:13.993Z</time>
      </trkpt>
      <trkpt lat="43.291520" lon="16.586935">
        <ele>617.370622</ele>
        <time>2026-08-04T15:16:20.960Z</time>
      </trkpt>
      <trkpt lat="43.291682" lon="16.586779">
        <ele>617.356772</ele>
        <time>2026-08-04T15:16:27.144Z</time>
      </trkpt>
      <trkpt lat="43.291960" lon="16.586699">
        <ele>617.336888</ele>
        <time>2026-08-04T15:16:36.034Z</time>
      </trkpt>
      <trkpt lat="43.292205" lon="16.586717">
        <ele>617.319711</ele>
        <time>2026-08-04T15:16:43.817Z</time>
      </trkpt>
      <trkpt lat="43.292412" lon="16.586664">
        <ele>617.371005</ele>
        <time>2026-08-04T15:16:50.678Z</time>
      </trkpt>
      <trkpt lat="43.292580" lon="16.586530">
        <ele>617.500247</ele>
        <time>2026-08-04T15:16:57.164Z</time>
      </trkpt>
      <trkpt lat="43.292736" lon="16.586486">
        <ele>617.606199</ele>
        <time>2026-08-04T15:17:02.590Z</time>
      </trkpt>
      <trkpt lat="43.293075" lon="16.586622">
        <ele>617.841157</ele>
        <time>2026-08-04T15:17:15.012Z</time>
      </trkpt>
      <trkpt lat="43.293386" lon="16.586873">
        <ele>618.081126</ele>
        <time>2026-08-04T15:17:28.101Z</time>
      </trkpt>
      <trkpt lat="43.293565" lon="16.586938">
        <ele>618.204305</ele>
        <time>2026-08-04T15:17:34.950Z</time>
      </trkpt>
      <trkpt lat="43.293718" lon="16.586930">
        <ele>618.306171</ele>
        <time>2026-08-04T15:17:40.620Z</time>
      </trkpt>
      <trkpt lat="43.293863" lon="16.586809">
        <ele>618.419040</ele>
        <time>2026-08-04T15:17:46.904Z</time>
      </trkpt>
      <trkpt lat="43.293990" lon="16.586798">
        <ele>618.503702</ele>
        <time>2026-08-04T15:17:51.605Z</time>
      </trkpt>
      <trkpt lat="43.295417" lon="16.587125">
        <ele>619.321612</ele>
        <time>2026-08-04T15:18:42.002Z</time>
      </trkpt>
      <trkpt lat="43.296002" lon="16.587301">
        <ele>619.501347</ele>
        <time>2026-08-04T15:19:01.730Z</time>
      </trkpt>
      <trkpt lat="43.296551" lon="16.587326">
        <ele>619.449644</ele>
        <time>2026-08-04T15:19:19.751Z</time>
      </trkpt>
      <trkpt lat="43.296953" lon="16.587477">
        <ele>619.410417</ele>
        <time>2026-08-04T15:19:33.088Z</time>
      </trkpt>
      <trkpt lat="43.297099" lon="16.587879">
        <ele>619.379640</ele>
        <time>2026-08-04T15:19:43.136Z</time>
      </trkpt>
      <trkpt lat="43.297483" lon="16.588205">
        <ele>619.366246</ele>
        <time>2026-08-04T15:19:56.660Z</time>
      </trkpt>
      <trkpt lat="43.297849" lon="16.588256">
        <ele>619.389040</ele>
        <time>2026-08-04T15:20:07.563Z</time>
      </trkpt>
      <trkpt lat="43.298087" lon="16.588180">
        <ele>619.404180</ele>
        <time>2026-08-04T15:20:14.808Z</time>
      </trkpt>
      <trkpt lat="43.298380" lon="16.588231">
        <ele>619.422480</ele>
        <time>2026-08-04T15:20:23.565Z</time>
      </trkpt>
      <trkpt lat="43.298819" lon="16.588683">
        <ele>619.456470</ele>
        <time>2026-08-04T15:20:41.276Z</time>
      </trkpt>
      <trkpt lat="43.299349" lon="16.589127">
        <ele>621.401712</ele>
        <time>2026-08-04T15:21:08.459Z</time>
      </trkpt>
      <trkpt lat="43.299308" lon="16.589495">
        <ele>622.530427</ele>
        <time>2026-08-04T15:21:22.812Z</time>
      </trkpt>
      <trkpt lat="43.299400" lon="16.589763">
        <ele>623.428814</ele>
        <time>2026-08-04T15:21:35.131Z</time>
      </trkpt>
      <trkpt lat="43.299311" lon="16.591427">
        <ele>627.548906</ele>
        <time>2026-08-04T15:22:48.726Z</time>
      </trkpt>
      <trkpt lat="43.299182" lon="16.592316">
        <ele>628.609607</ele>
        <time>2026-08-04T15:23:17.679Z</time>
      </trkpt>
      <trkpt lat="43.299286" lon="16.592493">
        <ele>628.875789</ele>
        <time>2026-08-04T15:23:23.423Z</time>
      </trkpt>
      <trkpt lat="43.299733" lon="16.592537">
        <ele>629.596306</ele>
        <time>2026-08-04T15:23:36.938Z</time>
      </trkpt>
      <trkpt lat="43.299969" lon="16.592684">
        <ele>629.263776</ele>
        <time>2026-08-04T15:23:44.075Z</time>
      </trkpt>
      <trkpt lat="43.300053" lon="16.592614">
        <ele>628.691491</ele>
        <time>2026-08-04T15:23:46.654Z</time>
      </trkpt>
      <trkpt lat="43.300307" lon="16.593222">
        <ele>625.719387</ele>
        <time>2026-08-04T15:23:59.238Z</time>
      </trkpt>
      <trkpt lat="43.300501" lon="16.593257">
        <ele>624.579576</ele>
        <time>2026-08-04T15:24:03.889Z</time>
      </trkpt>
      <trkpt lat="43.300799" lon="16.593133">
        <ele>622.765779</ele>
        <time>2026-08-04T15:24:11.122Z</time>
      </trkpt>
      <trkpt lat="43.301466" lon="16.593525">
        <ele>617.948466</ele>
        <time>2026-08-04T15:24:27.126Z</time>
      </trkpt>
      <trkpt lat="43.301541" lon="16.593666">
        <ele>616.682699</ele>
        <time>2026-08-04T15:24:29.827Z</time>
      </trkpt>
      <trkpt lat="43.301573" lon="16.593883">
        <ele>615.078016</ele>
        <time>2026-08-04T15:24:33.230Z</time>
      </trkpt>
      <trkpt lat="43.301696" lon="16.593888">
        <ele>613.852548</ele>
        <time>2026-08-04T15:24:35.797Z</time>
      </trkpt>
      <trkpt lat="43.301899" lon="16.593984">
        <ele>611.714534</ele>
        <time>2026-08-04T15:24:40.294Z</time>
      </trkpt>
      <trkpt lat="43.302069" lon="16.594106">
        <ele>609.804550</ele>
        <time>2026-08-04T15:24:44.322Z</time>
      </trkpt>
      <trkpt lat="43.302429" lon="16.594511">
        <ele>605.171086</ele>
        <time>2026-08-04T15:24:54.198Z</time>
      </trkpt>
      <trkpt lat="43.302565" lon="16.594591">
        <ele>603.697806</ele>
        <time>2026-08-04T15:24:57.381Z</time>
      </trkpt>
      <trkpt lat="43.302803" lon="16.594625">
        <ele>601.396337</ele>
        <time>2026-08-04T15:25:02.582Z</time>
      </trkpt>
      <trkpt lat="43.303063" lon="16.594686">
        <ele>600.235572</ele>
        <time>2026-08-04T15:25:08.449Z</time>
      </trkpt>
      <trkpt lat="43.303216" lon="16.594822">
        <ele>599.433655</ele>
        <time>2026-08-04T15:25:12.629Z</time>
      </trkpt>
      <trkpt lat="43.303719" lon="16.595549">
        <ele>596.221031</ele>
        <time>2026-08-04T15:25:30.722Z</time>
      </trkpt>
      <trkpt lat="43.303888" lon="16.595738">
        <ele>595.262118</ele>
        <time>2026-08-04T15:25:36.663Z</time>
      </trkpt>
      <trkpt lat="43.303910" lon="16.595924">
        <ele>594.658622</ele>
        <time>2026-08-04T15:25:40.484Z</time>
      </trkpt>
      <trkpt lat="43.304250" lon="16.596568">
        <ele>593.659617</ele>
        <time>2026-08-04T15:25:57.324Z</time>
      </trkpt>
      <trkpt lat="43.304458" lon="16.596586">
        <ele>593.732623</ele>
        <time>2026-08-04T15:26:03.836Z</time>
      </trkpt>
      <trkpt lat="43.304551" lon="16.596632">
        <ele>593.767247</ele>
        <time>2026-08-04T15:26:07.065Z</time>
      </trkpt>
      <trkpt lat="43.304620" lon="16.596940">
        <ele>593.849398</ele>
        <time>2026-08-04T15:26:15.148Z</time>
      </trkpt>
      <trkpt lat="43.304660" lon="16.597009">
        <ele>593.871886</ele>
        <time>2026-08-04T15:26:17.462Z</time>
      </trkpt>
      <trkpt lat="43.304897" lon="16.597241">
        <ele>593.973818</ele>
        <time>2026-08-04T15:26:28.117Z</time>
      </trkpt>
      <trkpt lat="43.304969" lon="16.597493">
        <ele>594.042831</ele>
        <time>2026-08-04T15:26:35.476Z</time>
      </trkpt>
      <trkpt lat="43.305108" lon="16.597783">
        <ele>594.131351</ele>
        <time>2026-08-04T15:26:45.019Z</time>
      </trkpt>
      <trkpt lat="43.305135" lon="16.598001">
        <ele>594.178358</ele>
        <time>2026-08-04T15:26:51.392Z</time>
      </trkpt>
      <trkpt lat="43.305087" lon="16.598277">
        <ele>594.195422</ele>
        <time>2026-08-04T15:26:59.926Z</time>
      </trkpt>
      <trkpt lat="43.305006" lon="16.598313">
        <ele>594.202456</ele>
        <time>2026-08-04T15:27:02.285Z</time>
      </trkpt>
      <trkpt lat="43.304971" lon="16.598417">
        <ele>594.209347</ele>
        <time>2026-08-04T15:27:04.574Z</time>
      </trkpt>
      <trkpt lat="43.304971" lon="16.598535">
        <ele>594.216442</ele>
        <time>2026-08-04T15:27:06.821Z</time>
      </trkpt>
      <trkpt lat="43.305031" lon="16.599080">
        <ele>594.249587</ele>
        <time>2026-08-04T15:27:16.716Z</time>
      </trkpt>
      <trkpt lat="43.305100" lon="16.599479">
        <ele>594.274248</ele>
        <time>2026-08-04T15:27:23.238Z</time>
      </trkpt>
      <trkpt lat="43.305158" lon="16.599558">
        <ele>594.280996</ele>
        <time>2026-08-04T15:27:24.888Z</time>
      </trkpt>
      <trkpt lat="43.305490" lon="16.599506">
        <ele>594.308607</ele>
        <time>2026-08-04T15:27:30.804Z</time>
      </trkpt>
      <trkpt lat="43.305728" lon="16.599500">
        <ele>594.168298</ele>
        <time>2026-08-04T15:27:34.826Z</time>
      </trkpt>
      <trkpt lat="43.305867" lon="16.599577">
        <ele>593.707243</ele>
        <time>2026-08-04T15:27:37.257Z</time>
      </trkpt>
      <trkpt lat="43.306094" lon="16.599256">
        <ele>592.705201</ele>
        <time>2026-08-04T15:27:42.000Z</time>
      </trkpt>
      <trkpt lat="43.306485" lon="16.598825">
        <ele>591.163171</ele>
        <time>2026-08-04T15:27:48.994Z</time>
      </trkpt>
      <trkpt lat="43.306964" lon="16.598371">
        <ele>589.373080</ele>
        <time>2026-08-04T15:27:57.137Z</time>
      </trkpt>
      <trkpt lat="43.307482" lon="16.597956">
        <ele>588.076671</ele>
        <time>2026-08-04T15:28:05.819Z</time>
      </trkpt>
      <trkpt lat="43.307752" lon="16.597819">
        <ele>587.575764</ele>
        <time>2026-08-04T15:28:10.221Z</time>
      </trkpt>
      <trkpt lat="43.308189" lon="16.597831">
        <ele>586.815071</ele>
        <time>2026-08-04T15:28:17.236Z</time>
      </trkpt>
      <trkpt lat="43.308455" lon="16.597765">
        <ele>586.344648</ele>
        <time>2026-08-04T15:28:21.791Z</time>
      </trkpt>
      <trkpt lat="43.309587" lon="16.597036">
        <ele>585.423318</ele>
        <time>2026-08-04T15:28:44.241Z</time>
      </trkpt>
      <trkpt lat="43.311578" lon="16.594897">
        <ele>584.928595</ele>
        <time>2026-08-04T15:29:32.244Z</time>
      </trkpt>
      <trkpt lat="43.312394" lon="16.594492">
        <ele>583.012225</ele>
        <time>2026-08-04T15:29:47.855Z</time>
      </trkpt>
      <trkpt lat="43.313392" lon="16.594043">
        <ele>579.987870</ele>
        <time>2026-08-04T15:30:02.829Z</time>
      </trkpt>
      <trkpt lat="43.313507" lon="16.594003">
        <ele>579.545889</ele>
        <time>2026-08-04T15:30:04.350Z</time>
      </trkpt>
      <trkpt lat="43.314189" lon="16.593764">
        <ele>574.644450</ele>
        <time>2026-08-04T15:30:13.090Z</time>
      </trkpt>
      <trkpt lat="43.314482" lon="16.593575">
        <ele>572.390426</ele>
        <time>2026-08-04T15:30:17.074Z</time>
      </trkpt>
      <trkpt lat="43.314832" lon="16.593266">
        <ele>569.493458</ele>
        <time>2026-08-04T15:30:22.238Z</time>
      </trkpt>
      <trkpt lat="43.315036" lon="16.593040">
        <ele>567.668730</ele>
        <time>2026-08-04T15:30:25.548Z</time>
      </trkpt>
      <trkpt lat="43.315594" lon="16.592356">
        <ele>564.375667</ele>
        <time>2026-08-04T15:30:35.288Z</time>
      </trkpt>
      <trkpt lat="43.315724" lon="16.592218">
        <ele>563.694670</ele>
        <time>2026-08-04T15:30:37.582Z</time>
      </trkpt>
      <trkpt lat="43.315928" lon="16.592060">
        <ele>562.723877</ele>
        <time>2026-08-04T15:30:40.912Z</time>
      </trkpt>
      <trkpt lat="43.316298" lon="16.591857">
        <ele>561.072215</ele>
        <time>2026-08-04T15:30:46.696Z</time>
      </trkpt>
      <trkpt lat="43.316401" lon="16.591801">
        <ele>560.612998</ele>
        <time>2026-08-04T15:30:48.315Z</time>
      </trkpt>
      <trkpt lat="43.317028" lon="16.591579">
        <ele>558.893074</ele>
        <time>2026-08-04T15:30:58.280Z</time>
      </trkpt>
      <trkpt lat="43.317269" lon="16.591339">
        <ele>558.318238</ele>
        <time>2026-08-04T15:31:06.988Z</time>
      </trkpt>
      <trkpt lat="43.317373" lon="16.591187">
        <ele>558.025017</ele>
        <time>2026-08-04T15:31:11.569Z</time>
      </trkpt>
      <trkpt lat="43.317720" lon="16.590791">
        <ele>557.153868</ele>
        <time>2026-08-04T15:31:24.855Z</time>
      </trkpt>
      <trkpt lat="43.318176" lon="16.590165">
        <ele>555.156001</ele>
        <time>2026-08-04T15:31:42.051Z</time>
      </trkpt>
      <trkpt lat="43.318453" lon="16.589742">
        <ele>552.641296</ele>
        <time>2026-08-04T15:31:52.134Z</time>
      </trkpt>
      <trkpt lat="43.318810" lon="16.589298">
        <ele>549.717253</ele>
        <time>2026-08-04T15:32:03.216Z</time>
      </trkpt>
      <trkpt lat="43.319227" lon="16.588559">
        <ele>545.584863</ele>
        <time>2026-08-04T15:32:18.321Z</time>
      </trkpt>
      <trkpt lat="43.319630" lon="16.587756">
        <ele>540.235987</ele>
        <time>2026-08-04T15:32:34.147Z</time>
      </trkpt>
      <trkpt lat="43.319976" lon="16.587178">
        <ele>536.083148</ele>
        <time>2026-08-04T15:32:46.414Z</time>
      </trkpt>
      <trkpt lat="43.319974" lon="16.586933">
        <ele>534.723761</ele>
        <time>2026-08-04T15:32:50.443Z</time>
      </trkpt>
      <trkpt lat="43.319915" lon="16.586819">
        <ele>533.947561</ele>
        <time>2026-08-04T15:32:52.744Z</time>
      </trkpt>
      <trkpt lat="43.319588" lon="16.586502">
        <ele>530.849961</ele>
        <time>2026-08-04T15:33:01.819Z</time>
      </trkpt>
      <trkpt lat="43.319473" lon="16.586233">
        <ele>529.008735</ele>
        <time>2026-08-04T15:33:06.965Z</time>
      </trkpt>
      <trkpt lat="43.319404" lon="16.585869">
        <ele>526.788944</ele>
        <time>2026-08-04T15:33:13.092Z</time>
      </trkpt>
      <trkpt lat="43.319117" lon="16.584977">
        <ele>521.033178</ele>
        <time>2026-08-04T15:33:28.906Z</time>
      </trkpt>
      <trkpt lat="43.319080" lon="16.584744">
        <ele>519.625794</ele>
        <time>2026-08-04T15:33:32.767Z</time>
      </trkpt>
      <trkpt lat="43.319066" lon="16.584372">
        <ele>517.427560</ele>
        <time>2026-08-04T15:33:38.752Z</time>
      </trkpt>
      <trkpt lat="43.319104" lon="16.584115">
        <ele>515.742397</ele>
        <time>2026-08-04T15:33:42.914Z</time>
      </trkpt>
      <trkpt lat="43.319249" lon="16.583753">
        <ele>513.012314</ele>
        <time>2026-08-04T15:33:49.370Z</time>
      </trkpt>
      <trkpt lat="43.319361" lon="16.583559">
        <ele>511.376146</ele>
        <time>2026-08-04T15:33:53.152Z</time>
      </trkpt>
      <trkpt lat="43.319491" lon="16.583401">
        <ele>509.800347</ele>
        <time>2026-08-04T15:33:56.731Z</time>
      </trkpt>
      <trkpt lat="43.319632" lon="16.583320">
        <ele>508.412643</ele>
        <time>2026-08-04T15:33:59.878Z</time>
      </trkpt>
      <trkpt lat="43.320065" lon="16.583223">
        <ele>504.428833</ele>
        <time>2026-08-04T15:34:09.247Z</time>
      </trkpt>
      <trkpt lat="43.320568" lon="16.582992">
        <ele>500.498055</ele>
        <time>2026-08-04T15:34:21.637Z</time>
      </trkpt>
      <trkpt lat="43.320629" lon="16.582976">
        <ele>500.394255</ele>
        <time>2026-08-04T15:34:23.196Z</time>
      </trkpt>
      <trkpt lat="43.320729" lon="16.583004">
        <ele>500.223674</ele>
        <time>2026-08-04T15:34:25.730Z</time>
      </trkpt>
      <trkpt lat="43.320839" lon="16.583100">
        <ele>500.005881</ele>
        <time>2026-08-04T15:34:29.155Z</time>
      </trkpt>
      <trkpt lat="43.321090" lon="16.583507">
        <ele>499.357059</ele>
        <time>2026-08-04T15:34:40.640Z</time>
      </trkpt>
      <trkpt lat="43.321171" lon="16.583717">
        <ele>499.068021</ele>
        <time>2026-08-04T15:34:47.559Z</time>
      </trkpt>
      <trkpt lat="43.321279" lon="16.584909">
        <ele>497.291959</ele>
        <time>2026-08-04T15:35:20.991Z</time>
      </trkpt>
      <trkpt lat="43.321327" lon="16.585209">
        <ele>495.516092</ele>
        <time>2026-08-04T15:35:26.528Z</time>
      </trkpt>
      <trkpt lat="43.321425" lon="16.585314">
        <ele>494.528669</ele>
        <time>2026-08-04T15:35:29.449Z</time>
      </trkpt>
      <trkpt lat="43.321557" lon="16.585300">
        <ele>493.476582</ele>
        <time>2026-08-04T15:35:32.478Z</time>
      </trkpt>
      <trkpt lat="43.321629" lon="16.585208">
        <ele>492.695381</ele>
        <time>2026-08-04T15:35:34.664Z</time>
      </trkpt>
      <trkpt lat="43.321638" lon="16.584976">
        <ele>491.352200</ele>
        <time>2026-08-04T15:35:38.391Z</time>
      </trkpt>
      <trkpt lat="43.321709" lon="16.584510">
        <ele>488.599640</ele>
        <time>2026-08-04T15:35:45.787Z</time>
      </trkpt>
      <trkpt lat="43.322389" lon="16.583334">
        <ele>479.256531</ele>
        <time>2026-08-04T15:36:08.782Z</time>
      </trkpt>
      <trkpt lat="43.322643" lon="16.583048">
        <ele>476.154112</ele>
        <time>2026-08-04T15:36:15.822Z</time>
      </trkpt>
      <trkpt lat="43.323066" lon="16.582791">
        <ele>471.784256</ele>
        <time>2026-08-04T15:36:25.867Z</time>
      </trkpt>
      <trkpt lat="43.323692" lon="16.582269">
        <ele>465.260968</ele>
        <time>2026-08-04T15:36:42.120Z</time>
      </trkpt>
      <trkpt lat="43.324994" lon="16.580921">
        <ele>453.817053</ele>
        <time>2026-08-04T15:37:19.587Z</time>
      </trkpt>
      <trkpt lat="43.325263" lon="16.580847">
        <ele>451.900064</ele>
        <time>2026-08-04T15:37:25.845Z</time>
      </trkpt>
      <trkpt lat="43.325472" lon="16.580923">
        <ele>450.389537</ele>
        <time>2026-08-04T15:37:30.667Z</time>
      </trkpt>
      <trkpt lat="43.325644" lon="16.580885">
        <ele>449.172340</ele>
        <time>2026-08-04T15:37:34.530Z</time>
      </trkpt>
      <trkpt lat="43.325771" lon="16.580796">
        <ele>448.176326</ele>
        <time>2026-08-04T15:37:37.679Z</time>
      </trkpt>
      <trkpt lat="43.325949" lon="16.580604">
        <ele>446.595450</ele>
        <time>2026-08-04T15:37:42.736Z</time>
      </trkpt>
      <trkpt lat="43.326109" lon="16.580353">
        <ele>444.899160</ele>
        <time>2026-08-04T15:37:48.241Z</time>
      </trkpt>
      <trkpt lat="43.326188" lon="16.580208">
        <ele>443.978368</ele>
        <time>2026-08-04T15:37:51.251Z</time>
      </trkpt>
      <trkpt lat="43.326391" lon="16.579641">
        <ele>440.892091</ele>
        <time>2026-08-04T15:38:02.013Z</time>
      </trkpt>
      <trkpt lat="43.326591" lon="16.579494">
        <ele>439.759034</ele>
        <time>2026-08-04T15:38:07.327Z</time>
      </trkpt>
      <trkpt lat="43.326821" lon="16.579508">
        <ele>438.608832</ele>
        <time>2026-08-04T15:38:12.819Z</time>
      </trkpt>
      <trkpt lat="43.327024" lon="16.579603">
        <ele>437.537488</ele>
        <time>2026-08-04T15:38:18.196Z</time>
      </trkpt>
      <trkpt lat="43.327248" lon="16.579811">
        <ele>436.186996</ele>
        <time>2026-08-04T15:38:25.124Z</time>
      </trkpt>
      <trkpt lat="43.327459" lon="16.579945">
        <ele>435.025789</ele>
        <time>2026-08-04T15:38:31.101Z</time>
      </trkpt>
      <trkpt lat="43.327723" lon="16.580039">
        <ele>433.663324</ele>
        <time>2026-08-04T15:38:37.980Z</time>
      </trkpt>
      <trkpt lat="43.327975" lon="16.579845">
        <ele>432.218908</ele>
        <time>2026-08-04T15:38:44.798Z</time>
      </trkpt>
      <trkpt lat="43.328238" lon="16.579542">
        <ele>428.692851</ele>
        <time>2026-08-04T15:38:52.592Z</time>
      </trkpt>
      <trkpt lat="43.328558" lon="16.579276">
        <ele>424.850258</ele>
        <time>2026-08-04T15:39:00.780Z</time>
      </trkpt>
      <trkpt lat="43.328725" lon="16.579203">
        <ele>423.049568</ele>
        <time>2026-08-04T15:39:03.021Z</time>
      </trkpt>
      <trkpt lat="43.328933" lon="16.579061">
        <ele>420.663199</ele>
        <time>2026-08-04T15:39:05.933Z</time>
      </trkpt>
      <trkpt lat="43.329060" lon="16.579087">
        <ele>419.343807</ele>
        <time>2026-08-04T15:39:07.534Z</time>
      </trkpt>
      <trkpt lat="43.329477" lon="16.578905">
        <ele>414.848116</ele>
        <time>2026-08-04T15:39:12.918Z</time>
      </trkpt>
      <trkpt lat="43.329705" lon="16.578592">
        <ele>410.478955</ele>
        <time>2026-08-04T15:39:16.820Z</time>
      </trkpt>
      <trkpt lat="43.329937" lon="16.578410">
        <ele>406.415407</ele>
        <time>2026-08-04T15:39:20.030Z</time>
      </trkpt>
      <trkpt lat="43.330465" lon="16.577996">
        <ele>397.168481</ele>
        <time>2026-08-04T15:39:27.285Z</time>
      </trkpt>
      <trkpt lat="43.330897" lon="16.577460">
        <ele>388.315839</ele>
        <time>2026-08-04T15:39:34.278Z</time>
      </trkpt>
      <trkpt lat="43.330898" lon="16.577356">
        <ele>387.164902</ele>
        <time>2026-08-04T15:39:35.197Z</time>
      </trkpt>
      <trkpt lat="43.331070" lon="16.577429">
        <ele>385.062800</ele>
        <time>2026-08-04T15:39:37.386Z</time>
      </trkpt>
      <trkpt lat="43.331070" lon="16.577248">
        <ele>383.713172</ele>
        <time>2026-08-04T15:39:38.983Z</time>
      </trkpt>
      <trkpt lat="43.331114" lon="16.577026">
        <ele>381.997479</ele>
        <time>2026-08-04T15:39:41.036Z</time>
      </trkpt>
      <trkpt lat="43.331144" lon="16.576974">
        <ele>381.502592</ele>
        <time>2026-08-04T15:39:41.624Z</time>
      </trkpt>
      <trkpt lat="43.331251" lon="16.577081">
        <ele>380.146263</ele>
        <time>2026-08-04T15:39:43.250Z</time>
      </trkpt>
      <trkpt lat="43.331333" lon="16.577290">
        <ele>378.375617</ele>
        <time>2026-08-04T15:39:45.427Z</time>
      </trkpt>
      <trkpt lat="43.331422" lon="16.577507">
        <ele>376.518079</ele>
        <time>2026-08-04T15:39:47.760Z</time>
      </trkpt>
      <trkpt lat="43.331601" lon="16.577767">
        <ele>373.848741</ele>
        <time>2026-08-04T15:39:51.176Z</time>
      </trkpt>
      <trkpt lat="43.331705" lon="16.577760">
        <ele>372.781370</ele>
        <time>2026-08-04T15:39:52.523Z</time>
      </trkpt>
      <trkpt lat="43.331978" lon="16.577841">
        <ele>369.918443</ele>
        <time>2026-08-04T15:39:56.122Z</time>
      </trkpt>
      <trkpt lat="43.332095" lon="16.577904">
        <ele>368.630375</ele>
        <time>2026-08-04T15:39:57.779Z</time>
      </trkpt>
      <trkpt lat="43.332070" lon="16.578012">
        <ele>367.881268</ele>
        <time>2026-08-04T15:39:58.905Z</time>
      </trkpt>
      <trkpt lat="43.332096" lon="16.578035">
        <ele>367.761279</ele>
        <time>2026-08-04T15:39:59.324Z</time>
      </trkpt>
      <trkpt lat="43.332198" lon="16.578097">
        <ele>367.328453</ele>
        <time>2026-08-04T15:40:00.842Z</time>
      </trkpt>
      <trkpt lat="43.332308" lon="16.578092">
        <ele>366.901313</ele>
        <time>2026-08-04T15:40:02.361Z</time>
      </trkpt>
      <trkpt lat="43.332516" lon="16.578025">
        <ele>366.072210</ele>
        <time>2026-08-04T15:40:05.417Z</time>
      </trkpt>
      <trkpt lat="43.332630" lon="16.578032">
        <ele>365.629338</ele>
        <time>2026-08-04T15:40:07.024Z</time>
      </trkpt>
      <trkpt lat="43.332923" lon="16.578128">
        <ele>364.460367</ele>
        <time>2026-08-04T15:40:11.585Z</time>
      </trkpt>
      <trkpt lat="43.333015" lon="16.578366">
        <ele>363.699528</ele>
        <time>2026-08-04T15:40:14.831Z</time>
      </trkpt>
      <trkpt lat="43.333016" lon="16.578714">
        <ele>362.717140</ele>
        <time>2026-08-04T15:40:18.703Z</time>
      </trkpt>
      <trkpt lat="43.333071" lon="16.578842">
        <ele>362.297468</ele>
        <time>2026-08-04T15:40:20.365Z</time>
      </trkpt>
      <trkpt lat="43.333113" lon="16.578963">
        <ele>361.918994</ele>
        <time>2026-08-04T15:40:21.813Z</time>
      </trkpt>
      <trkpt lat="43.333146" lon="16.579272">
        <ele>361.037359</ele>
        <time>2026-08-04T15:40:25.324Z</time>
      </trkpt>
      <trkpt lat="43.333112" lon="16.580023">
        <ele>358.911364</ele>
        <time>2026-08-04T15:40:34.550Z</time>
      </trkpt>
      <trkpt lat="43.333131" lon="16.580212">
        <ele>358.372266</ele>
        <time>2026-08-04T15:40:36.552Z</time>
      </trkpt>
      <trkpt lat="43.333404" lon="16.581533">
        <ele>354.492043</ele>
        <time>2026-08-04T15:40:49.873Z</time>
      </trkpt>
      <trkpt lat="43.333472" lon="16.581827">
        <ele>353.635390</ele>
        <time>2026-08-04T15:40:52.789Z</time>
      </trkpt>
      <trkpt lat="43.333655" lon="16.582623">
        <ele>351.377335</ele>
        <time>2026-08-04T15:41:00.800Z</time>
      </trkpt>
      <trkpt lat="43.333886" lon="16.582953">
        <ele>350.138528</ele>
        <time>2026-08-04T15:41:05.276Z</time>
      </trkpt>
      <trkpt lat="43.334336" lon="16.583507">
        <ele>347.892257</ele>
        <time>2026-08-04T15:41:14.137Z</time>
      </trkpt>
      <trkpt lat="43.334512" lon="16.583935">
        <ele>347.310925</ele>
        <time>2026-08-04T15:41:20.323Z</time>
      </trkpt>
      <trkpt lat="43.334832" lon="16.585379">
        <ele>347.464435</ele>
        <time>2026-08-04T15:41:44.194Z</time>
      </trkpt>
      <trkpt lat="43.334920" lon="16.585800">
        <ele>347.508981</ele>
        <time>2026-08-04T15:41:51.823Z</time>
      </trkpt>
      <trkpt lat="43.335260" lon="16.586752">
        <ele>347.493039</ele>
        <time>2026-08-04T15:42:08.595Z</time>
      </trkpt>
      <trkpt lat="43.335541" lon="16.587361">
        <ele>347.455058</ele>
        <time>2026-08-04T15:42:18.410Z</time>
      </trkpt>
      <trkpt lat="43.335940" lon="16.588494">
        <ele>347.658646</ele>
        <time>2026-08-04T15:42:34.428Z</time>
      </trkpt>
      <trkpt lat="43.336090" lon="16.588777">
        <ele>347.945892</ele>
        <time>2026-08-04T15:42:39.068Z</time>
      </trkpt>
      <trkpt lat="43.336421" lon="16.589198">
        <ele>348.454438</ele>
        <time>2026-08-04T15:42:48.297Z</time>
      </trkpt>
      <trkpt lat="43.336508" lon="16.589499">
        <ele>348.720129</ele>
        <time>2026-08-04T15:42:54.152Z</time>
      </trkpt>
      <trkpt lat="43.336615" lon="16.590606">
        <ele>350.178464</ele>
        <time>2026-08-04T15:43:20.632Z</time>
      </trkpt>
      <trkpt lat="43.336659" lon="16.590796">
        <ele>350.779815</ele>
        <time>2026-08-04T15:43:26.207Z</time>
      </trkpt>
      <trkpt lat="43.336677" lon="16.590872">
        <ele>351.020864</ele>
        <time>2026-08-04T15:43:28.481Z</time>
      </trkpt>
      <trkpt lat="43.336891" lon="16.591312">
        <ele>352.617170</ele>
        <time>2026-08-04T15:43:44.092Z</time>
      </trkpt>
      <trkpt lat="43.337784" lon="16.593441">
        <ele>360.702183</ele>
        <time>2026-08-04T15:44:59.700Z</time>
      </trkpt>
      <trkpt lat="43.338101" lon="16.593920">
        <ele>363.074299</ele>
        <time>2026-08-04T15:45:21.867Z</time>
      </trkpt>
      <trkpt lat="43.338285" lon="16.594155">
        <ele>364.339048</ele>
        <time>2026-08-04T15:45:33.532Z</time>
      </trkpt>
      <trkpt lat="43.338456" lon="16.594295">
        <ele>365.341336</ele>
        <time>2026-08-04T15:45:42.602Z</time>
      </trkpt>
      <trkpt lat="43.338759" lon="16.594489">
        <ele>366.816667</ele>
        <time>2026-08-04T15:45:57.711Z</time>
      </trkpt>
      <trkpt lat="43.339017" lon="16.594601">
        <ele>367.915624</ele>
        <time>2026-08-04T15:46:09.608Z</time>
      </trkpt>
      <trkpt lat="43.339630" lon="16.594607">
        <ele>370.405617</ele>
        <time>2026-08-04T15:46:34.914Z</time>
      </trkpt>
      <trkpt lat="43.339871" lon="16.594685">
        <ele>371.411284</ele>
        <time>2026-08-04T15:46:43.807Z</time>
      </trkpt>
      <trkpt lat="43.340043" lon="16.594818">
        <ele>372.212830</ele>
        <time>2026-08-04T15:46:50.359Z</time>
      </trkpt>
      <trkpt lat="43.340315" lon="16.595087">
        <ele>373.536959</ele>
        <time>2026-08-04T15:47:01.377Z</time>
      </trkpt>
      <trkpt lat="43.340746" lon="16.595388">
        <ele>375.273386</ele>
        <time>2026-08-04T15:47:17.428Z</time>
      </trkpt>
      <trkpt lat="43.341866" lon="16.595938">
        <ele>379.545359</ele>
        <time>2026-08-04T15:48:01.730Z</time>
      </trkpt>
      <trkpt lat="43.342280" lon="16.596050">
        <ele>381.687466</ele>
        <time>2026-08-04T15:48:20.588Z</time>
      </trkpt>
      <trkpt lat="43.342899" lon="16.596019">
        <ele>384.949063</ele>
        <time>2026-08-04T15:48:50.297Z</time>
      </trkpt>
      <trkpt lat="43.343414" lon="16.595855">
        <ele>387.732645</ele>
        <time>2026-08-04T15:49:17.343Z</time>
      </trkpt>
      <trkpt lat="43.343901" lon="16.596050">
        <ele>389.410260</ele>
        <time>2026-08-04T15:49:39.609Z</time>
      </trkpt>
      <trkpt lat="43.344076" lon="16.596050">
        <ele>389.579151</ele>
        <time>2026-08-04T15:49:46.087Z</time>
      </trkpt>
      <trkpt lat="43.344456" lon="16.595927">
        <ele>389.955907</ele>
        <time>2026-08-04T15:49:58.555Z</time>
      </trkpt>
      <trkpt lat="43.344731" lon="16.595921">
        <ele>390.221339</ele>
        <time>2026-08-04T15:50:05.246Z</time>
      </trkpt>
      <trkpt lat="43.344881" lon="16.596024">
        <ele>390.383148</ele>
        <time>2026-08-04T15:50:08.543Z</time>
      </trkpt>
      <trkpt lat="43.345050" lon="16.596213">
        <ele>390.593379</ele>
        <time>2026-08-04T15:50:12.286Z</time>
      </trkpt>
      <trkpt lat="43.345162" lon="16.596479">
        <ele>390.809103</ele>
        <time>2026-08-04T15:50:15.743Z</time>
      </trkpt>
      <trkpt lat="43.345306" lon="16.596685">
        <ele>390.496782</ele>
        <time>2026-08-04T15:50:18.661Z</time>
      </trkpt>
      <trkpt lat="43.345992" lon="16.597166">
        <ele>386.830476</ele>
        <time>2026-08-04T15:50:28.950Z</time>
      </trkpt>
      <trkpt lat="43.346367" lon="16.597492">
        <ele>384.718140</ele>
        <time>2026-08-04T15:50:34.827Z</time>
      </trkpt>
      <trkpt lat="43.346660" lon="16.597595">
        <ele>383.278237</ele>
        <time>2026-08-04T15:50:38.831Z</time>
      </trkpt>
      <trkpt lat="43.346829" lon="16.597604">
        <ele>382.472987</ele>
        <time>2026-08-04T15:50:41.066Z</time>
      </trkpt>
      <trkpt lat="43.347203" lon="16.597544">
        <ele>379.853490</ele>
        <time>2026-08-04T15:50:45.981Z</time>
      </trkpt>
      <trkpt lat="43.347890" lon="16.597269">
        <ele>374.769580</ele>
        <time>2026-08-04T15:50:55.168Z</time>
      </trkpt>
      <trkpt lat="43.348578" lon="16.596868">
        <ele>369.412290</ele>
        <time>2026-08-04T15:51:04.361Z</time>
      </trkpt>
      <trkpt lat="43.348728" lon="16.596747">
        <ele>367.681001</ele>
        <time>2026-08-04T15:51:06.435Z</time>
      </trkpt>
      <trkpt lat="43.349102" lon="16.596395">
        <ele>363.169107</ele>
        <time>2026-08-04T15:51:11.833Z</time>
      </trkpt>
      <trkpt lat="43.349358" lon="16.595990">
        <ele>359.284278</ele>
        <time>2026-08-04T15:51:16.512Z</time>
      </trkpt>
      <trkpt lat="43.349446" lon="16.595976">
        <ele>358.402352</ele>
        <time>2026-08-04T15:51:17.573Z</time>
      </trkpt>
      <trkpt lat="43.349492" lon="16.596012">
        <ele>357.875434</ele>
        <time>2026-08-04T15:51:18.213Z</time>
      </trkpt>
      <trkpt lat="43.349519" lon="16.596076">
        <ele>357.339784</ele>
        <time>2026-08-04T15:51:18.848Z</time>
      </trkpt>
      <trkpt lat="43.349506" lon="16.596299">
        <ele>355.720212</ele>
        <time>2026-08-04T15:51:20.805Z</time>
      </trkpt>
      <trkpt lat="43.349406" lon="16.596728">
        <ele>352.458833</ele>
        <time>2026-08-04T15:51:24.729Z</time>
      </trkpt>
      <trkpt lat="43.349288" lon="16.597621">
        <ele>344.011327</ele>
        <time>2026-08-04T15:51:32.502Z</time>
      </trkpt>
      <trkpt lat="43.349169" lon="16.598908">
        <ele>331.572117</ele>
        <time>2026-08-04T15:51:43.329Z</time>
      </trkpt>
      <trkpt lat="43.349157" lon="16.599260">
        <ele>328.193403</ele>
        <time>2026-08-04T15:51:46.225Z</time>
      </trkpt>
      <trkpt lat="43.349182" lon="16.599518">
        <ele>325.531486</ele>
        <time>2026-08-04T15:51:48.360Z</time>
      </trkpt>
      <trkpt lat="43.349263" lon="16.599604">
        <ele>324.082903</ele>
        <time>2026-08-04T15:51:49.517Z</time>
      </trkpt>
      <trkpt lat="43.349762" lon="16.599689">
        <ele>316.965265</ele>
        <time>2026-08-04T15:51:55.221Z</time>
      </trkpt>
      <trkpt lat="43.350293" lon="16.599955">
        <ele>308.965455</ele>
        <time>2026-08-04T15:52:01.669Z</time>
      </trkpt>
      <trkpt lat="43.350549" lon="16.600178">
        <ele>304.675778</ele>
        <time>2026-08-04T15:52:05.179Z</time>
      </trkpt>
      <trkpt lat="43.350708" lon="16.600469">
        <ele>301.286123</ele>
        <time>2026-08-04T15:52:08.270Z</time>
      </trkpt>
      <trkpt lat="43.350817" lon="16.600676">
        <ele>299.254593</ele>
        <time>2026-08-04T15:52:10.450Z</time>
      </trkpt>
      <trkpt lat="43.350954" lon="16.600805">
        <ele>297.439590</ele>
        <time>2026-08-04T15:52:12.405Z</time>
      </trkpt>
      <trkpt lat="43.351260" lon="16.600951">
        <ele>293.898999</ele>
        <time>2026-08-04T15:52:16.233Z</time>
      </trkpt>
      <trkpt lat="43.352096" lon="16.601526">
        <ele>283.681182</ele>
        <time>2026-08-04T15:52:27.373Z</time>
      </trkpt>
      <trkpt lat="43.352265" lon="16.601569">
        <ele>281.840203</ele>
        <time>2026-08-04T15:52:29.405Z</time>
      </trkpt>
      <trkpt lat="43.352496" lon="16.601320">
        <ele>278.749156</ele>
        <time>2026-08-04T15:52:32.883Z</time>
      </trkpt>
      <trkpt lat="43.352658" lon="16.601243">
        <ele>276.944011</ele>
        <time>2026-08-04T15:52:34.920Z</time>
      </trkpt>
      <trkpt lat="43.352920" lon="16.601269">
        <ele>274.177556</ele>
        <time>2026-08-04T15:52:38.042Z</time>
      </trkpt>
      <trkpt lat="43.353344" lon="16.601450">
        <ele>269.501979</ele>
        <time>2026-08-04T15:52:43.318Z</time>
      </trkpt>
      <trkpt lat="43.353722" lon="16.601612">
        <ele>265.332212</ele>
        <time>2026-08-04T15:52:48.005Z</time>
      </trkpt>
      <trkpt lat="43.353863" lon="16.601672">
        <ele>263.802658</ele>
        <time>2026-08-04T15:52:49.746Z</time>
      </trkpt>
      <trkpt lat="43.354196" lon="16.601704">
        <ele>261.047796</ele>
        <time>2026-08-04T15:52:53.702Z</time>
      </trkpt>
      <trkpt lat="43.354318" lon="16.601785">
        <ele>259.929776</ele>
        <time>2026-08-04T15:52:55.319Z</time>
      </trkpt>
      <trkpt lat="43.354408" lon="16.602009">
        <ele>258.394049</ele>
        <time>2026-08-04T15:52:57.531Z</time>
      </trkpt>
      <trkpt lat="43.354439" lon="16.602082">
        <ele>257.886760</ele>
        <time>2026-08-04T15:52:58.264Z</time>
      </trkpt>
      <trkpt lat="43.354496" lon="16.602188">
        <ele>257.095636</ele>
        <time>2026-08-04T15:52:59.411Z</time>
      </trkpt>
      <trkpt lat="43.354855" lon="16.602685">
        <ele>252.891802</ele>
        <time>2026-08-04T15:53:05.633Z</time>
      </trkpt>
      <trkpt lat="43.355042" lon="16.602942">
        <ele>250.710068</ele>
        <time>2026-08-04T15:53:09.019Z</time>
      </trkpt>
      <trkpt lat="43.355241" lon="16.603081">
        <ele>249.003563</ele>
        <time>2026-08-04T15:53:11.995Z</time>
      </trkpt>
      <trkpt lat="43.355246" lon="16.603329">
        <ele>248.629856</ele>
        <time>2026-08-04T15:53:14.663Z</time>
      </trkpt>
      <trkpt lat="43.355363" lon="16.604384">
        <ele>247.022333</ele>
        <time>2026-08-04T15:53:27.747Z</time>
      </trkpt>
      <trkpt lat="43.355402" lon="16.604753">
        <ele>246.460668</ele>
        <time>2026-08-04T15:53:33.068Z</time>
      </trkpt>
      <trkpt lat="43.355416" lon="16.604890">
        <ele>246.252277</ele>
        <time>2026-08-04T15:53:35.032Z</time>
      </trkpt>
      <trkpt lat="43.355483" lon="16.605514">
        <ele>245.315391</ele>
        <time>2026-08-04T15:53:43.231Z</time>
      </trkpt>
      <trkpt lat="43.355611" lon="16.606691">
        <ele>244.669201</ele>
        <time>2026-08-04T15:53:57.815Z</time>
      </trkpt>
      <trkpt lat="43.355627" lon="16.606824">
        <ele>244.596004</ele>
        <time>2026-08-04T15:53:59.480Z</time>
      </trkpt>
      <trkpt lat="43.355961" lon="16.609698">
        <ele>244.128511</ele>
        <time>2026-08-04T15:54:43.242Z</time>
      </trkpt>
      <trkpt lat="43.355987" lon="16.610143">
        <ele>244.165931</ele>
        <time>2026-08-04T15:54:50.267Z</time>
      </trkpt>
      <trkpt lat="43.355999" lon="16.610367">
        <ele>244.184757</ele>
        <time>2026-08-04T15:54:53.758Z</time>
      </trkpt>
      <trkpt lat="43.355896" lon="16.610889">
        <ele>244.159833</ele>
        <time>2026-08-04T15:55:02.087Z</time>
      </trkpt>
      <trkpt lat="43.355999" lon="16.610367">
        <ele>244.131181</ele>
        <time>2026-08-04T15:55:09.815Z</time>
      </trkpt>
      <trkpt lat="43.355987" lon="16.610143">
        <ele>244.119284</ele>
        <time>2026-08-04T15:55:13.023Z</time>
      </trkpt>
      <trkpt lat="43.355961" lon="16.609698">
        <ele>244.095635</ele>
        <time>2026-08-04T15:55:19.328Z</time>
      </trkpt>
      <trkpt lat="43.355627" lon="16.606824">
        <ele>244.423132</ele>
        <time>2026-08-04T15:56:01.549Z</time>
      </trkpt>
      <trkpt lat="43.355611" lon="16.606691">
        <ele>244.446020</ele>
        <time>2026-08-04T15:56:04.260Z</time>
      </trkpt>
      <trkpt lat="43.355483" lon="16.605514">
        <ele>244.920760</ele>
        <time>2026-08-04T15:56:29.063Z</time>
      </trkpt>
      <trkpt lat="43.355416" lon="16.604890">
        <ele>245.197560</ele>
        <time>2026-08-04T15:56:40.643Z</time>
      </trkpt>
      <trkpt lat="43.355402" lon="16.604753">
        <ele>245.258270</ele>
        <time>2026-08-04T15:56:42.804Z</time>
      </trkpt>
      <trkpt lat="43.355363" lon="16.604384">
        <ele>245.421901</ele>
        <time>2026-08-04T15:56:48.246Z</time>
      </trkpt>
      <trkpt lat="43.355246" lon="16.603329">
        <ele>244.508776</ele>
        <time>2026-08-04T15:57:01.982Z</time>
      </trkpt>
      <trkpt lat="43.355241" lon="16.603081">
        <ele>244.160072</ele>
        <time>2026-08-04T15:57:05.125Z</time>
      </trkpt>
      <trkpt lat="43.355397" lon="16.603104">
        <ele>243.856792</ele>
        <time>2026-08-04T15:57:07.675Z</time>
      </trkpt>
      <trkpt lat="43.355901" lon="16.602837">
        <ele>242.812768</ele>
        <time>2026-08-04T15:57:16.097Z</time>
      </trkpt>
      <trkpt lat="43.356410" lon="16.602707">
        <ele>241.058251</ele>
        <time>2026-08-04T15:57:23.724Z</time>
      </trkpt>
      <trkpt lat="43.356792" lon="16.602957">
        <ele>237.979841</ele>
        <time>2026-08-04T15:57:29.334Z</time>
      </trkpt>
      <trkpt lat="43.356902" lon="16.603002">
        <ele>237.144731</ele>
        <time>2026-08-04T15:57:30.803Z</time>
      </trkpt>
      <trkpt lat="43.357102" lon="16.603002">
        <ele>235.689367</ele>
        <time>2026-08-04T15:57:33.311Z</time>
      </trkpt>
      <trkpt lat="43.357259" lon="16.603037">
        <ele>234.531996</ele>
        <time>2026-08-04T15:57:35.272Z</time>
      </trkpt>
      <trkpt lat="43.357489" lon="16.603105">
        <ele>232.820094</ele>
        <time>2026-08-04T15:57:38.121Z</time>
      </trkpt>
      <trkpt lat="43.357651" lon="16.603234">
        <ele>231.457923</ele>
        <time>2026-08-04T15:57:40.367Z</time>
      </trkpt>
      <trkpt lat="43.357869" lon="16.603509">
        <ele>229.305375</ele>
        <time>2026-08-04T15:57:43.898Z</time>
      </trkpt>
      <trkpt lat="43.358052" lon="16.603800">
        <ele>226.883075</ele>
        <time>2026-08-04T15:57:47.217Z</time>
      </trkpt>
      <trkpt lat="43.358300" lon="16.604230">
        <ele>223.328834</ele>
        <time>2026-08-04T15:57:51.954Z</time>
      </trkpt>
      <trkpt lat="43.358627" lon="16.605010">
        <ele>217.498293</ele>
        <time>2026-08-04T15:57:59.854Z</time>
      </trkpt>
      <trkpt lat="43.358805" lon="16.605663">
        <ele>212.982269</ele>
        <time>2026-08-04T15:58:06.189Z</time>
      </trkpt>
      <trkpt lat="43.359012" lon="16.605984">
        <ele>211.494995</ele>
        <time>2026-08-04T15:58:10.208Z</time>
      </trkpt>
      <trkpt lat="43.359198" lon="16.606139">
        <ele>210.459996</ele>
        <time>2026-08-04T15:58:13.063Z</time>
      </trkpt>
      <trkpt lat="43.359492" lon="16.606316">
        <ele>208.932643</ele>
        <time>2026-08-04T15:58:17.367Z</time>
      </trkpt>
      <trkpt lat="43.359872" lon="16.606491">
        <ele>207.025494</ele>
        <time>2026-08-04T15:58:22.903Z</time>
      </trkpt>
      <trkpt lat="43.360211" lon="16.606615">
        <ele>205.356073</ele>
        <time>2026-08-04T15:58:27.914Z</time>
      </trkpt>
      <trkpt lat="43.360674" lon="16.606725">
        <ele>203.060133</ele>
        <time>2026-08-04T15:58:34.682Z</time>
      </trkpt>
      <trkpt lat="43.360892" lon="16.606689">
        <ele>201.966977</ele>
        <time>2026-08-04T15:58:40.203Z</time>
      </trkpt>
      <trkpt lat="43.361190" lon="16.606703">
        <ele>200.482452</ele>
        <time>2026-08-04T15:58:47.637Z</time>
      </trkpt>
      <trkpt lat="43.361525" lon="16.606599">
        <ele>198.772623</ele>
        <time>2026-08-04T15:58:56.042Z</time>
      </trkpt>
      <trkpt lat="43.361481" lon="16.606946">
        <ele>197.497622</ele>
        <time>2026-08-04T15:59:02.119Z</time>
      </trkpt>
      <trkpt lat="43.361885" lon="16.607065">
        <ele>195.427844</ele>
        <time>2026-08-04T15:59:07.403Z</time>
      </trkpt>
      <trkpt lat="43.364668" lon="16.607815">
        <ele>173.587378</ele>
        <time>2026-08-04T15:59:42.276Z</time>
      </trkpt>
      <trkpt lat="43.364775" lon="16.607846">
        <ele>172.799280</ele>
        <time>2026-08-04T15:59:43.665Z</time>
      </trkpt>
      <trkpt lat="43.364982" lon="16.607847">
        <ele>171.307365</ele>
        <time>2026-08-04T15:59:46.307Z</time>
      </trkpt>
      <trkpt lat="43.365239" lon="16.607800">
        <ele>169.438796</ele>
        <time>2026-08-04T15:59:49.642Z</time>
      </trkpt>
      <trkpt lat="43.365432" lon="16.607706">
        <ele>168.020309</ele>
        <time>2026-08-04T15:59:52.318Z</time>
      </trkpt>
      <trkpt lat="43.365646" lon="16.607521">
        <ele>166.820605</ele>
        <time>2026-08-04T15:59:55.682Z</time>
      </trkpt>
      <trkpt lat="43.365782" lon="16.607380">
        <ele>166.012253</ele>
        <time>2026-08-04T15:59:57.993Z</time>
      </trkpt>
      <trkpt lat="43.365834" lon="16.607183">
        <ele>165.289050</ele>
        <time>2026-08-04T16:00:00.095Z</time>
      </trkpt>
      <trkpt lat="43.365847" lon="16.606940">
        <ele>164.448273</ele>
        <time>2026-08-04T16:00:02.546Z</time>
      </trkpt>
      <trkpt lat="43.365833" lon="16.606804">
        <ele>163.974302</ele>
        <time>2026-08-04T16:00:03.928Z</time>
      </trkpt>
      <trkpt lat="43.365545" lon="16.605560">
        <ele>159.410295</ele>
        <time>2026-08-04T16:00:16.838Z</time>
      </trkpt>
      <trkpt lat="43.365526" lon="16.605114">
        <ele>157.135126</ele>
        <time>2026-08-04T16:00:21.171Z</time>
      </trkpt>
      <trkpt lat="43.365588" lon="16.604796">
        <ele>155.458472</ele>
        <time>2026-08-04T16:00:24.290Z</time>
      </trkpt>
      <trkpt lat="43.365857" lon="16.604359">
        <ele>152.542432</ele>
        <time>2026-08-04T16:00:29.585Z</time>
      </trkpt>
      <trkpt lat="43.367876" lon="16.601757">
        <ele>130.337164</ele>
        <time>2026-08-04T16:01:03.329Z</time>
      </trkpt>
      <trkpt lat="43.368253" lon="16.601200">
        <ele>126.581552</ele>
        <time>2026-08-04T16:01:10.242Z</time>
      </trkpt>
      <trkpt lat="43.368953" lon="16.600377">
        <ele>120.330660</ele>
        <time>2026-08-04T16:01:22.099Z</time>
      </trkpt>
      <trkpt lat="43.369114" lon="16.600153">
        <ele>118.827537</ele>
        <time>2026-08-04T16:01:25.118Z</time>
      </trkpt>
      <trkpt lat="43.369482" lon="16.599827">
        <ele>116.135883</ele>
        <time>2026-08-04T16:01:30.876Z</time>
      </trkpt>
      <trkpt lat="43.369925" lon="16.599552">
        <ele>113.147133</ele>
        <time>2026-08-04T16:01:37.217Z</time>
      </trkpt>
      <trkpt lat="43.371451" lon="16.598915">
        <ele>101.690809</ele>
        <time>2026-08-04T16:01:57.426Z</time>
      </trkpt>
      <trkpt lat="43.371713" lon="16.598754">
        <ele>99.334580</ele>
        <time>2026-08-04T16:02:00.952Z</time>
      </trkpt>
      <trkpt lat="43.372764" lon="16.597964">
        <ele>88.513256</ele>
        <time>2026-08-04T16:02:15.336Z</time>
      </trkpt>
      <trkpt lat="43.373132" lon="16.597741">
        <ele>84.394788</ele>
        <time>2026-08-04T16:02:20.089Z</time>
      </trkpt>
      <trkpt lat="43.373363" lon="16.597689">
        <ele>81.997443</ele>
        <time>2026-08-04T16:02:22.851Z</time>
      </trkpt>
      <trkpt lat="43.373392" lon="16.597690">
        <ele>81.700335</ele>
        <time>2026-08-04T16:02:23.198Z</time>
      </trkpt>
      <trkpt lat="43.373593" lon="16.597698">
        <ele>79.640850</ele>
        <time>2026-08-04T16:02:25.584Z</time>
      </trkpt>
      <trkpt lat="43.373799" lon="16.597792">
        <ele>77.417986</ele>
        <time>2026-08-04T16:02:28.164Z</time>
      </trkpt>
      <trkpt lat="43.373993" lon="16.597947">
        <ele>75.120281</ele>
        <time>2026-08-04T16:02:30.831Z</time>
      </trkpt>
      <trkpt lat="43.374141" lon="16.598144">
        <ele>73.430461</ele>
        <time>2026-08-04T16:02:33.296Z</time>
      </trkpt>
      <trkpt lat="43.374188" lon="16.598223">
        <ele>72.825231</ele>
        <time>2026-08-04T16:02:34.198Z</time>
      </trkpt>
      <trkpt lat="43.374317" lon="16.598445">
        <ele>71.140235</ele>
        <time>2026-08-04T16:02:36.683Z</time>
      </trkpt>
      <trkpt lat="43.374511" lon="16.598977">
        <ele>67.611609</ele>
        <time>2026-08-04T16:02:41.949Z</time>
      </trkpt>
      <trkpt lat="43.374797" lon="16.600385">
        <ele>59.508983</ele>
        <time>2026-08-04T16:02:55.291Z</time>
      </trkpt>
      <trkpt lat="43.374916" lon="16.600771">
        <ele>57.987124</ele>
        <time>2026-08-04T16:02:59.342Z</time>
      </trkpt>
      <trkpt lat="43.375017" lon="16.600949">
        <ele>57.167499</ele>
        <time>2026-08-04T16:03:01.582Z</time>
      </trkpt>
      <trkpt lat="43.375122" lon="16.601165">
        <ele>56.224326</ele>
        <time>2026-08-04T16:03:04.356Z</time>
      </trkpt>
      <trkpt lat="43.375236" lon="16.601213">
        <ele>55.629001</ele>
        <time>2026-08-04T16:03:06.135Z</time>
      </trkpt>
      <trkpt lat="43.375328" lon="16.601332">
        <ele>54.998435</ele>
        <time>2026-08-04T16:03:08.016Z</time>
      </trkpt>
      <trkpt lat="43.375510" lon="16.601372">
        <ele>54.078090</ele>
        <time>2026-08-04T16:03:10.743Z</time>
      </trkpt>
      <trkpt lat="43.375862" lon="16.601742">
        <ele>51.866051</ele>
        <time>2026-08-04T16:03:17.191Z</time>
      </trkpt>
      <trkpt lat="43.375986" lon="16.601801">
        <ele>51.160103</ele>
        <time>2026-08-04T16:03:19.078Z</time>
      </trkpt>
      <trkpt lat="43.376137" lon="16.601822">
        <ele>50.217154</ele>
        <time>2026-08-04T16:03:21.219Z</time>
      </trkpt>
      <trkpt lat="43.376292" lon="16.601748">
        <ele>49.197798</ele>
        <time>2026-08-04T16:03:23.518Z</time>
      </trkpt>
      <trkpt lat="43.376752" lon="16.601175">
        <ele>45.342400</ele>
        <time>2026-08-04T16:03:31.896Z</time>
      </trkpt>
      <trkpt lat="43.376857" lon="16.601128">
        <ele>44.656372</ele>
        <time>2026-08-04T16:03:33.370Z</time>
      </trkpt>
      <trkpt lat="43.376976" lon="16.601147">
        <ele>43.912059</ele>
        <time>2026-08-04T16:03:34.966Z</time>
      </trkpt>
      <trkpt lat="43.377061" lon="16.601256">
        <ele>43.190120</ele>
        <time>2026-08-04T16:03:36.527Z</time>
      </trkpt>
      <trkpt lat="43.376937" lon="16.600840">
        <ele>41.159652</ele>
        <time>2026-08-04T16:03:40.929Z</time>
      </trkpt>
      <trkpt lat="43.376775" lon="16.600520">
        <ele>39.241682</ele>
        <time>2026-08-04T16:03:44.815Z</time>
      </trkpt>
      <trkpt lat="43.376634" lon="16.600048">
        <ele>36.509334</ele>
        <time>2026-08-04T16:03:49.974Z</time>
      </trkpt>
      <trkpt lat="43.376610" lon="16.599875">
        <ele>35.566316</ele>
        <time>2026-08-04T16:03:51.766Z</time>
      </trkpt>
      <trkpt lat="43.376681" lon="16.599399">
        <ele>32.964553</ele>
        <time>2026-08-04T16:03:56.666Z</time>
      </trkpt>
      <trkpt lat="43.376708" lon="16.599046">
        <ele>31.064046</ele>
        <time>2026-08-04T16:04:00.147Z</time>
      </trkpt>
      <trkpt lat="43.376657" lon="16.598823">
        <ele>29.812326</ele>
        <time>2026-08-04T16:04:02.373Z</time>
      </trkpt>
      <trkpt lat="43.376709" lon="16.598355">
        <ele>27.277400</ele>
        <time>2026-08-04T16:04:06.798Z</time>
      </trkpt>
      <trkpt lat="43.376780" lon="16.598161">
        <ele>25.704775</ele>
        <time>2026-08-04T16:04:08.796Z</time>
      </trkpt>
      <trkpt lat="43.376734" lon="16.597930">
        <ele>23.825201</ele>
        <time>2026-08-04T16:04:10.957Z</time>
      </trkpt>
      <trkpt lat="43.376761" lon="16.597846">
        <ele>23.104432</ele>
        <time>2026-08-04T16:04:11.778Z</time>
      </trkpt>
      <trkpt lat="43.376867" lon="16.597809">
        <ele>21.923739</ele>
        <time>2026-08-04T16:04:13.128Z</time>
      </trkpt>
      <trkpt lat="43.376837" lon="16.597555">
        <ele>19.904332</ele>
        <time>2026-08-04T16:04:15.433Z</time>
      </trkpt>
      <trkpt lat="43.376846" lon="16.597108">
        <ele>16.395158</ele>
        <time>2026-08-04T16:04:19.416Z</time>
      </trkpt>
      <trkpt lat="43.376784" lon="16.596882">
        <ele>14.499505</ele>
        <time>2026-08-04T16:04:21.569Z</time>
      </trkpt>
      <trkpt lat="43.376870" lon="16.596926">
        <ele>13.508878</ele>
        <time>2026-08-04T16:04:22.696Z</time>
      </trkpt>
      <trkpt lat="43.377005" lon="16.597060">
        <ele>11.711606</ele>
        <time>2026-08-04T16:04:24.777Z</time>
      </trkpt>
      <trkpt lat="43.376997" lon="16.596843">
        <ele>10.006515</ele>
        <time>2026-08-04T16:04:26.663Z</time>
      </trkpt>
      <trkpt lat="43.377057" lon="16.596622">
        <ele>8.155192</ele>
        <time>2026-08-04T16:04:28.740Z</time>
      </trkpt>
      <trkpt lat="43.377182" lon="16.596460">
        <ele>7.225731</ele>
        <time>2026-08-04T16:04:30.871Z</time>
      </trkpt>
      <trkpt lat="43.377323" lon="16.596391">
        <ele>6.782688</ele>
        <time>2026-08-04T16:04:32.773Z</time>
      </trkpt>
      <trkpt lat="43.377471" lon="16.596394">
        <ele>6.344493</ele>
        <time>2026-08-04T16:04:34.689Z</time>
      </trkpt>
      <trkpt lat="43.377656" lon="16.596543">
        <ele>5.709865</ele>
        <time>2026-08-04T16:04:37.589Z</time>
      </trkpt>
      <trkpt lat="43.377998" lon="16.596926">
        <ele>4.404378</ele>
        <time>2026-08-04T16:04:44.388Z</time>
      </trkpt>
      <trkpt lat="43.378463" lon="16.597630">
        <ele>2.357476</ele>
        <time>2026-08-04T16:04:59.267Z</time>
      </trkpt>
      <trkpt lat="43.378726" lon="16.597822">
        <ele>2.604565</ele>
        <time>2026-08-04T16:05:06.036Z</time>
      </trkpt>
      <trkpt lat="43.379155" lon="16.598582">
        <ele>3.552224</ele>
        <time>2026-08-04T16:05:20.070Z</time>
      </trkpt>
      <trkpt lat="43.379510" lon="16.599047">
        <ele>4.216352</ele>
        <time>2026-08-04T16:05:33.280Z</time>
      </trkpt>
      <trkpt lat="43.379788" lon="16.599340">
        <ele>4.693115</ele>
        <time>2026-08-04T16:05:45.730Z</time>
      </trkpt>
      <trkpt lat="43.379970" lon="16.599472">
        <ele>5.150344</ele>
        <time>2026-08-04T16:05:53.335Z</time>
      </trkpt>
      <trkpt lat="43.380143" lon="16.599529">
        <ele>5.545685</ele>
        <time>2026-08-04T16:05:59.908Z</time>
      </trkpt>
      <trkpt lat="43.380208" lon="16.599512">
        <ele>5.692726</ele>
        <time>2026-08-04T16:06:02.366Z</time>
      </trkpt>
      <trkpt lat="43.380267" lon="16.599480">
        <ele>5.833667</ele>
        <time>2026-08-04T16:06:04.754Z</time>
      </trkpt>
      <trkpt lat="43.380408" lon="16.599275">
        <ele>6.289556</ele>
        <time>2026-08-04T16:06:12.525Z</time>
      </trkpt>
      <trkpt lat="43.380510" lon="16.598950">
        <ele>6.861362</ele>
        <time>2026-08-04T16:06:22.258Z</time>
      </trkpt>
      <trkpt lat="43.381338" lon="16.595017">
        <ele>9.798740</ele>
        <time>2026-08-04T16:07:31.654Z</time>
      </trkpt>
      <trkpt lat="43.381384" lon="16.594490">
        <ele>9.510953</ele>
        <time>2026-08-04T16:07:38.254Z</time>
      </trkpt>
      <trkpt lat="43.381380" lon="16.594258">
        <ele>9.385130</ele>
        <time>2026-08-04T16:07:41.121Z</time>
      </trkpt>
      <trkpt lat="43.381340" lon="16.593970">
        <ele>9.226154</ele>
        <time>2026-08-04T16:07:44.712Z</time>
      </trkpt>
      <trkpt lat="43.381286" lon="16.593773">
        <ele>9.111999</ele>
        <time>2026-08-04T16:07:47.237Z</time>
      </trkpt>
      <trkpt lat="43.380919" lon="16.593004">
        <ele>8.580013</ele>
        <time>2026-08-04T16:07:57.838Z</time>
      </trkpt>
      <trkpt lat="43.380882" lon="16.592880">
        <ele>8.485424</ele>
        <time>2026-08-04T16:07:59.382Z</time>
      </trkpt>
      <trkpt lat="43.380867" lon="16.592535">
        <ele>8.241534</ele>
        <time>2026-08-04T16:08:03.360Z</time>
      </trkpt>
      <trkpt lat="43.380932" lon="16.591856">
        <ele>7.758249</ele>
        <time>2026-08-04T16:08:11.456Z</time>
      </trkpt>
      <trkpt lat="43.380929" lon="16.591669">
        <ele>7.626257</ele>
        <time>2026-08-04T16:08:13.766Z</time>
      </trkpt>
      <trkpt lat="43.380892" lon="16.591543">
        <ele>7.530361</ele>
        <time>2026-08-04T16:08:15.467Z</time>
      </trkpt>
      <trkpt lat="43.380847" lon="16.591445">
        <ele>7.448560</ele>
        <time>2026-08-04T16:08:16.932Z</time>
      </trkpt>
      <trkpt lat="43.380755" lon="16.591345">
        <ele>7.334725</ele>
        <time>2026-08-04T16:08:18.998Z</time>
      </trkpt>
      <trkpt lat="43.380343" lon="16.591111">
        <ele>6.983088</ele>
        <time>2026-08-04T16:08:27.384Z</time>
      </trkpt>
      <trkpt lat="43.380257" lon="16.590974">
        <ele>6.993548</ele>
        <time>2026-08-04T16:08:30.194Z</time>
      </trkpt>
      <trkpt lat="43.380253" lon="16.590795">
        <ele>7.003895</ele>
        <time>2026-08-04T16:08:33.112Z</time>
      </trkpt>
      <trkpt lat="43.380293" lon="16.590636">
        <ele>7.013617</ele>
        <time>2026-08-04T16:08:35.939Z</time>
      </trkpt>
      <trkpt lat="43.380623" lon="16.589823">
        <ele>7.067421</ele>
        <time>2026-08-04T16:08:51.248Z</time>
      </trkpt>
      <trkpt lat="43.380700" lon="16.589534">
        <ele>7.085206</ele>
        <time>2026-08-04T16:08:55.574Z</time>
      </trkpt>
      <trkpt lat="43.380742" lon="16.589377">
        <ele>7.094873</ele>
        <time>2026-08-04T16:08:57.799Z</time>
      </trkpt>
      <trkpt lat="43.380769" lon="16.589156">
        <ele>7.107821</ele>
        <time>2026-08-04T16:09:00.668Z</time>
      </trkpt>
      <trkpt lat="43.380759" lon="16.588646">
        <ele>7.135140</ele>
        <time>2026-08-04T16:09:07.002Z</time>
      </trkpt>
      <trkpt lat="43.380727" lon="16.588403">
        <ele>7.147634</ele>
        <time>2026-08-04T16:09:10.011Z</time>
      </trkpt>
      <trkpt lat="43.380674" lon="16.588209">
        <ele>7.158119</ele>
        <time>2026-08-04T16:09:12.565Z</time>
      </trkpt>
      <trkpt lat="43.380467" lon="16.587919">
        <ele>7.178684</ele>
        <time>2026-08-04T16:09:17.675Z</time>
      </trkpt>
      <trkpt lat="43.380357" lon="16.587839">
        <ele>7.187345</ele>
        <time>2026-08-04T16:09:19.979Z</time>
      </trkpt>
      <trkpt lat="43.379822" lon="16.587742">
        <ele>7.224908</ele>
        <time>2026-08-04T16:09:31.401Z</time>
      </trkpt>
      <trkpt lat="43.379649" lon="16.587581">
        <ele>7.239446</ele>
        <time>2026-08-04T16:09:36.687Z</time>
      </trkpt>
      <trkpt lat="43.379610" lon="16.587491">
        <ele>7.244747</ele>
        <time>2026-08-04T16:09:38.818Z</time>
      </trkpt>
      <trkpt lat="43.379583" lon="16.587345">
        <ele>7.344709</ele>
        <time>2026-08-04T16:09:41.800Z</time>
      </trkpt>
      <trkpt lat="43.379622" lon="16.587086">
        <ele>7.529010</ele>
        <time>2026-08-04T16:09:47.488Z</time>
      </trkpt>
      <trkpt lat="43.379911" lon="16.586512">
        <ele>8.015555</ele>
        <time>2026-08-04T16:10:02.083Z</time>
      </trkpt>
      <trkpt lat="43.380037" lon="16.586198">
        <ele>8.265476</ele>
        <time>2026-08-04T16:10:09.271Z</time>
      </trkpt>
      <trkpt lat="43.380135" lon="16.585801">
        <ele>8.557619</ele>
        <time>2026-08-04T16:10:16.849Z</time>
      </trkpt>
      <trkpt lat="43.380578" lon="16.583355">
        <ele>7.362347</ele>
        <time>2026-08-04T16:10:48.748Z</time>
      </trkpt>
      <trkpt lat="43.380600" lon="16.583129">
        <ele>7.172448</ele>
        <time>2026-08-04T16:10:51.280Z</time>
      </trkpt>
      <trkpt lat="43.380581" lon="16.582686">
        <ele>6.687456</ele>
        <time>2026-08-04T16:10:56.104Z</time>
      </trkpt>
      <trkpt lat="43.380516" lon="16.582426">
        <ele>6.208219</ele>
        <time>2026-08-04T16:10:59.048Z</time>
      </trkpt>
      <trkpt lat="43.380106" lon="16.581159">
        <ele>3.790846</ele>
        <time>2026-08-04T16:11:13.673Z</time>
      </trkpt>
      <trkpt lat="43.379962" lon="16.580401">
        <ele>2.693428</ele>
        <time>2026-08-04T16:11:22.275Z</time>
      </trkpt>
      <trkpt lat="43.379962" lon="16.580208">
        <ele>2.888311</ele>
        <time>2026-08-04T16:11:24.513Z</time>
      </trkpt>
      <trkpt lat="43.380217" lon="16.578975">
        <ele>4.182763</ele>
        <time>2026-08-04T16:11:46.227Z</time>
      </trkpt>
      <trkpt lat="43.380336" lon="16.578675">
        <ele>4.527867</ele>
        <time>2026-08-04T16:11:54.870Z</time>
      </trkpt>
      <trkpt lat="43.380435" lon="16.578516">
        <ele>4.739275</ele>
        <time>2026-08-04T16:12:00.481Z</time>
      </trkpt>
      <trkpt lat="43.380797" lon="16.578183">
        <ele>5.904516</ele>
        <time>2026-08-04T16:12:17.896Z</time>
      </trkpt>
      <trkpt lat="43.381055" lon="16.577944">
        <ele>7.303657</ele>
        <time>2026-08-04T16:12:31.415Z</time>
      </trkpt>
      <trkpt lat="43.381167" lon="16.577803">
        <ele>7.986562</ele>
        <time>2026-08-04T16:12:38.220Z</time>
      </trkpt>
      <trkpt lat="43.381235" lon="16.577614">
        <ele>8.676062</ele>
        <time>2026-08-04T16:12:44.988Z</time>
      </trkpt>
      <trkpt lat="43.381262" lon="16.577406">
        <ele>9.366874</ele>
        <time>2026-08-04T16:12:51.552Z</time>
      </trkpt>
      <trkpt lat="43.381214" lon="16.576945">
        <ele>10.889490</ele>
        <time>2026-08-04T16:13:05.784Z</time>
      </trkpt>
      <trkpt lat="43.381093" lon="16.576673">
        <ele>11.932145</ele>
        <time>2026-08-04T16:13:15.657Z</time>
      </trkpt>
      <trkpt lat="43.380711" lon="16.575965">
        <ele>14.328852</ele>
        <time>2026-08-04T16:13:42.189Z</time>
      </trkpt>
      <trkpt lat="43.380535" lon="16.575650">
        <ele>15.240415</ele>
        <time>2026-08-04T16:13:53.847Z</time>
      </trkpt>
      <trkpt lat="43.380456" lon="16.575288">
        <ele>16.107574</ele>
        <time>2026-08-04T16:14:04.429Z</time>
      </trkpt>
      <trkpt lat="43.380443" lon="16.574280">
        <ele>18.420573</ele>
        <time>2026-08-04T16:14:29.510Z</time>
      </trkpt>
      <trkpt lat="43.380415" lon="16.572401">
        <ele>18.595460</ele>
        <time>2026-08-04T16:14:56.754Z</time>
      </trkpt>
      <trkpt lat="43.380389" lon="16.572027">
        <ele>18.535933</ele>
        <time>2026-08-04T16:15:01.113Z</time>
      </trkpt>
      <trkpt lat="43.380110" lon="16.570890">
        <ele>18.099003</ele>
        <time>2026-08-04T16:15:14.780Z</time>
      </trkpt>
      <trkpt lat="43.380110" lon="16.570564">
        <ele>17.945217</ele>
        <time>2026-08-04T16:15:18.563Z</time>
      </trkpt>
      <trkpt lat="43.380184" lon="16.570281">
        <ele>17.803339</ele>
        <time>2026-08-04T16:15:22.158Z</time>
      </trkpt>
      <trkpt lat="43.380309" lon="16.570032">
        <ele>17.660582</ele>
        <time>2026-08-04T16:15:25.987Z</time>
      </trkpt>
      <trkpt lat="43.380864" lon="16.569388">
        <ele>17.655344</ele>
        <time>2026-08-04T16:15:42.297Z</time>
      </trkpt>
      <trkpt lat="43.380995" lon="16.569139">
        <ele>18.103878</ele>
        <time>2026-08-04T16:15:48.644Z</time>
      </trkpt>
      <trkpt lat="43.381030" lon="16.568999">
        <ele>18.319910</ele>
        <time>2026-08-04T16:15:51.889Z</time>
      </trkpt>
      <trkpt lat="43.381075" lon="16.568812">
        <ele>18.607343</ele>
        <time>2026-08-04T16:15:56.337Z</time>
      </trkpt>
      <trkpt lat="43.381105" lon="16.568474">
        <ele>19.104207</ele>
        <time>2026-08-04T16:16:03.889Z</time>
      </trkpt>
      <trkpt lat="43.381037" lon="16.567328">
        <ele>20.781982</ele>
        <time>2026-08-04T16:16:30.306Z</time>
      </trkpt>
      <trkpt lat="43.380967" lon="16.566899">
        <ele>21.432030</ele>
        <time>2026-08-04T16:16:40.542Z</time>
      </trkpt>
      <trkpt lat="43.380686" lon="16.565635">
        <ele>23.392901</ele>
        <time>2026-08-04T16:17:08.823Z</time>
      </trkpt>
      <trkpt lat="43.380430" lon="16.564544">
        <ele>24.858150</ele>
        <time>2026-08-04T16:17:32.253Z</time>
      </trkpt>
      <trkpt lat="43.380184" lon="16.563432">
        <ele>25.783429</ele>
        <time>2026-08-04T16:17:54.225Z</time>
      </trkpt>
      <trkpt lat="43.380066" lon="16.562608">
        <ele>26.451969</ele>
        <time>2026-08-04T16:18:09.913Z</time>
      </trkpt>
      <trkpt lat="43.380021" lon="16.562125">
        <ele>25.705533</ele>
        <time>2026-08-04T16:18:16.804Z</time>
      </trkpt>
      <trkpt lat="43.380039" lon="16.561998">
        <ele>25.397509</ele>
        <time>2026-08-04T16:18:18.380Z</time>
      </trkpt>
      <trkpt lat="43.380089" lon="16.561806">
        <ele>24.911991</ele>
        <time>2026-08-04T16:18:20.762Z</time>
      </trkpt>
      <trkpt lat="43.380275" lon="16.561331">
        <ele>23.627566</ele>
        <time>2026-08-04T16:18:26.533Z</time>
      </trkpt>
      <trkpt lat="43.380347" lon="16.561256">
        <ele>23.331781</ele>
        <time>2026-08-04T16:18:27.784Z</time>
      </trkpt>
      <trkpt lat="43.380465" lon="16.561267">
        <ele>22.944407</ele>
        <time>2026-08-04T16:18:29.400Z</time>
      </trkpt>
      <trkpt lat="43.380563" lon="16.561176">
        <ele>22.557165</ele>
        <time>2026-08-04T16:18:30.993Z</time>
      </trkpt>
      <trkpt lat="43.380648" lon="16.561208">
        <ele>22.268529</ele>
        <time>2026-08-04T16:18:32.165Z</time>
      </trkpt>
      <trkpt lat="43.381103" lon="16.561497">
        <ele>20.598429</ele>
        <time>2026-08-04T16:18:38.684Z</time>
      </trkpt>
      <trkpt lat="43.381291" lon="16.561580">
        <ele>19.452269</ele>
        <time>2026-08-04T16:18:41.198Z</time>
      </trkpt>
      <trkpt lat="43.381630" lon="16.561663">
        <ele>17.453435</ele>
        <time>2026-08-04T16:18:45.541Z</time>
      </trkpt>
      <trkpt lat="43.382043" lon="16.561632">
        <ele>15.052375</ele>
        <time>2026-08-04T16:18:50.833Z</time>
      </trkpt>
      <trkpt lat="43.382341" lon="16.561546">
        <ele>13.284822</ele>
        <time>2026-08-04T16:18:54.798Z</time>
      </trkpt>
      <trkpt lat="43.382546" lon="16.561436">
        <ele>12.007489</ele>
        <time>2026-08-04T16:18:57.692Z</time>
      </trkpt>
      <trkpt lat="43.382648" lon="16.561357">
        <ele>11.328009</ele>
        <time>2026-08-04T16:18:59.244Z</time>
      </trkpt>
      <trkpt lat="43.382837" lon="16.561188">
        <ele>10.108917</ele>
        <time>2026-08-04T16:19:02.262Z</time>
      </trkpt>
      <trkpt lat="43.383233" lon="16.560678">
        <ele>8.343396</ele>
        <time>2026-08-04T16:19:09.715Z</time>
      </trkpt>
      <trkpt lat="43.383460" lon="16.560197">
        <ele>6.986670</ele>
        <time>2026-08-04T16:19:15.642Z</time>
      </trkpt>
      <trkpt lat="43.383617" lon="16.559864">
        <ele>6.047673</ele>
        <time>2026-08-04T16:19:19.868Z</time>
      </trkpt>
      <trkpt lat="43.383809" lon="16.559456">
        <ele>4.897830</ele>
        <time>2026-08-04T16:19:25.206Z</time>
      </trkpt>
      <trkpt lat="43.384050" lon="16.558938">
        <ele>3.972227</ele>
        <time>2026-08-04T16:19:32.269Z</time>
      </trkpt>
      <trkpt lat="43.384098" lon="16.558834">
        <ele>3.847466</ele>
        <time>2026-08-04T16:19:33.755Z</time>
      </trkpt>
      <trkpt lat="43.384194" lon="16.558613">
        <ele>3.586735</ele>
        <time>2026-08-04T16:19:36.869Z</time>
      </trkpt>
      <trkpt lat="43.384535" lon="16.557821">
        <ele>2.654517</ele>
        <time>2026-08-04T16:19:47.849Z</time>
      </trkpt>
      <trkpt lat="43.384677" lon="16.557550">
        <ele>2.316192</ele>
        <time>2026-08-04T16:19:51.752Z</time>
      </trkpt>
      <trkpt lat="43.385021" lon="16.556724">
        <ele>1.719140</ele>
        <time>2026-08-04T16:20:03.378Z</time>
      </trkpt>
      <trkpt lat="43.385191" lon="16.556226">
        <ele>1.562851</ele>
        <time>2026-08-04T16:20:10.572Z</time>
      </trkpt>
      <trkpt lat="43.385235" lon="16.556041">
        <ele>1.507558</ele>
        <time>2026-08-04T16:20:13.088Z</time>
      </trkpt>
      <trkpt lat="43.385323" lon="16.555660">
        <ele>1.393998</ele>
        <time>2026-08-04T16:20:18.296Z</time>
      </trkpt>
      <trkpt lat="43.385319" lon="16.555441">
        <ele>1.331770</ele>
        <time>2026-08-04T16:20:21.216Z</time>
      </trkpt>
      <trkpt lat="43.385258" lon="16.555271">
        <ele>1.277915</ele>
        <time>2026-08-04T16:20:23.799Z</time>
      </trkpt>
      <trkpt lat="43.385124" lon="16.555150">
        <ele>1.215269</ele>
        <time>2026-08-04T16:20:26.990Z</time>
      </trkpt>
      <trkpt lat="43.384684" lon="16.554749">
        <ele>1.161195</ele>
        <time>2026-08-04T16:21:03.705Z</time>
      </trkpt>
      <trkpt lat="43.384630" lon="16.554704">
        <ele>1.161521</ele>
        <time>2026-08-04T16:21:08.067Z</time>
      </trkpt>
      <trkpt lat="43.384307" lon="16.554435">
        <ele>1.163469</ele>
        <time>2026-08-04T16:21:34.343Z</time>
      </trkpt>
      <trkpt lat="43.384121" lon="16.554280">
        <ele>1.164591</ele>
        <time>2026-08-04T16:21:49.442Z</time>
      </trkpt>
      <trkpt lat="43.383818" lon="16.554028">
        <ele>1.166419</ele>
        <time>2026-08-04T16:22:14.044Z</time>
      </trkpt>
      <trkpt lat="43.383869" lon="16.553888">
        <ele>1.167006</ele>
        <time>2026-08-04T16:22:21.940Z</time>
      </trkpt>
      <trkpt lat="43.384037" lon="16.553393">
        <ele>1.227684</ele>
        <time>2026-08-04T16:22:49.562Z</time>
      </trkpt>
      <trkpt lat="43.384617" lon="16.553394">
        <ele>1.543384</ele>
        <time>2026-08-04T16:23:29.856Z</time>
      </trkpt>
      <trkpt lat="43.384619" lon="16.553335">
        <ele>1.566749</ele>
        <time>2026-08-04T16:23:32.803Z</time>
      </trkpt>
      <trkpt lat="43.384688" lon="16.552277">
        <ele>1.986957</ele>
        <time>2026-08-04T16:24:26.499Z</time>
      </trkpt>
      <trkpt lat="43.384758" lon="16.551322">
        <ele>2.657128</ele>
        <time>2026-08-04T16:25:14.943Z</time>
      </trkpt>
      <trkpt lat="43.384821" lon="16.551033">
        <ele>2.934690</ele>
        <time>2026-08-04T16:25:30.220Z</time>
      </trkpt>
      <trkpt lat="43.384838" lon="16.550979">
        <ele>2.988826</ele>
        <time>2026-08-04T16:25:33.188Z</time>
      </trkpt>
      <trkpt lat="43.384880" lon="16.550848">
        <ele>3.120543</ele>
        <time>2026-08-04T16:25:40.389Z</time>
      </trkpt>
      <trkpt lat="43.384988" lon="16.550512">
        <ele>3.458521</ele>
        <time>2026-08-04T16:25:58.975Z</time>
      </trkpt>
      <trkpt lat="43.385016" lon="16.550391">
        <ele>3.575338</ele>
        <time>2026-08-04T16:26:01.364Z</time>
      </trkpt>
      <trkpt lat="43.385042" lon="16.550161">
        <ele>3.789466</ele>
        <time>2026-08-04T16:26:05.730Z</time>
      </trkpt>
      <trkpt lat="43.385115" lon="16.549301">
        <ele>4.424240</ele>
        <time>2026-08-04T16:26:21.848Z</time>
      </trkpt>
      <trkpt lat="43.385218" lon="16.548586">
        <ele>4.424240</ele>
        <time>2026-08-04T16:26:35.302Z</time>
      </trkpt>
      <trkpt lat="43.385306" lon="16.547678">
        <ele>4.424240</ele>
        <time>2026-08-04T16:26:49.379Z</time>
      </trkpt>
      <trkpt lat="43.385278" lon="16.547548">
        <ele>4.424240</ele>
        <time>2026-08-04T16:26:51.266Z</time>
      </trkpt>
      <trkpt lat="43.385252" lon="16.547430">
        <ele>4.424240</ele>
        <time>2026-08-04T16:26:52.986Z</time>
      </trkpt>
    </trkseg>
  </trk>
</gpx>